rank,app_id,app_name,artist_name,url,artwork,date,country,feed,genre_id,genre_name
1,6761760135,Meowdoku!,Oakever Games,https://apps.apple.com/us/app/meowdoku/id6761760135?uo=2,https://is1-ssl.mzstatic.com/image/thumb/Purple221/v4/fc/fe/6d/fcfe6dcf-aa1d-ef3f-e01d-e5eac2d16178/AppIcon-0-0-1x_U007ephone-0-11-0-85-220.png/100x100bb.png,2026-06-30,us,topfree,7012,解谜
2,6752672568,Block Out! - Color Sort Puzzle,Grand Games A.Ş.,https://apps.apple.com/us/app/block-out-color-sort-puzzle/id6752672568?uo=2,https://is1-ssl.mzstatic.com/image/thumb/Purple211/v4/42/22/df/4222df44-fbaa-9fe1-f732-d1aec055395c/AppIcon-0-0-1x_U007emarketing-0-8-0-85-220.png/100x100bb.png,2026-06-30,us,topfree,7012,解谜
3,6499209744,Magic Sort!,Grand Games A.Ş.,https://apps.apple.com/us/app/magic-sort/id6499209744?uo=2,https://is1-ssl.mzstatic.com/image/thumb/Purple211/v4/61/df/dc/61dfdca9-6c81-db86-1756-5b63b642a0a8/AppIcon-0-0-1x_U007emarketing-0-8-0-85-220.png/100x100bb.png,2026-06-30,us,topfree,7012,解谜
4,6748397500,Arrows – Puzzle Escape,Lessmore GmbH,https://apps.apple.com/us/app/arrows-puzzle-escape/id6748397500?uo=2,https://is1-ssl.mzstatic.com/image/thumb/Purple221/v4/8d/12/50/8d12503f-10ab-e482-7ec1-5088c4af8cd8/AppIcon-0-0-1x_U007emarketing-0-8-0-85-220.png/100x100bb.png,2026-06-30,us,topfree,7012,解谜
5,6759763476,Bus Traffic Fever!,"GOODROID,Inc.",https://apps.apple.com/us/app/bus-traffic-fever/id6759763476?uo=2,https://is1-ssl.mzstatic.com/image/thumb/Purple211/v4/b0/85/8c/b0858cef-e647-671a-19e6-c0d17dd02d45/AppIcon-1x_U007emarketing-0-8-0-85-220-0.png/100x100bb.png,2026-06-30,us,topfree,7012,解谜
6,1617391485,Block Blast！,Hungry Studio,https://apps.apple.com/us/app/block-blast/id1617391485?uo=2,https://is1-ssl.mzstatic.com/image/thumb/Purple211/v4/3a/c3/b3/3ac3b3bb-a768-8bc1-b1b2-fcc291a55b43/AppIcon-0-0-1x_U007emarketing-0-11-0-sRGB-85-220.png/100x100bb.png,2026-06-30,us,topfree,7012,解谜
7,6758326278,Amaze GO!,Oakever Games,https://apps.apple.com/us/app/amaze-go/id6758326278?uo=2,https://is1-ssl.mzstatic.com/image/thumb/Purple221/v4/69/a2/57/69a25772-6707-b207-50a6-dbe244ea8442/AppIcon-0-0-1x_U007emarketing-0-8-0-85-220.png/100x100bb.png,2026-06-30,us,topfree,7012,解谜
8,6759081967,Jewel Coloring,Ta Ta Game Technology Limited,https://apps.apple.com/us/app/jewel-coloring/id6759081967?uo=2,https://is1-ssl.mzstatic.com/image/thumb/Purple211/v4/62/f1/cf/62f1cf1a-3f79-100e-3708-66b3fb582a17/AppIcon-0-0-1x_U007emarketing-0-8-0-85-220.png/100x100bb.png,2026-06-30,us,topfree,7012,解谜
9,6751056652,Pixel Flow!,Loom Games Oyun Yazilim ve Pazarlama Anonim Sirketi,https://apps.apple.com/us/app/pixel-flow/id6751056652?uo=2,https://is1-ssl.mzstatic.com/image/thumb/Purple221/v4/0a/a1/40/0aa140e6-9524-2453-a1f8-e75bbedc49c0/AppIcon-0-0-1x_U007emarketing-0-8-0-85-220.png/100x100bb.png,2026-06-30,us,topfree,7012,解谜
10,6754839783,Bubble Word Jam,Lion Studios Plus,https://apps.apple.com/us/app/bubble-word-jam/id6754839783?uo=2,https://is1-ssl.mzstatic.com/image/thumb/Purple221/v4/cf/a2/de/cfa2de64-164c-e3cf-1e2f-f2182d085439/AppIcon-0-0-1x_U007emarketing-0-8-0-85-220.png/100x100bb.png,2026-06-30,us,topfree,7012,解谜
11,6471045672,Tasty Travels: Merge Game,Century Games Pte. Ltd.,https://apps.apple.com/us/app/tasty-travels-merge-game/id6471045672?uo=2,https://is1-ssl.mzstatic.com/image/thumb/Purple221/v4/cc/cc/f2/ccccf200-20e5-c0fa-68fc-2ea32d90371c/AppIcon-0-0-1x_U007emarketing-0-8-0-85-220.png/100x100bb.png,2026-06-30,us,topfree,7012,解谜
12,1623318294,Gossip Harbor®: Merge & Story,Microfun Limited,https://apps.apple.com/us/app/gossip-harbor-merge-story/id1623318294?uo=2,https://is1-ssl.mzstatic.com/image/thumb/Purple221/v4/d5/d7/02/d5d702dd-af54-09a5-21d1-ed6db319d310/AppIcon-0-0-1x_U007emarketing-0-8-0-85-220.png/100x100bb.png,2026-06-30,us,topfree,7012,解谜
13,638689075,Township,Playrix,https://apps.apple.com/us/app/township/id638689075?uo=2,https://is1-ssl.mzstatic.com/image/thumb/Purple211/v4/f3/d3/ab/f3d3abe7-ac2f-d4a3-1683-0873d183913e/AppIcon-0-0-1x_U007emarketing-0-11-0-85-220.png/100x100bb.png,2026-06-30,us,topfree,7012,解谜
14,1606549505,Royal Kingdom,Dream Games,https://apps.apple.com/us/app/royal-kingdom/id1606549505?uo=2,https://is1-ssl.mzstatic.com/image/thumb/Purple211/v4/5c/c4/75/5cc4753e-cd56-1020-daa7-a09f15857a63/AppIcon-0-0-1x_U007emarketing-0-8-0-85-220.png/100x100bb.png,2026-06-30,us,topfree,7012,解谜
15,1482155847,Royal Match,Dream Games,https://apps.apple.com/us/app/royal-match/id1482155847?uo=2,https://is1-ssl.mzstatic.com/image/thumb/Purple221/v4/50/3d/ab/503dabf4-c381-e224-5630-5b031703c08d/AppIcon-0-0-1x_U007emarketing-0-8-0-85-220.png/100x100bb.png,2026-06-30,us,topfree,7012,解谜
16,6482849843,Goods Puzzle: Sort Challenge,ONESOFT GLOBAL PTE. LTD.,https://apps.apple.com/us/app/goods-puzzle-sort-challenge/id6482849843?uo=2,https://is1-ssl.mzstatic.com/image/thumb/Purple211/v4/f9/5d/0f/f95d0fc6-8a90-940b-1b2e-88d1ed027fb2/AppIcon-0-0-1x_U007emarketing-0-8-0-85-220.png/100x100bb.png,2026-06-30,us,topfree,7012,解谜
17,6504324020,Hexa Away,"GOODROID,Inc.",https://apps.apple.com/us/app/hexa-away/id6504324020?uo=2,https://is1-ssl.mzstatic.com/image/thumb/Purple221/v4/22/05/4c/22054cc3-b4cd-19ed-b14a-ad6292d0c0a1/AppIcon-1x_U007emarketing-0-8-0-85-220-0.png/100x100bb.png,2026-06-30,us,topfree,7012,解谜
18,6755183085,Yarn Loop: Knit Puzzle,Combo Games,https://apps.apple.com/us/app/yarn-loop-knit-puzzle/id6755183085?uo=2,https://is1-ssl.mzstatic.com/image/thumb/Purple211/v4/f0/0b/5d/f00b5df3-2e9a-ab21-64eb-de28c9776532/AppIcon-0-0-1x_U007emarketing-0-8-0-85-220.png/100x100bb.png,2026-06-30,us,topfree,7012,解谜
19,880047117,Angry Birds 2,Rovio Entertainment Oyj,https://apps.apple.com/us/app/angry-birds-2/id880047117?uo=2,https://is1-ssl.mzstatic.com/image/thumb/Purple221/v4/9e/4c/4c/9e4c4cd1-c2a6-b88c-9e76-e4d5cfb5fd3c/AppIcon-0-0-1x_U007emarketing-0-8-0-85-220.png/100x100bb.png,2026-06-30,us,topfree,7012,解谜
20,1193508329,Sudoku.com - Number Games,Easybrain Ltd,https://apps.apple.com/us/app/sudoku-com-number-games/id1193508329?uo=2,https://is1-ssl.mzstatic.com/image/thumb/Purple211/v4/a7/4e/e9/a74ee927-ad1d-0278-e1e2-7707aa271bb3/AppIcon-0-0-1x_U007emarketing-0-8-0-85-220.png/100x100bb.png,2026-06-30,us,topfree,7012,解谜
21,6743385713,Wool Crush™-Escape Traffic Jam,Astrasen Global,https://apps.apple.com/us/app/wool-crush-escape-traffic-jam/id6743385713?uo=2,https://is1-ssl.mzstatic.com/image/thumb/Purple211/v4/f9/f0/c6/f9f0c6ad-e8e1-1036-d889-e6212b48dda5/AppIcon-0-0-1x_U007epad-0-1-85-220.png/100x100bb.png,2026-06-30,us,topfree,7012,解谜
22,553834731,Candy Crush Saga,King,https://apps.apple.com/us/app/candy-crush-saga/id553834731?uo=2,https://is1-ssl.mzstatic.com/image/thumb/Purple211/v4/a1/c5/92/a1c59272-aace-ff82-0b16-ca93a87cb33c/AppIcon-0-0-1x_U007emarketing-0-8-0-85-220.png/100x100bb.png,2026-06-30,us,topfree,7012,解谜
23,1602508478,Word Search Explorer®,PlaySimple Games Pte Ltd,https://apps.apple.com/us/app/word-search-explorer/id1602508478?uo=2,https://is1-ssl.mzstatic.com/image/thumb/Purple211/v4/44/99/ae/4499aec6-4b2b-6cfb-5ed0-1328808dcfa5/AppIcon-0-0-1x_U007emarketing-0-8-0-85-220.png/100x100bb.png,2026-06-30,us,topfree,7012,解谜
24,6747492600,Mahjong Blast,Nebula Studio,https://apps.apple.com/us/app/mahjong-blast/id6747492600?uo=2,https://is1-ssl.mzstatic.com/image/thumb/Purple211/v4/76/f8/30/76f830da-dbfd-069b-58ac-9edaa7bd5122/AppIcon-0-0-1x_U007epad-0-11-0-85-220.png/100x100bb.png,2026-06-30,us,topfree,7012,解谜
25,6448104157,Offline Games - No Wifi Games,Moreno Maio,https://apps.apple.com/us/app/offline-games-no-wifi-games/id6448104157?uo=2,https://is1-ssl.mzstatic.com/image/thumb/Purple221/v4/57/ca/9f/57ca9f7d-dc49-7415-2370-99548f83969a/AppIcon-0-0-1x_U007emarketing-0-8-0-85-220.png/100x100bb.png,2026-06-30,us,topfree,7012,解谜
26,6757844491,Tricky Story 2: Brain Twist,Tang Thi Thuy,https://apps.apple.com/us/app/tricky-story-2-brain-twist/id6757844491?uo=2,https://is1-ssl.mzstatic.com/image/thumb/Purple221/v4/f2/8e/10/f28e10b1-c469-8428-ff89-f580a991498a/AppIcon-0-0-1x_U007emarketing-0-8-0-85-220.png/100x100bb.png,2026-06-30,us,topfree,7012,解谜
27,6758149135,Money Sort: Merge Puzzle,Loop Games Oyun Teknolojileri Anonim Sirketi,https://apps.apple.com/us/app/money-sort-merge-puzzle/id6758149135?uo=2,https://is1-ssl.mzstatic.com/image/thumb/Purple221/v4/6f/50/78/6f5078c5-7873-5061-2425-8aa139cefb37/AppIcon-0-0-1x_U007emarketing-0-8-0-85-220.png/100x100bb.png,2026-06-30,us,topfree,7012,解谜
28,6499209500,Tile Match Ultimate,Gimica GmbH,https://apps.apple.com/us/app/tile-match-ultimate/id6499209500?uo=2,https://is1-ssl.mzstatic.com/image/thumb/Purple221/v4/19/b2/d5/19b2d563-1ba0-22d6-e7d1-51ea6eb75fe1/AppIcon-0-0-1x_U007emarketing-0-8-0-85-220.png/100x100bb.png,2026-06-30,us,topfree,7012,解谜
29,1105855019,Gardenscapes,Playrix,https://apps.apple.com/us/app/gardenscapes/id1105855019?uo=2,https://is1-ssl.mzstatic.com/image/thumb/Purple211/v4/54/9f/3a/549f3a53-96e5-8dfa-8639-ca30bf676cee/AppIcon-0-0-1x_U007emarketing-0-8-0-85-220.png/100x100bb.png,2026-06-30,us,topfree,7012,解谜
30,6739069151,Crossword Go!,PlaySimple Games Pte Ltd,https://apps.apple.com/us/app/crossword-go/id6739069151?uo=2,https://is1-ssl.mzstatic.com/image/thumb/Purple211/v4/4b/d4/12/4bd4122f-a4b6-cfcc-15b0-293127666f3f/AppIcon-0-0-1x_U007emarketing-0-8-0-85-220.png/100x100bb.png,2026-06-30,us,topfree,7012,解谜
31,6754900673,Jigsawcard Solitaire Puzzle,Oakever Games,https://apps.apple.com/us/app/jigsawcard-solitaire-puzzle/id6754900673?uo=2,https://is1-ssl.mzstatic.com/image/thumb/Purple211/v4/54/43/08/54430824-cbb4-6f52-caa7-6d198ffcba23/AppIcon-0-0-1x_U007emarketing-0-8-0-85-220.png/100x100bb.png,2026-06-30,us,topfree,7012,解谜
32,1643509748,Merge Cooking®,Happibits,https://apps.apple.com/us/app/merge-cooking/id1643509748?uo=2,https://is1-ssl.mzstatic.com/image/thumb/Purple211/v4/3c/a6/cf/3ca6cfa1-757b-2632-12a1-652d5a949517/AppIcon-0-0-1x_U007emarketing-0-8-0-85-220.png/100x100bb.png,2026-06-30,us,topfree,7012,解谜
33,6504332779,Color Block Jam,Rollic Games,https://apps.apple.com/us/app/color-block-jam/id6504332779?uo=2,https://is1-ssl.mzstatic.com/image/thumb/Purple211/v4/8e/55/86/8e55860d-453a-1daa-04c3-4238a270aa2a/AppIcon-0-0-1x_U007emarketing-0-8-0-85-220.png/100x100bb.png,2026-06-30,us,topfree,7012,解谜
34,6762342518,Fluffy Drop,UniRise Studio,https://apps.apple.com/us/app/fluffy-drop/id6762342518?uo=2,https://is1-ssl.mzstatic.com/image/thumb/Purple221/v4/d9/50/ec/d950ecb9-b0a3-7541-a84d-e8a6c7f7d070/AppIcon-0-0-1x_U007emarketing-0-8-0-85-220.png/100x100bb.png,2026-06-30,us,topfree,7012,解谜
35,6449094229,Match Factory!,Peak Games,https://apps.apple.com/us/app/match-factory/id6449094229?uo=2,https://is1-ssl.mzstatic.com/image/thumb/Purple221/v4/30/65/44/3065447b-4674-7285-954a-4f5db9728e60/AppIcon-0-0-1x_U007emarketing-0-8-0-85-220.png/100x100bb.png,2026-06-30,us,topfree,7012,解谜
36,1475514684,Bubble Cash,Papaya Gaming,https://apps.apple.com/us/app/bubble-cash/id1475514684?uo=2,https://is1-ssl.mzstatic.com/image/thumb/Purple221/v4/6d/38/a0/6d38a03b-52c4-0e9c-6bae-4b013d102642/AppIcon-0-0-1x_U007emarketing-0-8-0-85-220.png/100x100bb.png,2026-06-30,us,topfree,7012,解谜
37,6767091927,Jigsaw Drop: Solitaire Puzzle,Runyou Game,https://apps.apple.com/us/app/jigsaw-drop-solitaire-puzzle/id6767091927?uo=2,https://is1-ssl.mzstatic.com/image/thumb/Purple221/v4/fe/be/7e/febe7e6a-641c-0304-c363-140ee89d3450/AppIcon-0-0-1x_U007emarketing-0-8-0-85-220.png/100x100bb.png,2026-06-30,us,topfree,7012,解谜
38,6769314786,Food Hunt: Pixel Puzzle,FUNFINITY PTE. LTD,https://apps.apple.com/us/app/food-hunt-pixel-puzzle/id6769314786?uo=2,https://is1-ssl.mzstatic.com/image/thumb/Purple221/v4/07/fc/04/07fc0446-3dd4-3de9-cd3f-63b120f4f9de/AppIcon-0-0-1x_U007emarketing-0-8-0-85-220.png/100x100bb.png,2026-06-30,us,topfree,7012,解谜
39,6747875092,Yarn Fever! Unravel Puzzle,Brave HK Limited,https://apps.apple.com/us/app/yarn-fever-unravel-puzzle/id6747875092?uo=2,https://is1-ssl.mzstatic.com/image/thumb/Purple221/v4/d2/26/ce/d226ce9a-5247-ea1c-46f7-18647ad76f6f/AppIcon-0-0-1x_U007emarketing-0-8-0-85-220.png/100x100bb.png,2026-06-30,us,topfree,7012,解谜
40,1521236603,Travel Town - Merge Adventure,Moon Active,https://apps.apple.com/us/app/travel-town-merge-adventure/id1521236603?uo=2,https://is1-ssl.mzstatic.com/image/thumb/Purple221/v4/47/97/29/479729c4-a2ef-3587-4346-a53c4e4fd4fb/AppIcon-0-0-1x_U007emarketing-0-8-0-85-220.png/100x100bb.png,2026-06-30,us,topfree,7012,解谜
41,6759077038,Profile Perfect,Lion Studios Plus,https://apps.apple.com/us/app/profile-perfect/id6759077038?uo=2,https://is1-ssl.mzstatic.com/image/thumb/Purple221/v4/9d/7a/c9/9d7ac98c-2b27-aa66-3621-6bc76e1574fe/AppIcon-0-0-1x_U007emarketing-0-8-0-85-220.png/100x100bb.png,2026-06-30,us,topfree,7012,解谜
42,6756482832,Brain Puzzle 3: Crazy Mind,SmallStep Dev Team,https://apps.apple.com/us/app/brain-puzzle-3-crazy-mind/id6756482832?uo=2,https://is1-ssl.mzstatic.com/image/thumb/Purple221/v4/19/ed/f5/19edf5ae-ab7a-1274-cce7-cf6dd9e42804/AppIcon-0-0-1x_U007emarketing-0-8-0-85-220.png/100x100bb.png,2026-06-30,us,topfree,7012,解谜
43,1407852246,Happy Color by Numbers Game,X-Flow,https://apps.apple.com/us/app/happy-color-by-numbers-game/id1407852246?uo=2,https://is1-ssl.mzstatic.com/image/thumb/Purple221/v4/b7/09/ce/b709ce88-7824-2d87-4a9e-586a130010bc/AppIcon-0-0-1x_U007emarketing-0-8-0-85-220.png/100x100bb.png,2026-06-30,us,topfree,7012,解谜
44,307569751,NYT Games: Wordle & Crossword,The New York Times Company,https://apps.apple.com/us/app/nyt-games-wordle-crossword/id307569751?uo=2,https://is1-ssl.mzstatic.com/image/thumb/Purple221/v4/6f/c6/d8/6fc6d80b-80f1-e130-f877-ddf0de04652a/Release-0-0-1x_U007epad-0-1-0-sRGB-0-85-220.png/100x100bb.png,2026-06-30,us,topfree,7012,解谜
45,6474133872,Find Hidden Objects - Spot It!,Yolo Game Studios,https://apps.apple.com/us/app/find-hidden-objects-spot-it/id6474133872?uo=2,https://is1-ssl.mzstatic.com/image/thumb/Purple221/v4/a4/45/f8/a445f876-6951-e7cf-c1f9-ada9134fcf3e/AppIcon-0-0-1x_U007emarketing-0-8-0-85-220.png/100x100bb.png,2026-06-30,us,topfree,7012,解谜
46,6756185760,Search It - Hidden Objects,LEAP BILISIM TEKNOLOJILERI VE YAZILIM TICARET ANONIM SIRKETI,https://apps.apple.com/us/app/search-it-hidden-objects/id6756185760?uo=2,https://is1-ssl.mzstatic.com/image/thumb/Purple221/v4/ca/ed/fb/caedfbcf-8572-16cd-2009-6828ace25270/AppIcon-0-0-1x_U007emarketing-0-8-0-85-220.png/100x100bb.png,2026-06-30,us,topfree,7012,解谜
47,1486214495,Brain Test: Tricky Puzzles,UNICO STUDIO,https://apps.apple.com/us/app/brain-test-tricky-puzzles/id1486214495?uo=2,https://is1-ssl.mzstatic.com/image/thumb/Purple221/v4/38/8a/00/388a009e-f5e9-88d7-164a-add9afa32ac6/AppIcon-0-0-1x_U007emarketing-0-8-0-85-220.png/100x100bb.png,2026-06-30,us,topfree,7012,解谜
48,6760325543,CubeAway - 3DPuzzle,"GOODROID,Inc.",https://apps.apple.com/us/app/cubeaway-3dpuzzle/id6760325543?uo=2,https://is1-ssl.mzstatic.com/image/thumb/Purple221/v4/d8/0d/c3/d80dc318-f902-5487-8e6d-46934e1febf2/AppIcon-1x_U007emarketing-0-8-0-85-220-0.png/100x100bb.png,2026-06-30,us,topfree,7012,解谜
49,6471265311,Water Sorter,Gimica GmbH,https://apps.apple.com/us/app/water-sorter/id6471265311?uo=2,https://is1-ssl.mzstatic.com/image/thumb/Purple221/v4/61/97/3a/61973a53-26f4-d66e-be17-d402935df568/AppIcon-0-0-1x_U007emarketing-0-8-0-85-220.png/100x100bb.png,2026-06-30,us,topfree,7012,解谜
50,6499306754,Code Busters: Word Puzzle Game,Smartronic,https://apps.apple.com/us/app/code-busters-word-puzzle-game/id6499306754?uo=2,https://is1-ssl.mzstatic.com/image/thumb/Purple221/v4/8c/18/0f/8c180f7d-9367-14c2-dfb5-6b3c7fd4d474/AppIcon-0-0-1x_U007emarketing-0-11-0-85-220.png/100x100bb.png,2026-06-30,us,topfree,7012,解谜
1,6761760135,Meowdoku!,Oakever Games,https://apps.apple.com/us/app/meowdoku/id6761760135?uo=2,https://is1-ssl.mzstatic.com/image/thumb/Purple221/v4/fc/fe/6d/fcfe6dcf-aa1d-ef3f-e01d-e5eac2d16178/AppIcon-0-0-1x_U007ephone-0-11-0-85-220.png/100x100bb.png,2026-06-30,us,topfree,6014,游戏
2,6752672568,Block Out! - Color Sort Puzzle,Grand Games A.Ş.,https://apps.apple.com/us/app/block-out-color-sort-puzzle/id6752672568?uo=2,https://is1-ssl.mzstatic.com/image/thumb/Purple211/v4/42/22/df/4222df44-fbaa-9fe1-f732-d1aec055395c/AppIcon-0-0-1x_U007emarketing-0-8-0-85-220.png/100x100bb.png,2026-06-30,us,topfree,6014,游戏
3,6748084174,Smash Fest!,Flow Games Bilisim Yazilim ve Pazarlama Anonim Sirketi,https://apps.apple.com/us/app/smash-fest/id6748084174?uo=2,https://is1-ssl.mzstatic.com/image/thumb/Purple211/v4/2b/08/a3/2b08a3fc-17de-ea89-b12c-da20274add92/AppIcon-0-0-1x_U007emarketing-0-8-0-85-220.png/100x100bb.png,2026-06-30,us,topfree,6014,游戏
4,6499209744,Magic Sort!,Grand Games A.Ş.,https://apps.apple.com/us/app/magic-sort/id6499209744?uo=2,https://is1-ssl.mzstatic.com/image/thumb/Purple211/v4/61/df/dc/61dfdca9-6c81-db86-1756-5b63b642a0a8/AppIcon-0-0-1x_U007emarketing-0-8-0-85-220.png/100x100bb.png,2026-06-30,us,topfree,6014,游戏
5,6468921495,Vita Mahjong,Vita Studio,https://apps.apple.com/us/app/vita-mahjong/id6468921495?uo=2,https://is1-ssl.mzstatic.com/image/thumb/Purple211/v4/98/e1/a7/98e1a71c-41b2-d28b-7b68-f385772c57e4/AppIcon-0-0-1x_U007emarketing-0-8-0-85-220.png/100x100bb.png,2026-06-30,us,topfree,6014,游戏
6,1550945606,Soccer Superstar,Real Free Soccer,https://apps.apple.com/us/app/soccer-superstar/id1550945606?uo=2,https://is1-ssl.mzstatic.com/image/thumb/Purple211/v4/6f/33/f3/6f33f30b-be06-13d9-8ac1-620fdf9094ce/AppIcon-1x_U007emarketing-0-8-0-85-220-0.png/100x100bb.png,2026-06-30,us,topfree,6014,游戏
7,6748397500,Arrows – Puzzle Escape,Lessmore GmbH,https://apps.apple.com/us/app/arrows-puzzle-escape/id6748397500?uo=2,https://is1-ssl.mzstatic.com/image/thumb/Purple221/v4/8d/12/50/8d12503f-10ab-e482-7ec1-5088c4af8cd8/AppIcon-0-0-1x_U007emarketing-0-8-0-85-220.png/100x100bb.png,2026-06-30,us,topfree,6014,游戏
8,6759763476,Bus Traffic Fever!,"GOODROID,Inc.",https://apps.apple.com/us/app/bus-traffic-fever/id6759763476?uo=2,https://is1-ssl.mzstatic.com/image/thumb/Purple211/v4/b0/85/8c/b0858cef-e647-671a-19e6-c0d17dd02d45/AppIcon-1x_U007emarketing-0-8-0-85-220-0.png/100x100bb.png,2026-06-30,us,topfree,6014,游戏
9,431946152,Roblox,Roblox Corporation,https://apps.apple.com/us/app/roblox/id431946152?uo=2,https://is1-ssl.mzstatic.com/image/thumb/Purple221/v4/ae/d6/57/aed65717-e85f-212b-21e0-f57112aa8c02/AppIcon-0-0-1x_U007epad-0-1-0-85-220.png/100x100bb.png,2026-06-30,us,topfree,6014,游戏
10,1617391485,Block Blast！,Hungry Studio,https://apps.apple.com/us/app/block-blast/id1617391485?uo=2,https://is1-ssl.mzstatic.com/image/thumb/Purple211/v4/3a/c3/b3/3ac3b3bb-a768-8bc1-b1b2-fcc291a55b43/AppIcon-0-0-1x_U007emarketing-0-11-0-sRGB-85-220.png/100x100bb.png,2026-06-30,us,topfree,6014,游戏
11,6780195090,82-0.com,Vaulty Studios Inc.,https://apps.apple.com/us/app/82-0-com/id6780195090?uo=2,https://is1-ssl.mzstatic.com/image/thumb/Purple211/v4/c6/86/77/c686776e-de67-db1c-e029-dbc9f0491a43/AppIcon-0-0-1x_U007epad-0-1-85-220.png/100x100bb.png,2026-06-30,us,topfree,6014,游戏
12,1274132545,Total Battle: War Strategy,Scorewarrior,https://apps.apple.com/us/app/total-battle-war-strategy/id1274132545?uo=2,https://is1-ssl.mzstatic.com/image/thumb/Purple221/v4/b8/90/17/b8901731-ae0f-52d4-f461-da14d23cd7e5/crowd_multipliers_v6-0-0-1x_U007emarketing-0-5-0-85-220.png/100x100bb.png,2026-06-30,us,topfree,6014,游戏
13,6758326278,Amaze GO!,Oakever Games,https://apps.apple.com/us/app/amaze-go/id6758326278?uo=2,https://is1-ssl.mzstatic.com/image/thumb/Purple221/v4/69/a2/57/69a25772-6707-b207-50a6-dbe244ea8442/AppIcon-0-0-1x_U007emarketing-0-8-0-85-220.png/100x100bb.png,2026-06-30,us,topfree,6014,游戏
14,6483539426,Fortnite,Epic Games Inc.,https://apps.apple.com/us/app/fortnite/id6483539426?uo=2,https://is1-ssl.mzstatic.com/image/thumb/Purple221/v4/50/41/14/5041140b-3d2b-f766-61c0-72c359df6be3/AppIcon-0-0-1x_U007epad-0-1-85-220.png/100x100bb.png,2026-06-30,us,topfree,6014,游戏
15,6475757306,Disney Solitaire,SuperPlay,https://apps.apple.com/us/app/disney-solitaire/id6475757306?uo=2,https://is1-ssl.mzstatic.com/image/thumb/Purple211/v4/86/76/5f/86765fea-b7f7-dcd0-6446-0dd01ca74367/AppIcon-0-0-1x_U007emarketing-0-8-0-85-220.png/100x100bb.png,2026-06-30,us,topfree,6014,游戏
16,6748950306,Solitaire Associations Journey,Hitapps Games LTD,https://apps.apple.com/us/app/solitaire-associations-journey/id6748950306?uo=2,https://is1-ssl.mzstatic.com/image/thumb/Purple221/v4/40/a7/d8/40a7d82f-e64f-e659-2616-19712300466a/AppIcon-0-0-1x_U007emarketing-0-8-0-85-220.png/100x100bb.png,2026-06-30,us,topfree,6014,游戏
17,6759081967,Jewel Coloring,Ta Ta Game Technology Limited,https://apps.apple.com/us/app/jewel-coloring/id6759081967?uo=2,https://is1-ssl.mzstatic.com/image/thumb/Purple211/v4/62/f1/cf/62f1cf1a-3f79-100e-3708-66b3fb582a17/AppIcon-0-0-1x_U007emarketing-0-8-0-85-220.png/100x100bb.png,2026-06-30,us,topfree,6014,游戏
18,1642607669,Game of Thrones: Dragonfire,Warner Bros.,https://apps.apple.com/us/app/game-of-thrones-dragonfire/id1642607669?uo=2,https://is1-ssl.mzstatic.com/image/thumb/Purple211/v4/af/63/4d/af634d13-7790-f885-810d-0307c3bbab9b/AppIcon-1x_U007emarketing-0-8-0-85-220-0.png/100x100bb.png,2026-06-30,us,topfree,6014,游戏
19,6751056652,Pixel Flow!,Loom Games Oyun Yazilim ve Pazarlama Anonim Sirketi,https://apps.apple.com/us/app/pixel-flow/id6751056652?uo=2,https://is1-ssl.mzstatic.com/image/thumb/Purple221/v4/0a/a1/40/0aa140e6-9524-2453-a1f8-e75bbedc49c0/AppIcon-0-0-1x_U007emarketing-0-8-0-85-220.png/100x100bb.png,2026-06-30,us,topfree,6014,游戏
20,1351168404,Among Us!,InnerSloth LLC,https://apps.apple.com/us/app/among-us/id1351168404?uo=2,https://is1-ssl.mzstatic.com/image/thumb/Purple211/v4/57/dc/f8/57dcf861-9c14-e964-6f5b-09f8c4fff8d2/AppIcon-0-0-1x_U007emarketing-0-8-0-85-220.png/100x100bb.png,2026-06-30,us,topfree,6014,游戏
21,1094930513,EA SPORTS FC Soccer Mobile 26,Electronic Arts,https://apps.apple.com/us/app/ea-sports-fc-soccer-mobile-26/id1094930513?uo=2,https://is1-ssl.mzstatic.com/image/thumb/Purple221/v4/07/c5/4e/07c54e36-942e-ccbf-0bf7-c125f1261d42/AppIcon-0-0-1x_U007emarketing-0-8-0-85-220.png/100x100bb.png,2026-06-30,us,topfree,6014,游戏
22,6754839783,Bubble Word Jam,Lion Studios Plus,https://apps.apple.com/us/app/bubble-word-jam/id6754839783?uo=2,https://is1-ssl.mzstatic.com/image/thumb/Purple221/v4/cf/a2/de/cfa2de64-164c-e3cf-1e2f-f2182d085439/AppIcon-0-0-1x_U007emarketing-0-8-0-85-220.png/100x100bb.png,2026-06-30,us,topfree,6014,游戏
23,1621328561,MONOPOLY GO!,"Scopely, Inc.",https://apps.apple.com/us/app/monopoly-go/id1621328561?uo=2,https://is1-ssl.mzstatic.com/image/thumb/Purple211/v4/1c/41/d5/1c41d5d0-b33c-2de9-5d79-e0d70a3bfdcb/AppIcon-0-0-1x_U007emarketing-0-8-0-85-220.png/100x100bb.png,2026-06-30,us,topfree,6014,游戏
24,6471045672,Tasty Travels: Merge Game,Century Games Pte. Ltd.,https://apps.apple.com/us/app/tasty-travels-merge-game/id6471045672?uo=2,https://is1-ssl.mzstatic.com/image/thumb/Purple221/v4/cc/cc/f2/ccccf200-20e5-c0fa-68fc-2ea32d90371c/AppIcon-0-0-1x_U007emarketing-0-8-0-85-220.png/100x100bb.png,2026-06-30,us,topfree,6014,游戏
25,6741503079,Pokémon Champions,The Pokemon Company,https://apps.apple.com/us/app/pok%C3%A9mon-champions/id6741503079?uo=2,https://is1-ssl.mzstatic.com/image/thumb/Purple221/v4/10/0a/92/100a9291-5b49-3875-786a-65ee6a115ba0/AppIcon-0-0-1x_U007emarketing-0-8-0-85-220.png/100x100bb.png,2026-06-30,us,topfree,6014,游戏
26,1443446174,Magic Tiles 3™: Piano Game,Amanotes Pte. Ltd.,https://apps.apple.com/us/app/magic-tiles-3-piano-game/id1443446174?uo=2,https://is1-ssl.mzstatic.com/image/thumb/Purple211/v4/99/fc/c8/99fcc84a-8981-20a0-2b97-fffc730e73ad/AppIcon-0-0-1x_U007emarketing-0-8-0-85-220.png/100x100bb.png,2026-06-30,us,topfree,6014,游戏
27,6503697761,Playtest Pro by BestPlay,Bestplay Systems,https://apps.apple.com/us/app/playtest-pro-by-bestplay/id6503697761?uo=2,https://is1-ssl.mzstatic.com/image/thumb/Purple221/v4/ed/f1/f5/edf1f5e3-b117-502d-2629-4b693a1246e6/AppIcon-0-0-1x_U007emarketing-0-8-0-85-220.png/100x100bb.png,2026-06-30,us,topfree,6014,游戏
28,1623318294,Gossip Harbor®: Merge & Story,Microfun Limited,https://apps.apple.com/us/app/gossip-harbor-merge-story/id1623318294?uo=2,https://is1-ssl.mzstatic.com/image/thumb/Purple221/v4/d5/d7/02/d5d702dd-af54-09a5-21d1-ed6db319d310/AppIcon-0-0-1x_U007emarketing-0-8-0-85-220.png/100x100bb.png,2026-06-30,us,topfree,6014,游戏
29,638689075,Township,Playrix,https://apps.apple.com/us/app/township/id638689075?uo=2,https://is1-ssl.mzstatic.com/image/thumb/Purple211/v4/f3/d3/ab/f3d3abe7-ac2f-d4a3-1683-0873d183913e/AppIcon-0-0-1x_U007emarketing-0-11-0-85-220.png/100x100bb.png,2026-06-30,us,topfree,6014,游戏
30,512939461,Subway Surfers,Sybo Games ApS,https://apps.apple.com/us/app/subway-surfers/id512939461?uo=2,https://is1-ssl.mzstatic.com/image/thumb/Purple221/v4/cb/82/82/cb8282de-0cce-5372-1cd9-0fc686ea588e/AppIcon-0-0-1x_U007emarketing-0-8-0-85-220.png/100x100bb.png,2026-06-30,us,topfree,6014,游戏
31,1522699215,Love Island: The Game,Fusebox Games,https://apps.apple.com/us/app/love-island-the-game/id1522699215?uo=2,https://is1-ssl.mzstatic.com/image/thumb/Purple211/v4/9c/52/4e/9c524e7a-268e-7259-f902-c84082aa834d/AppIcon-0-0-1x_U007emarketing-0-8-0-85-220.png/100x100bb.png,2026-06-30,us,topfree,6014,游戏
32,6498883328,Tile Explorer: Tiles Clear!,Oakever Games,https://apps.apple.com/us/app/tile-explorer-tiles-clear/id6498883328?uo=2,https://is1-ssl.mzstatic.com/image/thumb/Purple221/v4/03/1e/3a/031e3a10-4270-6ac0-5fa4-3ca1acf9d67f/AppIcon-0-0-1x_U007emarketing-0-8-0-85-220.png/100x100bb.png,2026-06-30,us,topfree,6014,游戏
33,6744304405,Cider Casino - Real Money,Mystic Mirror Studio Limited,https://apps.apple.com/us/app/cider-casino-real-money/id6744304405?uo=2,https://is1-ssl.mzstatic.com/image/thumb/Purple221/v4/ad/ba/0e/adba0eaa-f494-6f73-8583-fe4bca109de1/AppIcon-0-0-1x_U007epad-0-11-0-85-220.png/100x100bb.png,2026-06-30,us,topfree,6014,游戏
34,1606549505,Royal Kingdom,Dream Games,https://apps.apple.com/us/app/royal-kingdom/id1606549505?uo=2,https://is1-ssl.mzstatic.com/image/thumb/Purple211/v4/5c/c4/75/5cc4753e-cd56-1020-daa7-a09f15857a63/AppIcon-0-0-1x_U007emarketing-0-8-0-85-220.png/100x100bb.png,2026-06-30,us,topfree,6014,游戏
35,1608987929,Triumph: Play for Cash,Triumph Arcade,https://apps.apple.com/us/app/triumph-play-for-cash/id1608987929?uo=2,https://is1-ssl.mzstatic.com/image/thumb/Purple221/v4/e9/8d/97/e98d97d1-dd46-51ff-3271-661e4a9bc01c/AppIcon-0-0-1x_U007emarketing-0-7-0-85-220.png/100x100bb.png,2026-06-30,us,topfree,6014,游戏
36,6739554056,Kingshot,Century Games Pte. Ltd.,https://apps.apple.com/us/app/kingshot/id6739554056?uo=2,https://is1-ssl.mzstatic.com/image/thumb/Purple211/v4/ee/d2/22/eed22297-9313-d8b0-52c8-95f42a2795b2/AppIcon-0-0-1x_U007emarketing-0-8-0-85-220.png/100x100bb.png,2026-06-30,us,topfree,6014,游戏
37,1287282214,Call of Duty®: Mobile,"Activision Publishing, Inc.",https://apps.apple.com/us/app/call-of-duty-mobile/id1287282214?uo=2,https://is1-ssl.mzstatic.com/image/thumb/Purple221/v4/62/09/3c/62093c33-07fa-9c35-084e-81f717e1b16f/AppIcon-0-0-1x_U007emarketing-0-10-0-85-220.png/100x100bb.png,2026-06-30,us,topfree,6014,游戏
38,1446254576,Solitaire Cash: Win Real Money,Papaya Gaming,https://apps.apple.com/us/app/solitaire-cash-win-real-money/id1446254576?uo=2,https://is1-ssl.mzstatic.com/image/thumb/Purple221/v4/9f/cc/bf/9fccbf07-e0bc-92fe-3be2-57d2f8e27097/AppIcon-0-0-1x_U007emarketing-0-8-0-85-220.png/100x100bb.png,2026-06-30,us,topfree,6014,游戏
39,6755216191,Color Maze - Puzzle Game,"Beijing Youyoutang Technology Co.,ltd.",https://apps.apple.com/us/app/color-maze-puzzle-game/id6755216191?uo=2,https://is1-ssl.mzstatic.com/image/thumb/Purple221/v4/47/ff/e9/47ffe9ef-9123-80e4-fcf1-1a6f59514490/AppIcon-0-0-1x_U007emarketing-0-8-0-85-220.png/100x100bb.png,2026-06-30,us,topfree,6014,游戏
40,1482155847,Royal Match,Dream Games,https://apps.apple.com/us/app/royal-match/id1482155847?uo=2,https://is1-ssl.mzstatic.com/image/thumb/Purple221/v4/50/3d/ab/503dabf4-c381-e224-5630-5b031703c08d/AppIcon-0-0-1x_U007emarketing-0-8-0-85-220.png/100x100bb.png,2026-06-30,us,topfree,6014,游戏
41,6443575749,Whiteout Survival,Century Games Pte. Ltd.,https://apps.apple.com/us/app/whiteout-survival/id6443575749?uo=2,https://is1-ssl.mzstatic.com/image/thumb/Purple221/v4/e5/1e/1d/e51e1db7-4655-6bb8-9441-af76dbfd291c/AppIcon-0-0-1x_U007emarketing-0-8-0-85-220.png/100x100bb.png,2026-06-30,us,topfree,6014,游戏
42,6746437378,Tang Luck: Casino Slots,SpinShift Limited,https://apps.apple.com/us/app/tang-luck-casino-slots/id6746437378?uo=2,https://is1-ssl.mzstatic.com/image/thumb/Purple211/v4/e4/2f/02/e42f025e-4a1b-bb20-8ae2-5038d956da70/AppIcon-0-0-1x_U007emarketing-0-9-0-85-220.png/100x100bb.png,2026-06-30,us,topfree,6014,游戏
43,1522266397,Bingo Cash - Win Real Money,Papaya Gaming,https://apps.apple.com/us/app/bingo-cash-win-real-money/id1522266397?uo=2,https://is1-ssl.mzstatic.com/image/thumb/Purple221/v4/30/09/91/30099121-38ce-3c56-b940-925a891d6dd0/AppIcon-0-0-1x_U007emarketing-0-8-0-85-220.png/100x100bb.png,2026-06-30,us,topfree,6014,游戏
44,1423046460,Paper.io 2,Voodoo,https://apps.apple.com/us/app/paper-io-2/id1423046460?uo=2,https://is1-ssl.mzstatic.com/image/thumb/Purple221/v4/c3/e0/b4/c3e0b43a-dd75-6a0d-d7d9-247a241fb1d3/AppIcon-0-0-1x_U007emarketing-0-8-0-85-220.png/100x100bb.png,2026-06-30,us,topfree,6014,游戏
45,6482849843,Goods Puzzle: Sort Challenge,ONESOFT GLOBAL PTE. LTD.,https://apps.apple.com/us/app/goods-puzzle-sort-challenge/id6482849843?uo=2,https://is1-ssl.mzstatic.com/image/thumb/Purple211/v4/f9/5d/0f/f95d0fc6-8a90-940b-1b2e-88d1ed027fb2/AppIcon-0-0-1x_U007emarketing-0-8-0-85-220.png/100x100bb.png,2026-06-30,us,topfree,6014,游戏
46,1595314851,Lamar - Idle Vlogger,Crazy Labs,https://apps.apple.com/us/app/lamar-idle-vlogger/id1595314851?uo=2,https://is1-ssl.mzstatic.com/image/thumb/Purple211/v4/50/0a/5a/500a5afd-e542-e5d7-dceb-ac72367bfdb5/AppIcon-1x_U007emarketing-0-8-0-85-220-0.png/100x100bb.png,2026-06-30,us,topfree,6014,游戏
47,6744812012,X-Clash: Survival Challenge,9z Games(HK),https://apps.apple.com/us/app/x-clash-survival-challenge/id6744812012?uo=2,https://is1-ssl.mzstatic.com/image/thumb/Purple211/v4/b5/ba/da/b5bada58-b0dd-b5aa-a456-c0c4c8cd7762/AppIcon-0-0-1x_U007emarketing-0-8-0-85-220.png/100x100bb.png,2026-06-30,us,topfree,6014,游戏
48,6745120053,Imposter Game - Party Edition,Sven Vucak,https://apps.apple.com/us/app/imposter-game-party-edition/id6745120053?uo=2,https://is1-ssl.mzstatic.com/image/thumb/Purple211/v4/10/69/e0/1069e0bd-1564-9f77-7ea4-a8072e6e90ff/AppIcon-0-0-1x_U007emarketing-0-11-0-0-85-220.png/100x100bb.png,2026-06-30,us,topfree,6014,游戏
49,6504324020,Hexa Away,"GOODROID,Inc.",https://apps.apple.com/us/app/hexa-away/id6504324020?uo=2,https://is1-ssl.mzstatic.com/image/thumb/Purple221/v4/22/05/4c/22054cc3-b4cd-19ed-b14a-ad6292d0c0a1/AppIcon-1x_U007emarketing-0-8-0-85-220-0.png/100x100bb.png,2026-06-30,us,topfree,6014,游戏
50,1389111413,Hole.io,Voodoo,https://apps.apple.com/us/app/hole-io/id1389111413?uo=2,https://is1-ssl.mzstatic.com/image/thumb/Purple211/v4/8a/12/2f/8a122fb1-d044-62d1-08cf-9fd5c6fef173/AppIcon-0-0-1x_U007emarketing-0-8-0-85-220.png/100x100bb.png,2026-06-30,us,topfree,6014,游戏
1,6748950306,Solitaire Associations Journey,Hitapps Games LTD,https://apps.apple.com/us/app/solitaire-associations-journey/id6748950306?uo=2,https://is1-ssl.mzstatic.com/image/thumb/Purple221/v4/40/a7/d8/40a7d82f-e64f-e659-2616-19712300466a/AppIcon-0-0-1x_U007emarketing-0-8-0-85-220.png/100x100bb.png,2026-06-30,us,topfree,7019,文字
2,6754839783,Bubble Word Jam,Lion Studios Plus,https://apps.apple.com/us/app/bubble-word-jam/id6754839783?uo=2,https://is1-ssl.mzstatic.com/image/thumb/Purple221/v4/cf/a2/de/cfa2de64-164c-e3cf-1e2f-f2182d085439/AppIcon-0-0-1x_U007emarketing-0-8-0-85-220.png/100x100bb.png,2026-06-30,us,topfree,7019,文字
3,6745120053,Imposter Game - Party Edition,Sven Vucak,https://apps.apple.com/us/app/imposter-game-party-edition/id6745120053?uo=2,https://is1-ssl.mzstatic.com/image/thumb/Purple211/v4/10/69/e0/1069e0bd-1564-9f77-7ea4-a8072e6e90ff/AppIcon-0-0-1x_U007emarketing-0-11-0-0-85-220.png/100x100bb.png,2026-06-30,us,topfree,7019,文字
4,1660171117,Zen Word® - Relax Puzzle Game,Oakever Games,https://apps.apple.com/us/app/zen-word-relax-puzzle-game/id1660171117?uo=2,https://is1-ssl.mzstatic.com/image/thumb/Purple221/v4/ed/51/84/ed51840c-7bfd-d698-9743-10b3fa693da3/AppIcon-0-0-1x_U007emarketing-0-8-0-85-220.png/100x100bb.png,2026-06-30,us,topfree,7019,文字
5,1602508478,Word Search Explorer®,PlaySimple Games Pte Ltd,https://apps.apple.com/us/app/word-search-explorer/id1602508478?uo=2,https://is1-ssl.mzstatic.com/image/thumb/Purple211/v4/44/99/ae/4499aec6-4b2b-6cfb-5ed0-1328808dcfa5/AppIcon-0-0-1x_U007emarketing-0-8-0-85-220.png/100x100bb.png,2026-06-30,us,topfree,7019,文字
6,6739069151,Crossword Go!,PlaySimple Games Pte Ltd,https://apps.apple.com/us/app/crossword-go/id6739069151?uo=2,https://is1-ssl.mzstatic.com/image/thumb/Purple211/v4/4b/d4/12/4bd4122f-a4b6-cfcc-15b0-293127666f3f/AppIcon-0-0-1x_U007emarketing-0-8-0-85-220.png/100x100bb.png,2026-06-30,us,topfree,7019,文字
7,6759077038,Profile Perfect,Lion Studios Plus,https://apps.apple.com/us/app/profile-perfect/id6759077038?uo=2,https://is1-ssl.mzstatic.com/image/thumb/Purple221/v4/9d/7a/c9/9d7ac98c-2b27-aa66-3621-6bc76e1574fe/AppIcon-0-0-1x_U007emarketing-0-8-0-85-220.png/100x100bb.png,2026-06-30,us,topfree,7019,文字
8,307569751,NYT Games: Wordle & Crossword,The New York Times Company,https://apps.apple.com/us/app/nyt-games-wordle-crossword/id307569751?uo=2,https://is1-ssl.mzstatic.com/image/thumb/Purple221/v4/6f/c6/d8/6fc6d80b-80f1-e130-f877-ddf0de04652a/Release-0-0-1x_U007epad-0-1-0-sRGB-0-85-220.png/100x100bb.png,2026-06-30,us,topfree,7019,文字
9,6615086509,NYT Crossplay: Word Games,The New York Times Company,https://apps.apple.com/us/app/nyt-crossplay-word-games/id6615086509?uo=2,https://is1-ssl.mzstatic.com/image/thumb/Purple221/v4/48/3a/fa/483afaeb-5a67-3b35-af3f-18474b108b1e/Release-0-0-1x_U007ephone-0-1-sRGB-85-220.png/100x100bb.png,2026-06-30,us,topfree,7019,文字
10,6499306754,Code Busters: Word Puzzle Game,Smartronic,https://apps.apple.com/us/app/code-busters-word-puzzle-game/id6499306754?uo=2,https://is1-ssl.mzstatic.com/image/thumb/Purple221/v4/8c/18/0f/8c180f7d-9367-14c2-dfb5-6b3c7fd4d474/AppIcon-0-0-1x_U007emarketing-0-11-0-85-220.png/100x100bb.png,2026-06-30,us,topfree,7019,文字
11,1580601028,Everyday Puzzles: Mini Games,Fanatee,https://apps.apple.com/us/app/everyday-puzzles-mini-games/id1580601028?uo=2,https://is1-ssl.mzstatic.com/image/thumb/Purple221/v4/01/27/13/012713bf-544b-4169-2f4c-a704ec44f76b/AppIcon-0-0-1x_U007emarketing-0-8-0-85-220.png/100x100bb.png,2026-06-30,us,topfree,7019,文字
12,1207472156,Wordscapes - Word Game,"PeopleFun, Inc.",https://apps.apple.com/us/app/wordscapes-word-game/id1207472156?uo=2,https://is1-ssl.mzstatic.com/image/thumb/Purple221/v4/5d/1c/d5/5d1cd573-f1be-43ba-270a-6c0cca56074d/AppIcon-0-0-1x_U007emarketing-0-8-0-85-220.png/100x100bb.png,2026-06-30,us,topfree,7019,文字
13,1512834505,Wavelength,Palm Court LLC,https://apps.apple.com/us/app/wavelength/id1512834505?uo=2,https://is1-ssl.mzstatic.com/image/thumb/Purple221/v4/25/e2/7c/25e27c04-ef27-cb6f-9d6d-bbe3beaa62ca/AppIcon-0-0-1x_U007emarketing-0-8-0-85-220.png/100x100bb.png,2026-06-30,us,topfree,7019,文字
14,6756377863,Word Kitchen,Gimica GmbH,https://apps.apple.com/us/app/word-kitchen/id6756377863?uo=2,https://is1-ssl.mzstatic.com/image/thumb/Purple211/v4/99/25/01/99250153-397c-52d2-63c5-57320bd815f5/AppIcon-0-0-1x_U007emarketing-0-8-0-85-220.png/100x100bb.png,2026-06-30,us,topfree,7019,文字
15,1453837845,Charades - Family & Party Game,Dmytro Cheverda,https://apps.apple.com/us/app/charades-family-party-game/id1453837845?uo=2,https://is1-ssl.mzstatic.com/image/thumb/Purple221/v4/63/9e/69/639e6952-1342-2d2d-da79-5375571e2e46/AppIcon-0-0-1x_U007epad-0-1-85-220.png/100x100bb.png,2026-06-30,us,topfree,7019,文字
16,1369521645,Words of Wonders: Crossword,FUGO BILISIM TEKNOLOJILERI VE YAZILIM TICARET ANONIM SIRKETI,https://apps.apple.com/us/app/words-of-wonders-crossword/id1369521645?uo=2,https://is1-ssl.mzstatic.com/image/thumb/Purple221/v4/c6/2d/aa/c62daa46-5af1-a339-9580-f239755bf983/AppIcon-0-0-1x_U007emarketing-0-8-0-85-220.png/100x100bb.png,2026-06-30,us,topfree,7019,文字
17,1636821805,Crostic Crossword－Word Puzzles,Severex,https://apps.apple.com/us/app/crostic-crossword-word-puzzles/id1636821805?uo=2,https://is1-ssl.mzstatic.com/image/thumb/Purple211/v4/de/b5/37/deb537b0-dc7d-cbaf-9023-4e0a90bb2cc4/AppIcon-0-0-1x_U007emarketing-0-8-0-85-220.png/100x100bb.png,2026-06-30,us,topfree,7019,文字
18,1424246763,Headbands: Charades Party Game,David Kadlcek,https://apps.apple.com/us/app/headbands-charades-party-game/id1424246763?uo=2,https://is1-ssl.mzstatic.com/image/thumb/Purple211/v4/e1/68/d5/e168d5b9-1dfa-79e3-ef5c-96132d6c6525/AppIcon-0-0-1x_U007epad-0-1-0-85-220.png/100x100bb.png,2026-06-30,us,topfree,7019,文字
19,6741839590,PlaySimple Cryptogram,PlaySimple Games Pte Ltd,https://apps.apple.com/us/app/playsimple-cryptogram/id6741839590?uo=2,https://is1-ssl.mzstatic.com/image/thumb/Purple211/v4/e7/39/66/e7396625-e8a5-02ea-8cdb-fc6e6dd723fa/AppIcon-0-0-1x_U007emarketing-0-8-0-85-220.png/100x100bb.png,2026-06-30,us,topfree,7019,文字
20,6747810901,Word Connect Association,PlaySimple Games Pte Ltd,https://apps.apple.com/us/app/word-connect-association/id6747810901?uo=2,https://is1-ssl.mzstatic.com/image/thumb/Purple221/v4/e1/ad/1c/e1ad1cc7-ea73-e3f2-bda8-43b0f9c1b76f/AppIcon-0-0-1x_U007epad-0-1-85-220.png/100x100bb.png,2026-06-30,us,topfree,7019,文字
21,6737275844,Word Tiles GO,Gulliver's Games,https://apps.apple.com/us/app/word-tiles-go/id6737275844?uo=2,https://is1-ssl.mzstatic.com/image/thumb/Purple221/v4/f4/3b/c6/f43bc65a-1f02-fb14-2786-03fbc1e4ca4d/AppIcon-0-0-1x_U007emarketing-0-8-0-85-220.png/100x100bb.png,2026-06-30,us,topfree,7019,文字
22,6745003362,Word Oasis: Calm Puzzle Game,Oasis Games LTD,https://apps.apple.com/us/app/word-oasis-calm-puzzle-game/id6745003362?uo=2,https://is1-ssl.mzstatic.com/image/thumb/Purple221/v4/ff/68/60/ff6860f6-3437-686b-a11f-8872b9ae75c6/AppIcon-0-0-1x_U007emarketing-0-8-0-85-220.png/100x100bb.png,2026-06-30,us,topfree,7019,文字
23,6473058122,ForeHeads: Charades Guess Game,smak apps,https://apps.apple.com/us/app/foreheads-charades-guess-game/id6473058122?uo=2,https://is1-ssl.mzstatic.com/image/thumb/Purple221/v4/78/cd/b2/78cdb2ee-390f-ce9c-9300-d18bce6a7873/AppIcon-0-0-1x_U007epad-0-1-0-sRGB-85-220.jpeg/100x100bb.png,2026-06-30,us,topfree,7019,文字
24,1197354394,Daily Themed Crossword Puzzles,PlaySimple Games Pte Ltd,https://apps.apple.com/us/app/daily-themed-crossword-puzzles/id1197354394?uo=2,https://is1-ssl.mzstatic.com/image/thumb/Purple211/v4/6c/32/36/6c323650-f58b-4bd5-2514-3b1e8bcb5d9f/AppIcon-0-0-1x_U007emarketing-0-8-0-85-220.png/100x100bb.png,2026-06-30,us,topfree,7019,文字
25,1549726220,Word Search Journey - Puzzle,Bluetile Games S.L.,https://apps.apple.com/us/app/word-search-journey-puzzle/id1549726220?uo=2,https://is1-ssl.mzstatic.com/image/thumb/Purple211/v4/b7/a3/59/b7a359d4-f762-2deb-9fb9-934f472530d6/AppIcon-0-0-1x_U007emarketing-0-8-0-85-220.png/100x100bb.png,2026-06-30,us,topfree,7019,文字
26,1095569891,Wordle!,Lion Studios Plus,https://apps.apple.com/us/app/wordle/id1095569891?uo=2,https://is1-ssl.mzstatic.com/image/thumb/Purple211/v4/86/2f/54/862f541c-b0bf-5d10-d748-8c430f38930c/AppIcon-0-0-1x_U007emarketing-0-8-0-85-220.png/100x100bb.png,2026-06-30,us,topfree,7019,文字
27,6749012623,Imposter Game: Spy? — Fakeit,smak apps,https://apps.apple.com/us/app/imposter-game-spy-fakeit/id6749012623?uo=2,https://is1-ssl.mzstatic.com/image/thumb/Purple221/v4/69/5c/3a/695c3aa2-51a1-0969-4640-d29028de2bae/AppIcon-0-0-1x_U007epad-0-1-85-220.png/100x100bb.png,2026-06-30,us,topfree,7019,文字
28,1196764367,Words With Friends Word Game,Zynga Inc.,https://apps.apple.com/us/app/words-with-friends-word-game/id1196764367?uo=2,https://is1-ssl.mzstatic.com/image/thumb/Purple221/v4/67/97/e5/6797e52d-a56a-75c6-1c06-ebaaba72e5cb/AppIcon-0-0-1x_U007emarketing-0-8-0-85-220.png/100x100bb.png,2026-06-30,us,topfree,7019,文字
29,6766812401,Word Solitaire: Associations,Chardonnay Partners LLC,https://apps.apple.com/us/app/word-solitaire-associations/id6766812401?uo=2,https://is1-ssl.mzstatic.com/image/thumb/Purple211/v4/e1/90/7d/e1907dba-22f8-59d0-735b-e6ca02499215/AppIcon-0-0-1x_U007emarketing-0-8-0-85-220.png/100x100bb.png,2026-06-30,us,topfree,7019,文字
30,6739423612,Word Master,FUGO BILISIM TEKNOLOJILERI VE YAZILIM TICARET ANONIM SIRKETI,https://apps.apple.com/us/app/word-master/id6739423612?uo=2,https://is1-ssl.mzstatic.com/image/thumb/Purple211/v4/4e/76/6b/4e766b08-0fb7-0ddf-04c9-1d1d4d0e86ae/AppIcon-0-0-1x_U007emarketing-0-8-0-85-220.png/100x100bb.png,2026-06-30,us,topfree,7019,文字
31,1215933788,Scrabble® GO – Fun with Words!,"Scopely, Inc.",https://apps.apple.com/us/app/scrabble-go-fun-with-words/id1215933788?uo=2,https://is1-ssl.mzstatic.com/image/thumb/Purple211/v4/dd/c7/bb/ddc7bbe4-9cf7-e22a-3936-376603918534/AppIcon-0-0-1x_U007emarketing-0-5-85-220.png/100x100bb.png,2026-06-30,us,topfree,7019,文字
32,6756664092,You Know: Associations,Tripledot Studios,https://apps.apple.com/us/app/you-know-associations/id6756664092?uo=2,https://is1-ssl.mzstatic.com/image/thumb/Purple221/v4/05/e5/fa/05e5fa15-1b99-ad85-1269-87ea0efb2aac/AppIcon-0-0-1x_U007emarketing-0-8-0-85-220.png/100x100bb.png,2026-06-30,us,topfree,7019,文字
33,1420294918,Wordscapes Search - Word Game,"PeopleFun, Inc.",https://apps.apple.com/us/app/wordscapes-search-word-game/id1420294918?uo=2,https://is1-ssl.mzstatic.com/image/thumb/Purple221/v4/dd/a3/7d/dda37d1f-d7c1-ce7a-6159-e8e3993c410a/AppIcon-0-0-1x_U007emarketing-0-8-0-85-220.png/100x100bb.png,2026-06-30,us,topfree,7019,文字
34,6547858927,Crossword Master - Word Puzzle,Easybrain Ltd,https://apps.apple.com/us/app/crossword-master-word-puzzle/id6547858927?uo=2,https://is1-ssl.mzstatic.com/image/thumb/Purple221/v4/c8/57/cb/c857cb42-7f3c-7ef9-dbad-8eec49c438c9/AppIcon-0-0-1x_U007emarketing-0-8-0-85-220.png/100x100bb.png,2026-06-30,us,topfree,7019,文字
35,6755815731,Word Screw - 3D Unscrew Bolts,Astrasen Global,https://apps.apple.com/us/app/word-screw-3d-unscrew-bolts/id6755815731?uo=2,https://is1-ssl.mzstatic.com/image/thumb/Purple221/v4/dd/cf/e2/ddcfe2e2-2d90-a005-ab05-c4e2295b7e88/AppIcon-0-0-1x_U007epad-0-1-85-220.png/100x100bb.png,2026-06-30,us,topfree,7019,文字
36,6472233094,Puzzlit - Puzzles Made Social,PuzzLit,https://apps.apple.com/us/app/puzzlit-puzzles-made-social/id6472233094?uo=2,https://is1-ssl.mzstatic.com/image/thumb/Purple211/v4/a3/ca/43/a3ca43a1-d602-25ca-eb69-aa379bea8194/AppIcon-0-0-1x_U007ephone-0-1-85-220.png/100x100bb.png,2026-06-30,us,topfree,7019,文字
37,1644099880,Cryptogram: Word Brain Puzzle,Joyteractive,https://apps.apple.com/us/app/cryptogram-word-brain-puzzle/id1644099880?uo=2,https://is1-ssl.mzstatic.com/image/thumb/Purple221/v4/c8/54/e8/c854e876-1d68-4ec6-122a-a55731f7a067/AppIcon-0-0-1x_U007emarketing-0-8-0-85-220.png/100x100bb.png,2026-06-30,us,topfree,7019,文字
38,6749696890,Associations - Colorwood Game,Burny Games,https://apps.apple.com/us/app/associations-colorwood-game/id6749696890?uo=2,https://is1-ssl.mzstatic.com/image/thumb/Purple211/v4/58/4c/9c/584c9c66-64ea-bcc0-c66e-3f2064035fc3/AppIcon-0-0-1x_U007emarketing-0-8-0-85-220.png/100x100bb.png,2026-06-30,us,topfree,7019,文字
39,6504657055,Explode 2: Get Exposed,Sebastien Menozzi,https://apps.apple.com/us/app/explode-2-get-exposed/id6504657055?uo=2,https://is1-ssl.mzstatic.com/image/thumb/Purple211/v4/56/6a/1b/566a1b33-cea8-cb04-cb56-2bf0b531b810/AppIcon-1x_U007ephone-0-1-85-220-0.png/100x100bb.png,2026-06-30,us,topfree,7019,文字
40,6692629257,Connect Word Association Game,Hitapps Games LTD,https://apps.apple.com/us/app/connect-word-association-game/id6692629257?uo=2,https://is1-ssl.mzstatic.com/image/thumb/Purple211/v4/28/d5/f4/28d5f425-8daa-3408-1792-c75b050774cb/AppIcon-0-0-1x_U007emarketing-0-8-0-85-220.png/100x100bb.png,2026-06-30,us,topfree,7019,文字
41,1342112505,Bible Word Puzzle - Word Games,Oakever Games,https://apps.apple.com/us/app/bible-word-puzzle-word-games/id1342112505?uo=2,https://is1-ssl.mzstatic.com/image/thumb/Purple211/v4/75/57/ba/7557bac2-170d-d049-fc07-7f10137d93fb/AppIcon-0-0-1x_U007emarketing-0-8-0-85-220.png/100x100bb.png,2026-06-30,us,topfree,7019,文字
42,6480174730,Words of Wonders: Zen,FUGO BILISIM TEKNOLOJILERI VE YAZILIM TICARET ANONIM SIRKETI,https://apps.apple.com/us/app/words-of-wonders-zen/id6480174730?uo=2,https://is1-ssl.mzstatic.com/image/thumb/Purple211/v4/f0/0c/b8/f00cb8f4-2257-3b2a-ae4b-53c4eb67387b/AppIcon-0-0-1x_U007emarketing-0-8-0-85-220.png/100x100bb.png,2026-06-30,us,topfree,7019,文字
43,6742752351,Netflix Puzzled: Logic Games,"Netflix, Inc.",https://apps.apple.com/us/app/netflix-puzzled-logic-games/id6742752351?uo=2,https://is1-ssl.mzstatic.com/image/thumb/Purple211/v4/57/e9/58/57e95841-0710-b935-f9d0-8074373f4351/appicon-0-0-1x_U007emarketing-0-8-0-85-220.png/100x100bb.png,2026-06-30,us,topfree,7019,文字
44,6753799160,Word Solitaire Now!,Arrowise Studio,https://apps.apple.com/us/app/word-solitaire-now/id6753799160?uo=2,https://is1-ssl.mzstatic.com/image/thumb/Purple211/v4/61/ce/9d/61ce9de8-696c-459f-7d6c-f1441aafeba3/AppIcon-0-0-1x_U007epad-0-11-0-85-220.png/100x100bb.png,2026-06-30,us,topfree,7019,文字
45,1357802596,Word Search ·,Word Search Games,https://apps.apple.com/us/app/word-search/id1357802596?uo=2,https://is1-ssl.mzstatic.com/image/thumb/Purple221/v4/67/4d/46/674d467f-dcaf-5daf-0f30-a778488b3336/AppIcon-0-0-1x_U007emarketing-0-8-0-85-220.png/100x100bb.png,2026-06-30,us,topfree,7019,文字
46,6532601126,That’s My Seat – Logic Puzzle,ROOFTOP GAMES OYUN TEKNOLOJILERI ANONIM SIRKETI,https://apps.apple.com/us/app/thats-my-seat-logic-puzzle/id6532601126?uo=2,https://is1-ssl.mzstatic.com/image/thumb/Purple211/v4/4f/88/fd/4f88fd1f-bcba-2ac7-7ef8-ebaf53eca4c5/AppIcon-0-0-1x_U007emarketing-0-8-0-85-220.png/100x100bb.png,2026-06-30,us,topfree,7019,文字
47,1483222663,Words of Wonders: Search,FUGO BILISIM TEKNOLOJILERI VE YAZILIM TICARET ANONIM SIRKETI,https://apps.apple.com/us/app/words-of-wonders-search/id1483222663?uo=2,https://is1-ssl.mzstatic.com/image/thumb/Purple221/v4/bf/82/27/bf822751-17be-96c2-63a3-c7fcd4bb6ed0/AppIcon-0-0-1x_U007emarketing-0-8-0-85-220.png/100x100bb.png,2026-06-30,us,topfree,7019,文字
48,1598506904,Word Maker - Puzzle Game,"NewPubCo, Inc",https://apps.apple.com/us/app/word-maker-puzzle-game/id1598506904?uo=2,https://is1-ssl.mzstatic.com/image/thumb/Purple221/v4/45/26/66/45266614-0703-5ff9-0fb3-7fbdb2824ed8/AppIcon-0-0-1x_U007emarketing-0-8-0-85-220.png/100x100bb.png,2026-06-30,us,topfree,7019,文字
49,1214223596,Word Trip - Word Puzzles Games,PlaySimple Games Pte Ltd,https://apps.apple.com/us/app/word-trip-word-puzzles-games/id1214223596?uo=2,https://is1-ssl.mzstatic.com/image/thumb/Purple221/v4/83/da/ba/83dabab0-5586-a222-7923-a9ad2c10c20a/AppIcon-0-0-1x_U007epad-0-1-85-220.png/100x100bb.png,2026-06-30,us,topfree,7019,文字
50,6472485066,Mindblow: Guess the Word!,Kidding Box,https://apps.apple.com/us/app/mindblow-guess-the-word/id6472485066?uo=2,https://is1-ssl.mzstatic.com/image/thumb/Purple221/v4/61/6f/4f/616f4f31-4447-8fc2-6d48-6bfc867b5063/AppIcon-0-0-1x_U007epad-0-1-85-220.png/100x100bb.png,2026-06-30,us,topfree,7019,文字
1,1596736236,Red's First Flight,Rovio Entertainment Oyj,https://apps.apple.com/us/app/reds-first-flight/id1596736236?uo=2,https://is1-ssl.mzstatic.com/image/thumb/Purple126/v4/16/b2/ca/16b2ca07-9218-4469-5e09-29addd3eff9e/AppIcon-1x_U007emarketing-0-7-0-85-220.png/100x100bb.png,2026-06-30,us,toppaid,7012,解谜
2,6746919411,Nubby's Number Factory,MogDogBlog Productions,https://apps.apple.com/us/app/nubbys-number-factory/id6746919411?uo=2,https://is1-ssl.mzstatic.com/image/thumb/Purple211/v4/08/20/f1/0820f1a8-00d5-f9d1-2df5-c00519711e19/AppIcon-0-0-1x_U007emarketing-0-8-0-0-85-220.png/100x100bb.png,2026-06-30,us,toppaid,7012,解谜
3,449735650,Where's My Water?,Disney,https://apps.apple.com/us/app/wheres-my-water/id449735650?uo=2,https://is1-ssl.mzstatic.com/image/thumb/Purple126/v4/3b/61/31/3b61311b-af40-6af9-83c6-c8eb7ca4ad93/AppIcon-0-0-1x_U007emarketing-0-0-0-9-0-0-sRGB-0-0-0-GLES2_U002c0-512MB-85-220-0-0.png/100x100bb.png,2026-06-30,us,toppaid,7012,解谜
4,6757693216,Replicat,Erabit Studios,https://apps.apple.com/us/app/replicat/id6757693216?uo=2,https://is1-ssl.mzstatic.com/image/thumb/Purple221/v4/81/8f/c5/818fc514-6b59-f47d-5cdc-5ec27a864c98/AppIcon-0-0-1x_U007emarketing-0-8-0-85-220.png/100x100bb.png,2026-06-30,us,toppaid,7012,解谜
5,1610947489,Poppy Playtime Chapter 1,"Mob Entertainment, Inc",https://apps.apple.com/us/app/poppy-playtime-chapter-1/id1610947489?uo=2,https://is1-ssl.mzstatic.com/image/thumb/Purple112/v4/40/e1/ab/40e1abb0-cfcb-1efb-2eac-f8b274028e8c/AppIcon-0-0-1x_U007emarketing-0-0-0-7-0-0-sRGB-0-0-0-GLES2_U002c0-512MB-85-220-0-0.png/100x100bb.png,2026-06-30,us,toppaid,7012,解谜
6,6738784092,A Little to the Left: Drawers,Secret Mode,https://apps.apple.com/us/app/a-little-to-the-left-drawers/id6738784092?uo=2,https://is1-ssl.mzstatic.com/image/thumb/Purple221/v4/ca/15/1f/ca151fa8-6f3c-0191-7f7d-88be9097fc21/AppIcon-0-0-1x_U007emarketing-0-8-0-85-220.png/100x100bb.png,2026-06-30,us,toppaid,7012,解谜
7,1461751938,Purple Place - Classic Games,Semyon Popov,https://apps.apple.com/us/app/purple-place-classic-games/id1461751938?uo=2,https://is1-ssl.mzstatic.com/image/thumb/Purple116/v4/5f/14/f6/5f14f6d0-d38a-2031-7b66-1f0e24528153/AppIcon-0-0-1x_U007emarketing-0-0-0-7-0-0-sRGB-0-0-0-GLES2_U002c0-512MB-85-220-0-0.png/100x100bb.png,2026-06-30,us,toppaid,7012,解谜
8,6761413198,That's not my Neighbor.,Jurre Vos,https://apps.apple.com/us/app/thats-not-my-neighbor/id6761413198?uo=2,https://is1-ssl.mzstatic.com/image/thumb/Purple221/v4/38/b8/9e/38b89edf-0453-ed1f-46ce-0666c040b23f/AppIcon-1x_U007emarketing-0-8-0-85-220-0.png/100x100bb.png,2026-06-30,us,toppaid,7012,解谜
9,728293409,Monument Valley,ustwo games,https://apps.apple.com/us/app/monument-valley/id728293409?uo=2,https://is1-ssl.mzstatic.com/image/thumb/Purple211/v4/21/8e/d8/218ed8a3-c616-9ec7-419e-368073b9deb7/AppIcon-0-0-1x_U007emarketing-0-8-0-85-220.png/100x100bb.png,2026-06-30,us,toppaid,7012,解谜
10,1445772666,Keep Talking & Nobody Explodes,Steel Crate Games,https://apps.apple.com/us/app/keep-talking-nobody-explodes/id1445772666?uo=2,https://is1-ssl.mzstatic.com/image/thumb/Purple124/v4/bf/92/0b/bf920b63-9103-5bfd-3b0a-b740eb889563/AppIcon-0-0-1x_U007emarketing-0-0-0-9-0-0-sRGB-0-0-0-GLES2_U002c0-512MB-85-220-0-0.png/100x100bb.png,2026-06-30,us,toppaid,7012,解谜
11,6746137187,Poppy Playtime Chapter 4,"Mob Entertainment, Inc",https://apps.apple.com/us/app/poppy-playtime-chapter-4/id6746137187?uo=2,https://is1-ssl.mzstatic.com/image/thumb/Purple211/v4/15/96/da/1596da58-cb6b-d99b-cea4-91dceadc79fd/AppIcon-1x_U007emarketing-0-8-0-85-220-0.png/100x100bb.png,2026-06-30,us,toppaid,7012,解谜
12,1642601792,The Past Within,Rusty Lake,https://apps.apple.com/us/app/the-past-within/id1642601792?uo=2,https://is1-ssl.mzstatic.com/image/thumb/Purple211/v4/bb/2c/df/bb2cdff2-5289-a7b8-da79-4b7323917d16/AppIcon-0-0-1x_U007emarketing-0-7-0-85-220.png/100x100bb.png,2026-06-30,us,toppaid,7012,解谜
13,6762288718,What's the Password?,TrampolineTales,https://apps.apple.com/us/app/whats-the-password/id6762288718?uo=2,https://is1-ssl.mzstatic.com/image/thumb/Purple211/v4/84/e3/3d/84e33d8e-aa4b-1b2f-5723-82e8e19d490c/AppIcon-0-0-1x_U007epad-0-11-0-85-220.png/100x100bb.png,2026-06-30,us,toppaid,7012,解谜
14,6738784151,A Little to the Left: Stars,Secret Mode,https://apps.apple.com/us/app/a-little-to-the-left-stars/id6738784151?uo=2,https://is1-ssl.mzstatic.com/image/thumb/Purple221/v4/58/a8/54/58a85469-2c22-bb02-7a2e-eb316d8c2ef4/AppIcon-0-0-1x_U007emarketing-0-8-0-85-220.png/100x100bb.png,2026-06-30,us,toppaid,7012,解谜
15,1517281887,Baba Is You,Hempuli,https://apps.apple.com/us/app/baba-is-you/id1517281887?uo=2,https://is1-ssl.mzstatic.com/image/thumb/Purple211/v4/ee/d8/e3/eed8e37d-2d8d-ac79-9281-2591265bda49/AppIcon-1x_U007emarketing-0-0-GLES2_U002c0-512MB-sRGB-0-0-0-85-220-0-0-0-8.png/100x100bb.png,2026-06-30,us,toppaid,7012,解谜
16,1055650930,Codenames,CGE Digital s.r.o.,https://apps.apple.com/us/app/codenames/id1055650930?uo=2,https://is1-ssl.mzstatic.com/image/thumb/Purple221/v4/1f/22/2a/1f222a4e-4ccd-82a5-a92a-b2064d60fc3b/AppIcon-0-0-1x_U007emarketing-0-11-0-85-220.png/100x100bb.png,2026-06-30,us,toppaid,7012,解谜
17,6450058135,Unpacking,Balor Games,https://apps.apple.com/us/app/unpacking/id6450058135?uo=2,https://is1-ssl.mzstatic.com/image/thumb/Purple126/v4/76/6f/bf/766fbfe1-fdd2-1545-dbcf-54277150f9bb/AppIcon-1x_U007emarketing-0-7-0-85-220.png/100x100bb.png,2026-06-30,us,toppaid,7012,解谜
18,1150534552,Clue: Classic Edition,Marmalade Game Studio,https://apps.apple.com/us/app/clue-classic-edition/id1150534552?uo=2,https://is1-ssl.mzstatic.com/image/thumb/Purple221/v4/2f/e1/ef/2fe1efae-5af7-d3ad-9196-ae2237038ce9/AppIcon-0-0-1x_U007emarketing-0-8-0-85-220.png/100x100bb.png,2026-06-30,us,toppaid,7012,解谜
19,6744579956,Illusion Bowling,Daniel Koenig-Meier,https://apps.apple.com/us/app/illusion-bowling/id6744579956?uo=2,https://is1-ssl.mzstatic.com/image/thumb/Purple211/v4/eb/2f/36/eb2f3671-bf77-f053-1fa6-cf977764a0ae/AppIcon-0-0-1x_U007epad-0-1-85-220.png/100x100bb.png,2026-06-30,us,toppaid,7012,解谜
20,1438091392,Human: Fall Flat,"505 Games (US), Inc.",https://apps.apple.com/us/app/human-fall-flat/id1438091392?uo=2,https://is1-ssl.mzstatic.com/image/thumb/Purple211/v4/4e/4b/6e/4e4b6e9f-fa38-3566-aa2f-f0af4f1334c1/AppIcon-1x_U007emarketing-0-8-0-85-220-0.png/100x100bb.png,2026-06-30,us,toppaid,7012,解谜
21,444844790,Scribblenauts Remix,Warner Bros.,https://apps.apple.com/us/app/scribblenauts-remix/id444844790?uo=2,https://is1-ssl.mzstatic.com/image/thumb/Purple115/v4/3c/75/a7/3c75a7da-fdd3-3d8a-a2bc-121c47a1302f/mzl.oyovosxr.png/100x100bb.png,2026-06-30,us,toppaid,7012,解谜
22,6747814605,Is This Seat Taken?,Poti Poti Studio,https://apps.apple.com/us/app/is-this-seat-taken/id6747814605?uo=2,https://is1-ssl.mzstatic.com/image/thumb/Purple211/v4/16/24/d5/1624d5e2-611f-9cee-cb5e-e596962c809f/AppIcon-0-0-1x_U007emarketing-0-8-0-85-220.png/100x100bb.png,2026-06-30,us,toppaid,7012,解谜
23,1030902626,Scribblenauts Unlimited,Warner Bros.,https://apps.apple.com/us/app/scribblenauts-unlimited/id1030902626?uo=2,https://is1-ssl.mzstatic.com/image/thumb/Purple125/v4/a5/10/54/a51054de-c58f-26f2-3a4d-dd00648eea70/AppIcon-1x_U007emarketing-85-220-5.png/100x100bb.png,2026-06-30,us,toppaid,7012,解谜
24,313199385,Sunday Lawn,Donut Games,https://apps.apple.com/us/app/sunday-lawn/id313199385?uo=2,https://is1-ssl.mzstatic.com/image/thumb/Purple128/v4/55/5c/bb/555cbbea-6fd7-897d-8f2b-f9d22371b38f/AppIcon028-0-1x_U007emarketing-0-85-220-6.png/100x100bb.png,2026-06-30,us,toppaid,7012,解谜
25,6744170498,Shotgun King,Plug In Digital,https://apps.apple.com/us/app/shotgun-king/id6744170498?uo=2,https://is1-ssl.mzstatic.com/image/thumb/Purple221/v4/7d/33/3c/7d333c06-bef9-918d-fe6e-aac08f874091/AppIcon-0-0-1x_U007epad-0-1-GLES2_U002c0-85-220.jpeg/100x100bb.png,2026-06-30,us,toppaid,7012,解谜
26,6503954810,Poppy Playtime Chapter 3,"Mob Entertainment, Inc",https://apps.apple.com/us/app/poppy-playtime-chapter-3/id6503954810?uo=2,https://is1-ssl.mzstatic.com/image/thumb/Purple211/v4/25/36/d6/2536d64d-a4e1-ffdc-5dc7-258b1fbfff84/AppIcon-1x_U007emarketing-0-8-0-85-220-0.png/100x100bb.png,2026-06-30,us,toppaid,7012,解谜
27,1320681231,Bring You Home,Alike Studio,https://apps.apple.com/us/app/bring-you-home/id1320681231?uo=2,https://is1-ssl.mzstatic.com/image/thumb/Purple118/v4/2e/bb/4e/2ebb4eb2-5b8a-2e06-d47e-f919fc0352d4/AppIcon-1x_U007emarketing-0-0-GLES2_U002c0-512MB-P3-0-0-0-85-220-0-0-0-3.png/100x100bb.png,2026-06-30,us,toppaid,7012,解谜
28,1187265767,Monument Valley 2,ustwo games,https://apps.apple.com/us/app/monument-valley-2/id1187265767?uo=2,https://is1-ssl.mzstatic.com/image/thumb/Purple221/v4/97/f1/15/97f11538-719a-d660-41d2-d1cde2c59258/AppIcon-0-0-1x_U007emarketing-0-8-0-85-220.png/100x100bb.png,2026-06-30,us,toppaid,7012,解谜
29,6448352407,Unboxing the Cryptic Killer,Eleven Products Sp. z o.o.,https://apps.apple.com/us/app/unboxing-the-cryptic-killer/id6448352407?uo=2,https://is1-ssl.mzstatic.com/image/thumb/Purple211/v4/ad/49/23/ad492327-aaf9-5c91-b332-1a0acfdcd27c/AppIcon-0-0-1x_U007emarketing-0-8-0-85-220.png/100x100bb.png,2026-06-30,us,toppaid,7012,解谜
30,6745073529,Block Blast! For Watch,太宇 左,https://apps.apple.com/us/app/block-blast-for-watch/id6745073529?uo=2,https://is1-ssl.mzstatic.com/image/thumb/Purple211/v4/68/1d/91/681d913c-f47b-d073-13e5-3e78f8625fe8/AppIcon-0-0-1x_U007ewatch-0-1-85-220.png/100x100bb.png,2026-06-30,us,toppaid,7012,解谜
31,667362389,The Room Two,Fireproof Studios Limited,https://apps.apple.com/us/app/the-room-two/id667362389?uo=2,https://is1-ssl.mzstatic.com/image/thumb/Purple125/v4/2a/19/dd/2a19dd0f-f01d-262d-d82c-c1cf38084c3f/AppIcon-1x_U007emarketing-0-85-220-0-8.png/100x100bb.png,2026-06-30,us,toppaid,7012,解谜
32,376374689,Doodle God™,JoyBits Ltd.,https://apps.apple.com/us/app/doodle-god/id376374689?uo=2,https://is1-ssl.mzstatic.com/image/thumb/Purple126/v4/3a/62/75/3a627585-35d6-8595-93eb-3484a0e33b75/AppIcon-0-0-1x_U007emarketing-0-0-0-9-0-0-sRGB-0-0-0-GLES2_U002c0-512MB-85-220-0-0.png/100x100bb.png,2026-06-30,us,toppaid,7012,解谜
33,918054748,The Room Three,Fireproof Studios Limited,https://apps.apple.com/us/app/the-room-three/id918054748?uo=2,https://is1-ssl.mzstatic.com/image/thumb/Purple128/v4/9b/be/fa/9bbefa87-a9a5-a8b8-1443-aed1c1740558/AppIcon-1x_U007emarketing-0-85-220-0-8.png/100x100bb.png,2026-06-30,us,toppaid,7012,解谜
34,6447357776,Clue,Marmalade Game Studio,https://apps.apple.com/us/app/clue/id6447357776?uo=2,https://is1-ssl.mzstatic.com/image/thumb/Purple221/v4/e2/47/f9/e247f90d-b5e2-8c5b-1fd7-5f0a562da062/AppIcon-0-0-1x_U007emarketing-0-8-0-85-220.png/100x100bb.png,2026-06-30,us,toppaid,7012,解谜
35,1357651989,Tick Tock: A Tale for Two,Other Tales Interactive ApS,https://apps.apple.com/us/app/tick-tock-a-tale-for-two/id1357651989?uo=2,https://is1-ssl.mzstatic.com/image/thumb/Purple221/v4/e0/1f/e8/e01fe8a8-e807-214c-15a2-5137922d93d2/AppIcon-0-0-1x_U007emarketing-0-8-0-85-220.png/100x100bb.png,2026-06-30,us,toppaid,7012,解谜
36,1073698593,LEGO® Jurassic World™,Warner Bros.,https://apps.apple.com/us/app/lego-jurassic-world/id1073698593?uo=2,https://is1-ssl.mzstatic.com/image/thumb/Purple221/v4/47/1b/40/471b4094-cafc-a90c-1e25-54cf80f07d73/AppIcon-1x_U007emarketing-0-7-0-85-220-0.png/100x100bb.png,2026-06-30,us,toppaid,7012,解谜
37,6748683190,Eco Power Towns,Tepes Ovidiu,https://apps.apple.com/us/app/eco-power-towns/id6748683190?uo=2,https://is1-ssl.mzstatic.com/image/thumb/Purple211/v4/00/21/07/002107b2-52e7-de45-ac6f-2319936b07a3/AppIcon-0-0-1x_U007emarketing-0-8-0-85-220.png/100x100bb.png,2026-06-30,us,toppaid,7012,解谜
38,1059911569,Rusty Lake Hotel,Rusty Lake,https://apps.apple.com/us/app/rusty-lake-hotel/id1059911569?uo=2,https://is1-ssl.mzstatic.com/image/thumb/Purple115/v4/19/cc/4a/19cc4a4b-ac70-bcc8-b2f8-84f1eac2ecae/AppIcon-1x_U007emarketing-0-0-GLES2_U002c0-512MB-sRGB-0-0-0-85-220-0-0-0-3.png/100x100bb.png,2026-06-30,us,toppaid,7012,解谜
39,6764115591,Grabby Crab,Tepes Ovidiu,https://apps.apple.com/us/app/grabby-crab/id6764115591?uo=2,https://is1-ssl.mzstatic.com/image/thumb/Purple211/v4/d7/53/07/d753070c-f888-9d63-9610-e03d1c468ceb/AppIcon-0-0-1x_U007emarketing-0-8-0-0-85-220.png/100x100bb.png,2026-06-30,us,toppaid,7012,解谜
40,6759285712,Zyl,Fleon Labs,https://apps.apple.com/us/app/zyl/id6759285712?uo=2,https://is1-ssl.mzstatic.com/image/thumb/Purple211/v4/11/74/bc/1174bc02-b040-befa-3427-6b36f18384f3/AppIcon-0-0-1x_U007epad-0-1-85-220.png/100x100bb.png,2026-06-30,us,toppaid,7012,解谜
41,1142016085,Rusty Lake: Roots,Rusty Lake,https://apps.apple.com/us/app/rusty-lake-roots/id1142016085?uo=2,https://is1-ssl.mzstatic.com/image/thumb/Purple124/v4/0d/4b/59/0d4b5901-dfac-dede-1c25-b548deafa1ea/AppIcon-1x_U007emarketing-0-0-GLES2_U002c0-512MB-sRGB-0-0-0-85-220-0-0-0-3.png/100x100bb.png,2026-06-30,us,toppaid,7012,解谜
42,1039141908,LEGO® Ninjago™,Warner Bros.,https://apps.apple.com/us/app/lego-ninjago/id1039141908?uo=2,https://is1-ssl.mzstatic.com/image/thumb/Purple221/v4/0a/b0/83/0ab08316-174e-7ae2-689f-d8bc9b036b49/AppIcon-1x_U007emarketing-0-7-0-85-220-0.png/100x100bb.png,2026-06-30,us,toppaid,7012,解谜
43,6450008138,Strange Horticulture,Plug In Digital,https://apps.apple.com/us/app/strange-horticulture/id6450008138?uo=2,https://is1-ssl.mzstatic.com/image/thumb/Purple221/v4/0b/e2/34/0be2344a-74aa-645f-ccde-63f7f24cce9b/AppIcon-0-0-1x_U007emarketing-0-7-0-85-220.png/100x100bb.png,2026-06-30,us,toppaid,7012,解谜
44,656951157,Playdead's LIMBO,Playdead,https://apps.apple.com/us/app/playdeads-limbo/id656951157?uo=2,https://is1-ssl.mzstatic.com/image/thumb/Purple221/v4/27/93/37/27933752-b38e-368a-c72f-ecab44dc2ccd/AppIcon-0-0-1x_U007emarketing-0-10-0-85-220.png/100x100bb.png,2026-06-30,us,toppaid,7012,解谜
45,1253855339,Rusty Lake Paradise,Rusty Lake,https://apps.apple.com/us/app/rusty-lake-paradise/id1253855339?uo=2,https://is1-ssl.mzstatic.com/image/thumb/Purple124/v4/04/e8/db/04e8db96-435a-1344-7117-2a2206927cb1/AppIcon-1x_U007emarketing-0-0-GLES2_U002c0-512MB-sRGB-0-0-0-85-220-0-0-0-3.png/100x100bb.png,2026-06-30,us,toppaid,7012,解谜
46,1587860402,Moncage,X.D. Network Inc.,https://apps.apple.com/us/app/moncage/id1587860402?uo=2,https://is1-ssl.mzstatic.com/image/thumb/Purple116/v4/65/cf/fa/65cffac5-14b6-4325-ac86-0ffae1d5d97d/AppIcon-0-0-1x_U007emarketing-0-0-0-7-0-0-sRGB-0-0-0-GLES2_U002c0-512MB-85-220-0-0.png/100x100bb.png,2026-06-30,us,toppaid,7012,解谜
47,779157948,Threes!,Sirvo LLC,https://apps.apple.com/us/app/threes/id779157948?uo=2,https://is1-ssl.mzstatic.com/image/thumb/Purple221/v4/b8/47/56/b8475690-d12a-dce4-b99c-caf53418ba98/AppIcon-0-0-1x_U007emarketing-0-8-0-85-220.png/100x100bb.png,2026-06-30,us,toppaid,7012,解谜
48,372283316,▻Sudoku +,"PeopleFun CG, LLC",https://apps.apple.com/us/app/sudoku/id372283316?uo=2,https://is1-ssl.mzstatic.com/image/thumb/Purple113/v4/16/de/2c/16de2ce2-7618-69c8-148b-9b5a3290c777/SdoProIcon-0-0-1x_U007emarketing-0-0-0-9-0-0-sRGB-0-0-0-GLES2_U002c0-512MB-85-220-0-0.png/100x100bb.png,2026-06-30,us,toppaid,7012,解谜
49,6758862862,Nowhere House,Dark Dome,https://apps.apple.com/us/app/nowhere-house/id6758862862?uo=2,https://is1-ssl.mzstatic.com/image/thumb/Purple211/v4/82/e2/87/82e28700-6ebc-b8d1-bb38-3eaa3ce6021a/AppIcon-0-0-1x_U007emarketing-0-0-0-10-0-0-sRGB-0-0-0-GLES2_U002c0-512MB-85-220-0-0.png/100x100bb.png,2026-06-30,us,toppaid,7012,解谜
50,329981776,Sudoku ′ No ads,"Mind The Frog, Inc.",https://apps.apple.com/us/app/sudoku-no-ads/id329981776?uo=2,https://is1-ssl.mzstatic.com/image/thumb/Purple221/v4/54/c7/2a/54c72ae8-292f-b274-39bb-09022fea4fe1/AppIcon-0-1x_U007emarketing-0-8-0-85-220-0.png/100x100bb.png,2026-06-30,us,toppaid,7012,解谜
1,479516143,Minecraft: Play with Friends!,Mojang,https://apps.apple.com/us/app/minecraft-play-with-friends/id479516143?uo=2,https://is1-ssl.mzstatic.com/image/thumb/Purple211/v4/fd/17/8c/fd178c91-f3fb-a48a-cd60-1c927536220f/AppIcon-0-0-1x_U007emarketing-0-10-0-85-220.png/100x100bb.png,2026-06-30,us,toppaid,6014,游戏
2,623592465,Heads Up!,Warner Bros.,https://apps.apple.com/us/app/heads-up/id623592465?uo=2,https://is1-ssl.mzstatic.com/image/thumb/Purple211/v4/a3/27/33/a32733ef-8c13-9c09-4a43-085476244d57/AppIcon-0-0-1x_U007emarketing-0-8-0-85-220.png/100x100bb.png,2026-06-30,us,toppaid,6014,游戏
3,625334537,Geometry Dash,RobTop Games AB,https://apps.apple.com/us/app/geometry-dash/id625334537?uo=2,https://is1-ssl.mzstatic.com/image/thumb/Purple211/v4/5a/d5/97/5ad5971d-b8ea-d82f-415f-f69be6bde65c/AppIcon-1x_U007emarketing-0-11-0-85-220-0.png/100x100bb.png,2026-06-30,us,toppaid,6014,游戏
4,525818839,Plague Inc.,Ndemic Creations,https://apps.apple.com/us/app/plague-inc/id525818839?uo=2,https://is1-ssl.mzstatic.com/image/thumb/Purple221/v4/4c/2e/05/4c2e05a3-8809-22db-0d9b-ded70f5b3cd1/AppIcon-0-0-1x_U007emarketing-0-8-0-0-sRGB-85-220.png/100x100bb.png,2026-06-30,us,toppaid,6014,游戏
5,1596736236,Red's First Flight,Rovio Entertainment Oyj,https://apps.apple.com/us/app/reds-first-flight/id1596736236?uo=2,https://is1-ssl.mzstatic.com/image/thumb/Purple126/v4/16/b2/ca/16b2ca07-9218-4469-5e09-29addd3eff9e/AppIcon-1x_U007emarketing-0-7-0-85-220.png/100x100bb.png,2026-06-30,us,toppaid,6014,游戏
6,6758328352,Scritchy Scratchy,Funday Games ApS,https://apps.apple.com/us/app/scritchy-scratchy/id6758328352?uo=2,https://is1-ssl.mzstatic.com/image/thumb/Purple211/v4/58/06/c2/5806c2e0-3d8d-760f-e40d-b7b0b8d3e691/AppIcon-0-0-1x_U007emarketing-0-8-0-85-220.png/100x100bb.png,2026-06-30,us,toppaid,6014,游戏
7,1118115766,Bloons TD 6,Ninja Kiwi,https://apps.apple.com/us/app/bloons-td-6/id1118115766?uo=2,https://is1-ssl.mzstatic.com/image/thumb/Purple211/v4/fd/7e/12/fd7e1256-26c8-89ac-3924-fe7d08d136c0/AppIcon-0-0-1x_U007emarketing-0-8-0-85-220.png/100x100bb.png,2026-06-30,us,toppaid,6014,游戏
8,6502453075,Balatro,Playstack Ltd,https://apps.apple.com/us/app/balatro/id6502453075?uo=2,https://is1-ssl.mzstatic.com/image/thumb/Purple211/v4/6d/d3/0c/6dd30caf-f830-22d5-ba44-448cdff0df30/iOS_AppIcon_Premium-0-0-1x_U007epad-0-1-85-220.png/100x100bb.png,2026-06-30,us,toppaid,6014,游戏
9,1406710800,Stardew Valley,ConcernedApe,https://apps.apple.com/us/app/stardew-valley/id1406710800?uo=2,https://is1-ssl.mzstatic.com/image/thumb/Purple211/v4/0e/df/12/0edf1230-3f6e-fbb3-7f72-f2aa844d100a/AppIcons-0-0-1x_U007emarketing-0-8-0-85-220.png/100x100bb.png,2026-06-30,us,toppaid,6014,游戏
10,1477966166,MONOPOLY: The Board Game,Marmalade Game Studio,https://apps.apple.com/us/app/monopoly-the-board-game/id1477966166?uo=2,https://is1-ssl.mzstatic.com/image/thumb/Purple221/v4/c5/69/60/c5696050-34c0-c346-9b36-9e0d10137801/AppIcon-0-0-1x_U007emarketing-0-8-0-85-220.png/100x100bb.png,2026-06-30,us,toppaid,6014,游戏
11,824305459,Papa's Freezeria To Go!,Flipline Studios,https://apps.apple.com/us/app/papas-freezeria-to-go/id824305459?uo=2,https://is1-ssl.mzstatic.com/image/thumb/Purple124/v4/44/d1/bb/44d1bb03-8871-ff83-c212-5c55b0f335a6/AppIcon-1x_U007emarketing-0-0-GLES2_U002c0-512MB-sRGB-0-0-0-85-220-0-0-0-6.png/100x100bb.png,2026-06-30,us,toppaid,6014,游戏
12,763692274,Grand Theft Auto: San Andreas,Rockstar Games,https://apps.apple.com/us/app/grand-theft-auto-san-andreas/id763692274?uo=2,https://is1-ssl.mzstatic.com/image/thumb/Purple221/v4/c0/02/f2/c002f295-cf73-0278-8e73-d8d1f9e7a9af/AppIcon-0-0-1x_U007emarketing-0-7-0-85-220.png/100x100bb.png,2026-06-30,us,toppaid,6014,游戏
13,891194610,Earn to Die 2,Not Doppler,https://apps.apple.com/us/app/earn-to-die-2/id891194610?uo=2,https://is1-ssl.mzstatic.com/image/thumb/Purple221/v4/fe/cc/ab/feccab35-76b9-2ffa-7a6a-40ea9af24707/AppIcon-1x_U007emarketing-0-7-0-85-220-0.png/100x100bb.png,2026-06-30,us,toppaid,6014,游戏
14,1491530147,Slay the Spire,Balor Games,https://apps.apple.com/us/app/slay-the-spire/id1491530147?uo=2,https://is1-ssl.mzstatic.com/image/thumb/Purple221/v4/91/0c/92/910c920a-0ab6-1939-e297-083995b640c7/AppIcon-1x_U007emarketing-0-11-0-0-85-220-0.png/100x100bb.png,2026-06-30,us,toppaid,6014,游戏
15,1093131935,Incredibox,So Far So Good,https://apps.apple.com/us/app/incredibox/id1093131935?uo=2,https://is1-ssl.mzstatic.com/image/thumb/Purple211/v4/d0/2b/6c/d02b6c61-94fe-4863-56ae-a2a522061147/AppIcon-0-0-1x_U007epad-0-1-85-220.png/100x100bb.png,2026-06-30,us,toppaid,6014,游戏
16,6740349587,Backyard Baseball '01,Playground Productions LLC,https://apps.apple.com/us/app/backyard-baseball-01/id6740349587?uo=2,https://is1-ssl.mzstatic.com/image/thumb/Purple211/v4/f2/2d/3e/f22d3ebd-1e8e-0f33-aeb9-8a65b6daf3f8/AppIcon-1x_U007epad-0-1-85-220-0.png/100x100bb.png,2026-06-30,us,toppaid,6014,游戏
17,640364616,Terraria,"505 Games (US), Inc.",https://apps.apple.com/us/app/terraria/id640364616?uo=2,https://is1-ssl.mzstatic.com/image/thumb/Purple221/v4/12/1b/e8/121be88a-adf0-6fb1-60bc-19cc9c156a11/AppIcon-1x_U007emarketing-0-8-0-85-220-0.png/100x100bb.png,2026-06-30,us,toppaid,6014,游戏
18,575154654,Pou,Zakeh Limited,https://apps.apple.com/us/app/pou/id575154654?uo=2,https://is1-ssl.mzstatic.com/image/thumb/Purple221/v4/ae/b9/81/aeb981e4-c84e-0536-bd0b-4b5370d6f12c/AppIcon-0-0-1x_U007emarketing-0-5-0-85-220.png/100x100bb.png,2026-06-30,us,toppaid,6014,游戏
19,6754894237,CloverPit,Future Friends Games,https://apps.apple.com/us/app/cloverpit/id6754894237?uo=2,https://is1-ssl.mzstatic.com/image/thumb/Purple221/v4/3d/83/4f/3d834fff-7e41-dbe7-06ff-e91fd0422963/AppIcon-0-0-1x_U007emarketing-0-8-0-85-220.png/100x100bb.png,2026-06-30,us,toppaid,6014,游戏
20,912536422,Five Nights at Freddy's,CLICKTEAM LLC USA,https://apps.apple.com/us/app/five-nights-at-freddys/id912536422?uo=2,https://is1-ssl.mzstatic.com/image/thumb/Purple211/v4/9b/77/03/9b77034f-5ade-ddf5-9c2d-48fd8a546c62/AppIcon-1x_U007epad-0-85-220-0.png/100x100bb.png,2026-06-30,us,toppaid,6014,游戏
21,1631859420,After Inc.,Ndemic Creations,https://apps.apple.com/us/app/after-inc/id1631859420?uo=2,https://is1-ssl.mzstatic.com/image/thumb/Purple221/v4/67/77/b5/6777b52c-61c3-40c4-27c9-73cffb0a4ecd/AppIcon-0-0-1x_U007emarketing-0-8-0-85-220.png/100x100bb.png,2026-06-30,us,toppaid,6014,游戏
22,1622869542,Kingdom Rush 5: Alliance TD,Ironhide S.A.,https://apps.apple.com/us/app/kingdom-rush-5-alliance-td/id1622869542?uo=2,https://is1-ssl.mzstatic.com/image/thumb/Purple221/v4/37/b7/0d/37b70dd2-119e-0983-504e-35b13eef8564/AppIcon-0-0-1x_U007emarketing-0-8-0-85-220.png/100x100bb.png,2026-06-30,us,toppaid,6014,游戏
23,6748056918,Farming Simulator 26 Mobile,GIANTS Software GmbH,https://apps.apple.com/us/app/farming-simulator-26-mobile/id6748056918?uo=2,https://is1-ssl.mzstatic.com/image/thumb/Purple221/v4/34/9b/55/349b557c-8493-3a66-ddca-27b359b08b37/AppIcon-0-0-1x_U007emarketing-0-11-0-85-220.png/100x100bb.png,2026-06-30,us,toppaid,6014,游戏
24,6746919411,Nubby's Number Factory,MogDogBlog Productions,https://apps.apple.com/us/app/nubbys-number-factory/id6746919411?uo=2,https://is1-ssl.mzstatic.com/image/thumb/Purple211/v4/08/20/f1/0820f1a8-00d5-f9d1-2df5-c00519711e19/AppIcon-0-0-1x_U007emarketing-0-8-0-0-85-220.png/100x100bb.png,2026-06-30,us,toppaid,6014,游戏
25,6714479204,Lowriders Comeback: Boulevard,Oleh Chernykh,https://apps.apple.com/us/app/lowriders-comeback-boulevard/id6714479204?uo=2,https://is1-ssl.mzstatic.com/image/thumb/Purple221/v4/d6/a4/d6/d6a4d65c-2fb0-245b-61f2-0a791d6788fd/AppIcon-0-0-1x_U007emarketing-0-8-0-85-220.png/100x100bb.png,2026-06-30,us,toppaid,6014,游戏
26,563718995,Bloons TD 5,Ninja Kiwi,https://apps.apple.com/us/app/bloons-td-5/id563718995?uo=2,https://is1-ssl.mzstatic.com/image/thumb/Purple211/v4/11/30/a5/1130a5bc-ae59-1c34-1e91-e16146586ff3/AppIcon-0-0-1x_U007emarketing-0-4-85-220.png/100x100bb.png,2026-06-30,us,toppaid,6014,游戏
27,6746944662,Voidloop,Jasper Levin,https://apps.apple.com/us/app/voidloop/id6746944662?uo=2,https://is1-ssl.mzstatic.com/image/thumb/Purple221/v4/e2/33/05/e23305c4-d44f-91a6-688f-bc268cc099be/AppIcon-1x_U007emarketing-0-8-0-85-220-0.png/100x100bb.png,2026-06-30,us,toppaid,6014,游戏
28,1012298403,Don't Starve: Pocket Edition,Klei,https://apps.apple.com/us/app/dont-starve-pocket-edition/id1012298403?uo=2,https://is1-ssl.mzstatic.com/image/thumb/Purple112/v4/03/29/5e/03295e4c-5637-9419-83e5-e9939e90370c/Normal_Icon-1x_U007emarketing-0-10-0-85-220.png/100x100bb.png,2026-06-30,us,toppaid,6014,游戏
29,600626116,Papa's Burgeria To Go!,Flipline Studios,https://apps.apple.com/us/app/papas-burgeria-to-go/id600626116?uo=2,https://is1-ssl.mzstatic.com/image/thumb/Purple114/v4/74/6f/8c/746f8c3d-f8d0-ce82-ba77-47bac118aa39/AppIcon-1x_U007emarketing-0-0-GLES2_U002c0-512MB-sRGB-0-0-0-85-220-0-0-0-6.png/100x100bb.png,2026-06-30,us,toppaid,6014,游戏
30,449735650,Where's My Water?,Disney,https://apps.apple.com/us/app/wheres-my-water/id449735650?uo=2,https://is1-ssl.mzstatic.com/image/thumb/Purple126/v4/3b/61/31/3b61311b-af40-6af9-83c6-c8eb7ca4ad93/AppIcon-0-0-1x_U007emarketing-0-0-0-9-0-0-sRGB-0-0-0-GLES2_U002c0-512MB-85-220-0-0.png/100x100bb.png,2026-06-30,us,toppaid,6014,游戏
31,6747752407,Gambonanza,Stray Fawn Studio,https://apps.apple.com/us/app/gambonanza/id6747752407?uo=2,https://is1-ssl.mzstatic.com/image/thumb/Purple221/v4/a0/48/dd/a048dda3-5e2d-a94a-55fd-73ac4ae9fa1f/AppIcon-0-0-1x_U007emarketing-0-8-0-85-220.png/100x100bb.png,2026-06-30,us,toppaid,6014,游戏
32,1451873044,Papa's Wingeria To Go!,Flipline Studios,https://apps.apple.com/us/app/papas-wingeria-to-go/id1451873044?uo=2,https://is1-ssl.mzstatic.com/image/thumb/Purple123/v4/a3/a4/86/a3a4865b-461b-6137-ad34-079921f0cee7/AppIcon-1x_U007emarketing-0-0-GLES2_U002c0-512MB-sRGB-0-0-0-85-220-0-0-0-6.png/100x100bb.png,2026-06-30,us,toppaid,6014,游戏
33,578448682,Grand Theft Auto: Vice City,Rockstar Games,https://apps.apple.com/us/app/grand-theft-auto-vice-city/id578448682?uo=2,https://is1-ssl.mzstatic.com/image/thumb/Purple113/v4/57/01/fd/5701fd72-a6a2-35db-0710-30a0fb014cc6/AppIcon-0-1x_U007emarketing-85-220-4.png/100x100bb.png,2026-06-30,us,toppaid,6014,游戏
34,1551207253,Papa's Mocharia To Go!,Flipline Studios,https://apps.apple.com/us/app/papas-mocharia-to-go/id1551207253?uo=2,https://is1-ssl.mzstatic.com/image/thumb/Purple124/v4/48/f8/a9/48f8a98b-33d4-6e2f-39e8-0a80de180631/AppIcon-1x_U007emarketing-0-0-GLES2_U002c0-512MB-sRGB-0-0-0-85-220-0-0-0-6.png/100x100bb.png,2026-06-30,us,toppaid,6014,游戏
35,941143328,Five Nights at Freddy's 2,CLICKTEAM LLC USA,https://apps.apple.com/us/app/five-nights-at-freddys-2/id941143328?uo=2,https://is1-ssl.mzstatic.com/image/thumb/Purple126/v4/74/30/b1/7430b134-0ebe-53ef-88b9-53cfc8d3acce/AppIcon-0-0-1x_U007epad-0-0-0-0-0-0-sRGB-0-0-0-GLES2_U002c0-512MB-85-220-0-0.png/100x100bb.png,2026-06-30,us,toppaid,6014,游戏
36,6463616555,Ticket to Ride®,Marmalade Game Studio,https://apps.apple.com/us/app/ticket-to-ride/id6463616555?uo=2,https://is1-ssl.mzstatic.com/image/thumb/Purple221/v4/e5/b6/11/e5b61113-0388-797d-ddfa-fecf36241fa9/AppIcon-0-0-1x_U007emarketing-0-8-0-85-220.png/100x100bb.png,2026-06-30,us,toppaid,6014,游戏
37,564874986,Backflip Madness,Gamesoul Studio,https://apps.apple.com/us/app/backflip-madness/id564874986?uo=2,https://is1-ssl.mzstatic.com/image/thumb/Purple221/v4/9a/0a/e3/9a0ae388-e7ed-2190-f6e5-59431d10f058/AppIcon-1x_U007epad-0-1-85-220-0.png/100x100bb.png,2026-06-30,us,toppaid,6014,游戏
38,1479608271,Arcadia - Watch Games,Raffaele D'Amato,https://apps.apple.com/us/app/arcadia-watch-games/id1479608271?uo=2,https://is1-ssl.mzstatic.com/image/thumb/Purple221/v4/f1/f6/1d/f1f61dea-654f-31ab-2e94-ebbb5ca95000/AppIcon-0-0-1x_U007epad-0-1-0-85-220.png/100x100bb.png,2026-06-30,us,toppaid,6014,游戏
39,6477835115,Papa's Paleteria To Go!,Flipline Studios,https://apps.apple.com/us/app/papas-paleteria-to-go/id6477835115?uo=2,https://is1-ssl.mzstatic.com/image/thumb/Purple221/v4/35/d2/1f/35d21fd6-16b8-0ce5-e084-6176c24d3c62/AppIcon-0-0-1x_U007epad-0-85-220.png/100x100bb.png,2026-06-30,us,toppaid,6014,游戏
40,925494667,Papa's Pizzeria To Go!,Flipline Studios,https://apps.apple.com/us/app/papas-pizzeria-to-go/id925494667?uo=2,https://is1-ssl.mzstatic.com/image/thumb/Purple114/v4/7b/d3/eb/7bd3ebd3-8c21-1e3a-88d1-15508dccb767/AppIcon-1x_U007emarketing-0-0-GLES2_U002c0-512MB-sRGB-0-0-0-85-220-0-0-0-6.png/100x100bb.png,2026-06-30,us,toppaid,6014,游戏
41,1504952058,Papa's Sushiria To Go!,Flipline Studios,https://apps.apple.com/us/app/papas-sushiria-to-go/id1504952058?uo=2,https://is1-ssl.mzstatic.com/image/thumb/Purple123/v4/fa/eb/01/faeb0149-1797-7be7-21be-579ba1dcf779/AppIcon-1x_U007emarketing-0-0-GLES2_U002c0-512MB-sRGB-0-0-0-85-220-0-0-0-6.png/100x100bb.png,2026-06-30,us,toppaid,6014,游戏
42,6760708552,The Completionist: 1990 – 1999,Frosty Pop,https://apps.apple.com/us/app/the-completionist-1990-1999/id6760708552?uo=2,https://is1-ssl.mzstatic.com/image/thumb/Purple211/v4/c6/36/78/c636785e-ac04-cd25-e197-c2a9e2c2c4c6/AppIcon-0-0-1x_U007epad-0-1-85-220.png/100x100bb.png,2026-06-30,us,toppaid,6014,游戏
43,935216956,"Papers, Please",3909,https://apps.apple.com/us/app/papers-please/id935216956?uo=2,https://is1-ssl.mzstatic.com/image/thumb/Purple126/v4/97/3f/c1/973fc1ac-d8d0-028d-055d-db313fe3bd86/AppIcon-0-0-1x_U007emarketing-0-0-0-7-0-0-sRGB-0-0-0-GLES2_U002c0-512MB-85-220-0-0.png/100x100bb.png,2026-06-30,us,toppaid,6014,游戏
44,837860959,Mini Metro,Dinosaur Polo Club,https://apps.apple.com/us/app/mini-metro/id837860959?uo=2,https://is1-ssl.mzstatic.com/image/thumb/Purple211/v4/7a/ed/56/7aed5613-8242-de14-d125-fffdaebe8c7c/AppIcon-1x_U007emarketing-0-8-0-85-220-0.png/100x100bb.png,2026-06-30,us,toppaid,6014,游戏
45,1474716211,60 Seconds! Reatomized,Robot Gentleman sp. z o.o.,https://apps.apple.com/us/app/60-seconds-reatomized/id1474716211?uo=2,https://is1-ssl.mzstatic.com/image/thumb/Purple126/v4/47/ff/04/47ff0468-ecd4-9b2e-2faa-c63c1bef4215/AppIcon-0-0-1x_U007emarketing-0-0-0-7-0-0-sRGB-0-0-0-GLES2_U002c0-512MB-85-220-0-0.png/100x100bb.png,2026-06-30,us,toppaid,6014,游戏
46,1361473095,MuseDash,hasuhasu,https://apps.apple.com/us/app/musedash/id1361473095?uo=2,https://is1-ssl.mzstatic.com/image/thumb/Purple211/v4/e8/3e/7c/e83e7cc8-1490-cd38-72dd-cd9da5220713/AppIcon-0-0-1x_U007emarketing-0-8-0-85-220.png/100x100bb.png,2026-06-30,us,toppaid,6014,游戏
47,6757693216,Replicat,Erabit Studios,https://apps.apple.com/us/app/replicat/id6757693216?uo=2,https://is1-ssl.mzstatic.com/image/thumb/Purple221/v4/81/8f/c5/818fc514-6b59-f47d-5cdc-5ec27a864c98/AppIcon-0-0-1x_U007emarketing-0-8-0-85-220.png/100x100bb.png,2026-06-30,us,toppaid,6014,游戏
48,1023146677,Five Nights at Freddy's 4,CLICKTEAM LLC USA,https://apps.apple.com/us/app/five-nights-at-freddys-4/id1023146677?uo=2,https://is1-ssl.mzstatic.com/image/thumb/Purple126/v4/ad/73/d4/ad73d428-ce0b-5b46-2883-9b424d0a3408/AppIcon-1x_U007epad-0-85-220-0.png/100x100bb.png,2026-06-30,us,toppaid,6014,游戏
49,1438245901,Papa's Pancakeria To Go!,Flipline Studios,https://apps.apple.com/us/app/papas-pancakeria-to-go/id1438245901?uo=2,https://is1-ssl.mzstatic.com/image/thumb/Purple123/v4/d8/cf/ae/d8cfaec7-0fe8-dc80-8d1e-367a1a3fd6f5/AppIcon-1x_U007emarketing-0-0-GLES2_U002c0-512MB-sRGB-0-0-0-85-220-0-0-0-6.png/100x100bb.png,2026-06-30,us,toppaid,6014,游戏
50,1392608717,Papa's Scooperia To Go!,Flipline Studios,https://apps.apple.com/us/app/papas-scooperia-to-go/id1392608717?uo=2,https://is1-ssl.mzstatic.com/image/thumb/Purple124/v4/ed/e0/6f/ede06fd5-fd4e-963a-d639-92ca492fb096/AppIcon-1x_U007emarketing-0-0-GLES2_U002c0-512MB-sRGB-0-0-0-85-220-0-0-0-6.png/100x100bb.png,2026-06-30,us,toppaid,6014,游戏
1,623592465,Heads Up!,Warner Bros.,https://apps.apple.com/us/app/heads-up/id623592465?uo=2,https://is1-ssl.mzstatic.com/image/thumb/Purple211/v4/a3/27/33/a32733ef-8c13-9c09-4a43-085476244d57/AppIcon-0-0-1x_U007emarketing-0-8-0-85-220.png/100x100bb.png,2026-06-30,us,toppaid,7019,文字
2,6785008015,Color Sneak: Room Escape,THAMI NADRI,https://apps.apple.com/us/app/color-sneak-room-escape/id6785008015?uo=2,https://is1-ssl.mzstatic.com/image/thumb/Purple211/v4/f9/39/92/f93992da-6658-778a-48d5-e75d2b782c94/AppIcon-0-0-1x_U007emarketing-0-8-0-85-220.png/100x100bb.png,2026-06-30,us,toppaid,7019,文字
3,1563932741,Taboo,Marmalade Game Studio,https://apps.apple.com/us/app/taboo/id1563932741?uo=2,https://is1-ssl.mzstatic.com/image/thumb/Purple211/v4/c3/20/49/c320498f-07ad-e040-6a96-7dd1abe5b04b/AppIcon-0-0-1x_U007emarketing-0-8-0-85-220.png/100x100bb.png,2026-06-30,us,toppaid,7019,文字
4,6757950840,Scriver: A Word Game,Justin Nguyen,https://apps.apple.com/us/app/scriver-a-word-game/id6757950840?uo=2,https://is1-ssl.mzstatic.com/image/thumb/Purple211/v4/06/6c/7a/066c7ab5-b1fb-6d53-d24f-88ab1c4f4dce/AppIcon-0-0-1x_U007emarketing-0-8-0-85-220.png/100x100bb.png,2026-06-30,us,toppaid,7019,文字
5,444844790,Scribblenauts Remix,Warner Bros.,https://apps.apple.com/us/app/scribblenauts-remix/id444844790?uo=2,https://is1-ssl.mzstatic.com/image/thumb/Purple115/v4/3c/75/a7/3c75a7da-fdd3-3d8a-a2bc-121c47a1302f/mzl.oyovosxr.png/100x100bb.png,2026-06-30,us,toppaid,7019,文字
6,937976391,Heads Up! Charades for Kids,Warner Bros.,https://apps.apple.com/us/app/heads-up-charades-for-kids/id937976391?uo=2,https://is1-ssl.mzstatic.com/image/thumb/Purple125/v4/98/04/84/9804842b-9773-85b5-1fda-8c801e03f16b/AppIconBETA-1x_U007emarketing-0-5-0-85-220.png/100x100bb.png,2026-06-30,us,toppaid,7019,文字
7,6757707409,Cozy Crosswords,"Mulberry Tree Games, LLC",https://apps.apple.com/us/app/cozy-crosswords/id6757707409?uo=2,https://is1-ssl.mzstatic.com/image/thumb/Purple211/v4/49/bf/bb/49bfbbcf-9935-3076-53e6-651bf322fde8/AppIcon-1x_U007epad-0-11-0-85-220-0.png/100x100bb.png,2026-06-30,us,toppaid,7019,文字
8,952658953,Her Story,Sam Barlow,https://apps.apple.com/us/app/her-story/id952658953?uo=2,https://is1-ssl.mzstatic.com/image/thumb/Purple1/v4/f9/50/21/f950219d-90d5-a804-077c-459d6284ffbe/mzl.ngujptgp.png/100x100bb.png,2026-06-30,us,toppaid,7019,文字
9,306628397,Phrase Party! Pro — catch it,logan sease,https://apps.apple.com/us/app/phrase-party-pro-catch-it/id306628397?uo=2,https://is1-ssl.mzstatic.com/image/thumb/Purple221/v4/e3/a5/fd/e3a5fd4b-9455-c17d-2d95-3e7cd6cb7c98/AppIcon-Premium-0-0-1x_U007emarketing-0-8-0-85-220.png/100x100bb.png,2026-06-30,us,toppaid,7019,文字
10,6446267827,Honeycomb - Word Puzzle,"Spiralburst Studio, LLC",https://apps.apple.com/us/app/honeycomb-word-puzzle/id6446267827?uo=2,https://is1-ssl.mzstatic.com/image/thumb/Purple211/v4/b3/bb/0f/b3bb0fa9-7ac7-c0a5-6e4a-1d7c5e05cfff/AppIcon-0-0-1x_U007epad-0-1-85-220.png/100x100bb.png,2026-06-30,us,toppaid,7019,文字
11,546236058,The Game Gal's Word Generator,Spark Genius,https://apps.apple.com/us/app/the-game-gals-word-generator/id546236058?uo=2,https://is1-ssl.mzstatic.com/image/thumb/Purple116/v4/28/bf/0e/28bf0e80-54d4-c4a6-81f1-15bdf8fe73a4/AppIcon-0-0-1x_U007emarketing-0-0-0-7-0-0-sRGB-0-0-0-GLES2_U002c0-512MB-85-220-0-0.png/100x100bb.png,2026-06-30,us,toppaid,7019,文字
12,796873021,Грамотей PRO,Nekhoroshev Ilya,https://apps.apple.com/us/app/%D0%B3%D1%80%D0%B0%D0%BC%D0%BE%D1%82%D0%B5%D0%B9-pro/id796873021?uo=2,https://is1-ssl.mzstatic.com/image/thumb/Purple113/v4/e7/45/d8/e745d84f-9c8d-777c-a876-a77abbc08398/AppIconPro-0-0-1x_U007emarketing-0-0-0-7-0-0-sRGB-0-0-0-GLES2_U002c0-512MB-85-220-0-0.png/100x100bb.png,2026-06-30,us,toppaid,7019,文字
13,1481295291,GuessPhrase Pro - Word Game,"Plexum, LLC",https://apps.apple.com/us/app/guessphrase-pro-word-game/id1481295291?uo=2,https://is1-ssl.mzstatic.com/image/thumb/Purple211/v4/4f/14/59/4f1459b1-312b-ec03-e0e7-07d223bdd354/AppIcon-0-0-1x_U007emarketing-0-11-0-85-220.png/100x100bb.png,2026-06-30,us,toppaid,7019,文字
14,284036524,Crosswords Classic,"Stand Alone, Inc.",https://apps.apple.com/us/app/crosswords-classic/id284036524?uo=2,https://is1-ssl.mzstatic.com/image/thumb/Purple221/v4/1c/da/a9/1cdaa995-b1ea-c07d-1541-9bbb8abc0e57/AppIcon-0-0-1x_U007emarketing-0-7-85-220.png/100x100bb.png,2026-06-30,us,toppaid,7019,文字
15,547805285,Phrase Frenzy - Catch It!,"Brain Rice Games, LLC",https://apps.apple.com/us/app/phrase-frenzy-catch-it/id547805285?uo=2,https://is1-ssl.mzstatic.com/image/thumb/Purple221/v4/25/23/0b/25230b4f-bbb8-c7cd-154a-30c4d1e67bf8/AppIcon-0-0-1x_U007epad-0-1-0-85-220.png/100x100bb.png,2026-06-30,us,toppaid,7019,文字
16,6758466548,Scramblet - Word Puzzle Game,Hudson Heavy Industries,https://apps.apple.com/us/app/scramblet-word-puzzle-game/id6758466548?uo=2,https://is1-ssl.mzstatic.com/image/thumb/Purple221/v4/6e/33/cb/6e33cb43-9065-b42b-c9bb-a0c2e071e21b/AppIcon-0-0-1x_U007ephone-0-1-85-220.png/100x100bb.png,2026-06-30,us,toppaid,7019,文字
17,962566898,Evil Minds: Dirty Charades!,Super Massive Ventures Inc.,https://apps.apple.com/us/app/evil-minds-dirty-charades/id962566898?uo=2,https://is1-ssl.mzstatic.com/image/thumb/Purple116/v4/14/0c/92/140c92d4-7786-a71f-0965-61937eccc86d/AppIcon-0-0-1x_U007emarketing-0-0-0-7-0-0-sRGB-0-0-0-GLES2_U002c0-512MB-85-220-0-0.png/100x100bb.png,2026-06-30,us,toppaid,7019,文字
18,315322445,Lexulous Word Game,RJS Tech Solutions LLP,https://apps.apple.com/us/app/lexulous-word-game/id315322445?uo=2,https://is1-ssl.mzstatic.com/image/thumb/Purple211/v4/fb/cc/e5/fbcce51d-d16b-235a-a080-b33681393009/AppIcon-0-0-1x_U007emarketing-0-8-0-0-85-220.png/100x100bb.png,2026-06-30,us,toppaid,7019,文字
19,980016643,Word Master - Pro,Luis Gualandi,https://apps.apple.com/us/app/word-master-pro/id980016643?uo=2,https://is1-ssl.mzstatic.com/image/thumb/Purple221/v4/45/23/ee/4523ee0d-f6b0-63c6-babd-cfd76f423742/AppIcon-0-0-1x_U007emarketing-0-5-85-220.png/100x100bb.png,2026-06-30,us,toppaid,7019,文字
20,1110306961,TipOff – Word Guessing Game,TipOff Game LLC,https://apps.apple.com/us/app/tipoff-word-guessing-game/id1110306961?uo=2,https://is1-ssl.mzstatic.com/image/thumb/Purple221/v4/5d/d9/1c/5dd91c25-99ae-fdb2-d4bd-9cc3c64a45ba/AppIcon-0-0-1x_U007emarketing-0-11-0-0-85-220.png/100x100bb.png,2026-06-30,us,toppaid,7019,文字
21,333262544,Whirly Word,Mighty Mighty Good Games,https://apps.apple.com/us/app/whirly-word/id333262544?uo=2,https://is1-ssl.mzstatic.com/image/thumb/Purple115/v4/1b/e8/8b/1be88bb3-108e-207d-eb11-dad7ee1ac1c6/AppIcon-0-0-1x_U007emarketing-0-0-0-6-0-0-sRGB-0-0-0-GLES2_U002c0-512MB-85-220-0-0.jpeg/100x100bb.png,2026-06-30,us,toppaid,7019,文字
22,6755334673,Shorthanded Gregg,David Clark,https://apps.apple.com/us/app/shorthanded-gregg/id6755334673?uo=2,https://is1-ssl.mzstatic.com/image/thumb/Purple211/v4/0e/d3/dd/0ed3dd3a-d47a-91b1-d925-16ce7686330c/AppIcon-0-0-1x_U007emarketing-0-8-0-85-220.png/100x100bb.png,2026-06-30,us,toppaid,7019,文字
23,881274996,Hexiled,Triplezero,https://apps.apple.com/us/app/hexiled/id881274996?uo=2,https://is1-ssl.mzstatic.com/image/thumb/Purple221/v4/ab/2d/b6/ab2db62a-1965-59f8-7d01-1259a431ab81/AppIcon-0-0-1x_U007epad-0-1-0-sRGB-85-220.png/100x100bb.png,2026-06-30,us,toppaid,7019,文字
24,1117100543,Antitype,BorderLeap,https://apps.apple.com/us/app/antitype/id1117100543?uo=2,https://is1-ssl.mzstatic.com/image/thumb/Purple116/v4/6a/5b/32/6a5b322c-71a3-047e-5897-dfad1154950e/AppIcon-0-0-1x_U007emarketing-0-7-85-220.png/100x100bb.png,2026-06-30,us,toppaid,7019,文字
25,327456838,Hangman Pro,Optime Software LLC,https://apps.apple.com/us/app/hangman-pro/id327456838?uo=2,https://is1-ssl.mzstatic.com/image/thumb/Purple122/v4/e5/11/df/e511dfca-0c72-0315-6454-7e11dcb72a0c/mzl.gxxnnhsl.png/100x100bb.png,2026-06-30,us,toppaid,7019,文字
26,6737422986,Letterlike,Ronald Lee,https://apps.apple.com/us/app/letterlike/id6737422986?uo=2,https://is1-ssl.mzstatic.com/image/thumb/Purple221/v4/d8/4e/e9/d84ee9d8-c214-369e-cc51-95075296ef4d/AppIcon-0-0-1x_U007ephone-0-1-85-220.png/100x100bb.png,2026-06-30,us,toppaid,7019,文字
27,581548715,Миллионер викторина PRO,Dimitri Herber,https://apps.apple.com/us/app/%D0%BC%D0%B8%D0%BB%D0%BB%D0%B8%D0%BE%D0%BD%D0%B5%D1%80-%D0%B2%D0%B8%D0%BA%D1%82%D0%BE%D1%80%D0%B8%D0%BD%D0%B0-pro/id581548715?uo=2,https://is1-ssl.mzstatic.com/image/thumb/Purple221/v4/ba/32/d2/ba32d257-7bcc-2218-d084-8f8ea2e30924/AppIcon-0-0-1x_U007emarketing-0-11-0-85-220.png/100x100bb.png,2026-06-30,us,toppaid,7019,文字
28,1621868375,Crack The Code: IQ Riddles,Digital Hole Pvt. Ltd.,https://apps.apple.com/us/app/crack-the-code-iq-riddles/id1621868375?uo=2,https://is1-ssl.mzstatic.com/image/thumb/Purple211/v4/28/66/6a/28666a6a-8002-83eb-5423-60d946747d9e/AppIcon-0-0-1x_U007emarketing-0-7-0-85-220.png/100x100bb.png,2026-06-30,us,toppaid,7019,文字
29,1223257768,Sidewords,Milkbag Games,https://apps.apple.com/us/app/sidewords/id1223257768?uo=2,https://is1-ssl.mzstatic.com/image/thumb/Purple128/v4/f2/fc/2d/f2fc2df0-f09e-e97d-7497-3f963aa7e2f6/mzl.rpbeqavq.png/100x100bb.png,2026-06-30,us,toppaid,7019,文字
30,1261458837,Telling Lies,Annapurna Interactive,https://apps.apple.com/us/app/telling-lies/id1261458837?uo=2,https://is1-ssl.mzstatic.com/image/thumb/Purple113/v4/a0/56/ba/a056baac-d087-3d00-4bf0-59f9db53c7c2/AppIcon-0-1x_U007emarketing-0-0-GLES2_U002c0-512MB-sRGB-0-0-0-85-220-0-0-0-7.png/100x100bb.png,2026-06-30,us,toppaid,7019,文字
31,1112055588,Antigrams,"Everybody House Games, LLC",https://apps.apple.com/us/app/antigrams/id1112055588?uo=2,https://is1-ssl.mzstatic.com/image/thumb/Purple82/v4/d8/c5/b7/d8c5b7c9-caac-7679-d17c-751687b15fbc/pr_source.png/100x100bb.png,2026-06-30,us,toppaid,7019,文字
32,6741360584,Mandarin Challenge,洋 李,https://apps.apple.com/us/app/mandarin-challenge/id6741360584?uo=2,https://is1-ssl.mzstatic.com/image/thumb/Purple211/v4/9e/3a/72/9e3a722b-9bf9-4c27-6665-22cfff5760d0/AppIcon-1x_U007emarketing-0-8-0-85-220-0.png/100x100bb.png,2026-06-30,us,toppaid,7019,文字
33,530466367,Pango plays soccer,Studio Pango,https://apps.apple.com/us/app/pango-plays-soccer/id530466367?uo=2,https://is1-ssl.mzstatic.com/image/thumb/Purple118/v4/73/91/90/73919026-e351-db19-94be-1901bea174b6/AppIcon-1x_U007emarketing-0-0-GLES2_U002c0-512MB-sRGB-0-0-0-85-220-0-0-0-8.png/100x100bb.png,2026-06-30,us,toppaid,7019,文字
34,6758999003,CrossWatch: Crossword Watch,Emrah Korkmaz,https://apps.apple.com/us/app/crosswatch-crossword-watch/id6758999003?uo=2,https://is1-ssl.mzstatic.com/image/thumb/Purple221/v4/82/a1/b5/82a1b523-2092-b908-1883-1bd78eb87c06/AppIcon-0-0-1x_U007ewatch-0-1-85-220.png/100x100bb.png,2026-06-30,us,toppaid,7019,文字
35,6738046354,Typing Speed Rush,SimTeCon GmbH,https://apps.apple.com/us/app/typing-speed-rush/id6738046354?uo=2,https://is1-ssl.mzstatic.com/image/thumb/Purple211/v4/85/4c/d0/854cd0ef-ad68-9e7c-0dfc-c29c55275fbf/AppIcon-0-0-1x_U007epad-0-1-85-220.png/100x100bb.png,2026-06-30,us,toppaid,7019,文字
36,763991668,Regency Love,Tea For Three Studios,https://apps.apple.com/us/app/regency-love/id763991668?uo=2,https://is1-ssl.mzstatic.com/image/thumb/Purple123/v4/eb/34/b8/eb34b815-6939-9eeb-d26b-bf64912dc0a1/AppIcon-0-1x_U007emarketing-0-85-220-9.png/100x100bb.png,2026-06-30,us,toppaid,7019,文字
37,1454654959,Hangman for Kids. Astrokids,Iteration Mobile S.L,https://apps.apple.com/us/app/hangman-for-kids-astrokids/id1454654959?uo=2,https://is1-ssl.mzstatic.com/image/thumb/Purple123/v4/e7/bc/ac/e7bcacd0-f740-3f42-8055-fbba5c1e51bd/AppIcon-0-1x_U007emarketing-0-0-GLES2_U002c0-512MB-sRGB-0-0-0-85-220-0-0-0-7.png/100x100bb.png,2026-06-30,us,toppaid,7019,文字
38,1349292121,supertype,Philipp Stollenmayer,https://apps.apple.com/us/app/supertype/id1349292121?uo=2,https://is1-ssl.mzstatic.com/image/thumb/Purple221/v4/49/98/0e/49980e24-3627-b7bd-8615-60e7786a641b/AppIcon-1x_U007emarketing-0-7-85-220-0.png/100x100bb.png,2026-06-30,us,toppaid,7019,文字
39,791402347,Dirty Phrase Frenzy,"Brain Rice Games, LLC",https://apps.apple.com/us/app/dirty-phrase-frenzy/id791402347?uo=2,https://is1-ssl.mzstatic.com/image/thumb/Purple118/v4/fe/b7/8e/feb78ebd-ea3e-5228-f8d8-95cf17fedec8/AppIcon-1x_U007emarketing-0-0-GLES2_U002c0-512MB-sRGB-0-0-0-85-220-0-0-0-6.png/100x100bb.png,2026-06-30,us,toppaid,7019,文字
40,1534959553,Wordsmyth - Calm Word Play,Rose Design and Education Services,https://apps.apple.com/us/app/wordsmyth-calm-word-play/id1534959553?uo=2,https://is1-ssl.mzstatic.com/image/thumb/Purple116/v4/8a/db/98/8adb9880-5867-cb22-8a8c-7160e1c7bda6/AppIcon-1x_U007emarketing-0-7-0-85-220.png/100x100bb.png,2026-06-30,us,toppaid,7019,文字
41,301027036,WordSearch Kids,AFKSoft,https://apps.apple.com/us/app/wordsearch-kids/id301027036?uo=2,https://is1-ssl.mzstatic.com/image/thumb/Purple62/v4/68/69/45/68694554-a22d-4556-a2af-4e6ef77467b5/mzl.biguolkw.jpg/100x100bb.png,2026-06-30,us,toppaid,7019,文字
42,446199878,Word Fill - Fill in puzzles,Algoritmico Ltd,https://apps.apple.com/us/app/word-fill-fill-in-puzzles/id446199878?uo=2,https://is1-ssl.mzstatic.com/image/thumb/Purple211/v4/c2/6f/3a/c26f3a23-f91e-20d9-0302-140f24013c63/AppIcon-0-0-1x_U007emarketing-0-7-0-85-220.png/100x100bb.png,2026-06-30,us,toppaid,7019,文字
43,6747642423,Dropcaps,Jessie Contour,https://apps.apple.com/us/app/dropcaps/id6747642423?uo=2,https://is1-ssl.mzstatic.com/image/thumb/Purple211/v4/15/ea/61/15ea616d-f7aa-5924-c4f3-5f08fa1d22b3/AppIcon-0-0-1x_U007emarketing-0-6-0-85-220.png/100x100bb.png,2026-06-30,us,toppaid,7019,文字
44,6447632074,Text Twisted Pro,Liana Silva,https://apps.apple.com/us/app/text-twisted-pro/id6447632074?uo=2,https://is1-ssl.mzstatic.com/image/thumb/Purple211/v4/b2/de/28/b2de28c9-b6a4-e0b8-31d1-4952f922b968/AppIcon-0-0-1x_U007epad-0-10-85-220.jpeg/100x100bb.png,2026-06-30,us,toppaid,7019,文字
45,678426772,Word Fit Puzzle +,Havos,https://apps.apple.com/us/app/word-fit-puzzle/id678426772?uo=2,https://is1-ssl.mzstatic.com/image/thumb/Purple116/v4/07/81/67/078167aa-7b48-e685-288d-a99e9befbc64/AppIcon-0-0-1x_U007emarketing-0-4-85-220.png/100x100bb.png,2026-06-30,us,toppaid,7019,文字
46,6483101969,Dementia & Alzheimers Games,Saviz Artang,https://apps.apple.com/us/app/dementia-alzheimers-games/id6483101969?uo=2,https://is1-ssl.mzstatic.com/image/thumb/Purple211/v4/b9/23/07/b923079c-a4c0-2abd-2914-611670d55b65/AppIcon-0-0-1x_U007epad-0-1-85-220.png/100x100bb.png,2026-06-30,us,toppaid,7019,文字
47,1425844306,Word Search Daily PRO,Michal Sajban,https://apps.apple.com/us/app/word-search-daily-pro/id1425844306?uo=2,https://is1-ssl.mzstatic.com/image/thumb/Purple221/v4/d7/0a/31/d70a3144-b8b7-b9d7-cc17-fdb37fcafa25/AppIcon-0-0-1x_U007emarketing-0-0-0-10-0-0-sRGB-0-0-0-GLES2_U002c0-512MB-85-220-0-0.png/100x100bb.png,2026-06-30,us,toppaid,7019,文字
48,6758076947,Buzzwords - A Definition Game,JOSEPH PATRICK MITCHEM,https://apps.apple.com/us/app/buzzwords-a-definition-game/id6758076947?uo=2,https://is1-ssl.mzstatic.com/image/thumb/Purple221/v4/86/04/93/860493ab-6d0d-09f5-91d5-61d6bbdd1ed5/AppIcon-1x_U007epad-0-1-85-220-0.png/100x100bb.png,2026-06-30,us,toppaid,7019,文字
49,1466217838,Крокодил слова игра Крокадил,Alisa Potapova,https://apps.apple.com/us/app/%D0%BA%D1%80%D0%BE%D0%BA%D0%BE%D0%B4%D0%B8%D0%BB-%D1%81%D0%BB%D0%BE%D0%B2%D0%B0-%D0%B8%D0%B3%D1%80%D0%B0-%D0%BA%D1%80%D0%BE%D0%BA%D0%B0%D0%B4%D0%B8%D0%BB/id1466217838?uo=2,https://is1-ssl.mzstatic.com/image/thumb/Purple221/v4/e5/e2/19/e5e219a6-5725-ad35-d665-84cf8798caae/AppIcon-0-0-1x_U007epad-0-1-0-0-85-220.png/100x100bb.png,2026-06-30,us,toppaid,7019,文字
50,1621816877,Paperback Vol. 2,Fowers Games Inc.,https://apps.apple.com/us/app/paperback-vol-2/id1621816877?uo=2,https://is1-ssl.mzstatic.com/image/thumb/Purple211/v4/eb/3f/5b/eb3f5b6c-eb64-1de2-f19d-a6d9d42cc3af/AppIcon-0-0-1x_U007emarketing-0-8-0-85-220.png/100x100bb.png,2026-06-30,us,toppaid,7019,文字
1,1482155847,Royal Match,Dream Games,https://apps.apple.com/us/app/royal-match/id1482155847?uo=2,https://is1-ssl.mzstatic.com/image/thumb/Purple221/v4/50/3d/ab/503dabf4-c381-e224-5630-5b031703c08d/AppIcon-0-0-1x_U007emarketing-0-8-0-85-220.png/100x100bb.png,2026-06-30,us,topgrossing,7012,解谜
2,553834731,Candy Crush Saga,King,https://apps.apple.com/us/app/candy-crush-saga/id553834731?uo=2,https://is1-ssl.mzstatic.com/image/thumb/Purple211/v4/a1/c5/92/a1c59272-aace-ff82-0b16-ca93a87cb33c/AppIcon-0-0-1x_U007emarketing-0-8-0-85-220.png/100x100bb.png,2026-06-30,us,topgrossing,7012,解谜
3,1623318294,Gossip Harbor®: Merge & Story,Microfun Limited,https://apps.apple.com/us/app/gossip-harbor-merge-story/id1623318294?uo=2,https://is1-ssl.mzstatic.com/image/thumb/Purple221/v4/d5/d7/02/d5d702dd-af54-09a5-21d1-ed6db319d310/AppIcon-0-0-1x_U007emarketing-0-8-0-85-220.png/100x100bb.png,2026-06-30,us,topgrossing,7012,解谜
4,638689075,Township,Playrix,https://apps.apple.com/us/app/township/id638689075?uo=2,https://is1-ssl.mzstatic.com/image/thumb/Purple211/v4/f3/d3/ab/f3d3abe7-ac2f-d4a3-1683-0873d183913e/AppIcon-0-0-1x_U007emarketing-0-11-0-85-220.png/100x100bb.png,2026-06-30,us,topgrossing,7012,解谜
5,1606549505,Royal Kingdom,Dream Games,https://apps.apple.com/us/app/royal-kingdom/id1606549505?uo=2,https://is1-ssl.mzstatic.com/image/thumb/Purple211/v4/5c/c4/75/5cc4753e-cd56-1020-daa7-a09f15857a63/AppIcon-0-0-1x_U007emarketing-0-8-0-85-220.png/100x100bb.png,2026-06-30,us,topgrossing,7012,解谜
6,1176027022,Toon Blast,Peak Games,https://apps.apple.com/us/app/toon-blast/id1176027022?uo=2,https://is1-ssl.mzstatic.com/image/thumb/Purple221/v4/7f/e6/49/7fe649cf-138a-a955-2cc7-562b57868077/AppIcon-0-0-1x_U007emarketing-0-8-0-85-220.png/100x100bb.png,2026-06-30,us,topgrossing,7012,解谜
7,6751056652,Pixel Flow!,Loom Games Oyun Yazilim ve Pazarlama Anonim Sirketi,https://apps.apple.com/us/app/pixel-flow/id6751056652?uo=2,https://is1-ssl.mzstatic.com/image/thumb/Purple221/v4/0a/a1/40/0aa140e6-9524-2453-a1f8-e75bbedc49c0/AppIcon-0-0-1x_U007emarketing-0-8-0-85-220.png/100x100bb.png,2026-06-30,us,topgrossing,7012,解谜
8,6471045672,Tasty Travels: Merge Game,Century Games Pte. Ltd.,https://apps.apple.com/us/app/tasty-travels-merge-game/id6471045672?uo=2,https://is1-ssl.mzstatic.com/image/thumb/Purple221/v4/cc/cc/f2/ccccf200-20e5-c0fa-68fc-2ea32d90371c/AppIcon-0-0-1x_U007emarketing-0-8-0-85-220.png/100x100bb.png,2026-06-30,us,topgrossing,7012,解谜
9,1105855019,Gardenscapes,Playrix,https://apps.apple.com/us/app/gardenscapes/id1105855019?uo=2,https://is1-ssl.mzstatic.com/image/thumb/Purple211/v4/54/9f/3a/549f3a53-96e5-8dfa-8639-ca30bf676cee/AppIcon-0-0-1x_U007emarketing-0-8-0-85-220.png/100x100bb.png,2026-06-30,us,topgrossing,7012,解谜
10,6449094229,Match Factory!,Peak Games,https://apps.apple.com/us/app/match-factory/id6449094229?uo=2,https://is1-ssl.mzstatic.com/image/thumb/Purple221/v4/30/65/44/3065447b-4674-7285-954a-4f5db9728e60/AppIcon-0-0-1x_U007emarketing-0-8-0-85-220.png/100x100bb.png,2026-06-30,us,topgrossing,7012,解谜
11,6752672568,Block Out! - Color Sort Puzzle,Grand Games A.Ş.,https://apps.apple.com/us/app/block-out-color-sort-puzzle/id6752672568?uo=2,https://is1-ssl.mzstatic.com/image/thumb/Purple211/v4/42/22/df/4222df44-fbaa-9fe1-f732-d1aec055395c/AppIcon-0-0-1x_U007emarketing-0-8-0-85-220.png/100x100bb.png,2026-06-30,us,topgrossing,7012,解谜
12,1195621598,Homescapes: Match 3 Games,Playrix,https://apps.apple.com/us/app/homescapes-match-3-games/id1195621598?uo=2,https://is1-ssl.mzstatic.com/image/thumb/Purple211/v4/c8/ee/2a/c8ee2a9b-49f3-69b8-ca00-e57a83d2ca64/AppIcon-0-0-1x_U007emarketing-0-11-0-85-220.png/100x100bb.png,2026-06-30,us,topgrossing,7012,解谜
13,1643509748,Merge Cooking®,Happibits,https://apps.apple.com/us/app/merge-cooking/id1643509748?uo=2,https://is1-ssl.mzstatic.com/image/thumb/Purple211/v4/3c/a6/cf/3ca6cfa1-757b-2632-12a1-652d5a949517/AppIcon-0-0-1x_U007emarketing-0-8-0-85-220.png/100x100bb.png,2026-06-30,us,topgrossing,7012,解谜
14,664575829,Fishdom,Playrix,https://apps.apple.com/us/app/fishdom/id664575829?uo=2,https://is1-ssl.mzstatic.com/image/thumb/Purple211/v4/41/05/aa/4105aaef-9b9c-0ad8-61e0-ad889eccd998/AppIcon-0-0-1x_U007emarketing-0-7-0-85-220.png/100x100bb.png,2026-06-30,us,topgrossing,7012,解谜
15,6499209744,Magic Sort!,Grand Games A.Ş.,https://apps.apple.com/us/app/magic-sort/id6499209744?uo=2,https://is1-ssl.mzstatic.com/image/thumb/Purple211/v4/61/df/dc/61dfdca9-6c81-db86-1756-5b63b642a0a8/AppIcon-0-0-1x_U007emarketing-0-8-0-85-220.png/100x100bb.png,2026-06-30,us,topgrossing,7012,解谜
16,307569751,NYT Games: Wordle & Crossword,The New York Times Company,https://apps.apple.com/us/app/nyt-games-wordle-crossword/id307569751?uo=2,https://is1-ssl.mzstatic.com/image/thumb/Purple221/v4/6f/c6/d8/6fc6d80b-80f1-e130-f877-ddf0de04652a/Release-0-0-1x_U007epad-0-1-0-sRGB-0-85-220.png/100x100bb.png,2026-06-30,us,topgrossing,7012,解谜
17,6503284107,All in Hole: Black Hole Games,HOMA GAMES,https://apps.apple.com/us/app/all-in-hole-black-hole-games/id6503284107?uo=2,https://is1-ssl.mzstatic.com/image/thumb/Purple221/v4/76/cf/2d/76cf2d8f-2431-e9fc-bda5-bc21d3109fe9/AppIcon-0-0-1x_U007emarketing-0-8-0-85-220.png/100x100bb.png,2026-06-30,us,topgrossing,7012,解谜
18,6740043080,Screwdom,Zego Global Pte Ltd,https://apps.apple.com/us/app/screwdom/id6740043080?uo=2,https://is1-ssl.mzstatic.com/image/thumb/Purple221/v4/a2/0f/e9/a20fe92f-96c7-013e-9f94-389245518263/AppIcon-0-0-1x_U007emarketing-0-8-0-85-220.png/100x100bb.png,2026-06-30,us,topgrossing,7012,解谜
19,850417475,Candy Crush Soda Saga,King,https://apps.apple.com/us/app/candy-crush-soda-saga/id850417475?uo=2,https://is1-ssl.mzstatic.com/image/thumb/Purple211/v4/e9/fc/cd/e9fccd91-a460-201a-20de-6743da8db590/AppIcon-0-0-1x_U007epad-0-1-85-220.png/100x100bb.png,2026-06-30,us,topgrossing,7012,解谜
20,1521236603,Travel Town - Merge Adventure,Moon Active,https://apps.apple.com/us/app/travel-town-merge-adventure/id1521236603?uo=2,https://is1-ssl.mzstatic.com/image/thumb/Purple221/v4/47/97/29/479729c4-a2ef-3587-4346-a53c4e4fd4fb/AppIcon-0-0-1x_U007emarketing-0-8-0-85-220.png/100x100bb.png,2026-06-30,us,topgrossing,7012,解谜
21,6618142292,Flambé®: Merge and Cook,Microfun Limited,https://apps.apple.com/us/app/flamb%C3%A9-merge-and-cook/id6618142292?uo=2,https://is1-ssl.mzstatic.com/image/thumb/Purple221/v4/82/50/d2/8250d24f-8042-b152-706f-caa35fcf24a8/AppIcon-0-0-1x_U007emarketing-0-8-0-85-220.png/100x100bb.png,2026-06-30,us,topgrossing,7012,解谜
22,6504332779,Color Block Jam,Rollic Games,https://apps.apple.com/us/app/color-block-jam/id6504332779?uo=2,https://is1-ssl.mzstatic.com/image/thumb/Purple211/v4/8e/55/86/8e55860d-453a-1daa-04c3-4238a270aa2a/AppIcon-0-0-1x_U007emarketing-0-8-0-85-220.png/100x100bb.png,2026-06-30,us,topgrossing,7012,解谜
23,6755183085,Yarn Loop: Knit Puzzle,Combo Games,https://apps.apple.com/us/app/yarn-loop-knit-puzzle/id6755183085?uo=2,https://is1-ssl.mzstatic.com/image/thumb/Purple211/v4/f0/0b/5d/f00b5df3-2e9a-ab21-64eb-de28c9776532/AppIcon-0-0-1x_U007emarketing-0-8-0-85-220.png/100x100bb.png,2026-06-30,us,topgrossing,7012,解谜
24,951627425,DRAGON BALL Z DOKKAN BATTLE,Bandai Namco Entertainment Inc.,https://apps.apple.com/us/app/dragon-ball-z-dokkan-battle/id951627425?uo=2,https://is1-ssl.mzstatic.com/image/thumb/Purple211/v4/61/cf/64/61cf64e9-a5cf-590e-a572-ce4b959643a7/AppIcon-1x_U007emarketing-0-11-0-85-220-0.png/100x100bb.png,2026-06-30,us,topgrossing,7012,解谜
25,890378044,Toy Blast,Peak Games,https://apps.apple.com/us/app/toy-blast/id890378044?uo=2,https://is1-ssl.mzstatic.com/image/thumb/Purple221/v4/3c/36/e3/3c36e3c4-9f2c-68c0-5c90-b8a3be6c07b7/AppIcon-0-0-1x_U007emarketing-0-8-0-85-220.png/100x100bb.png,2026-06-30,us,topgrossing,7012,解谜
26,6443755785,Seaside Escape®: Merge & Story,Microfun Limited,https://apps.apple.com/us/app/seaside-escape-merge-story/id6443755785?uo=2,https://is1-ssl.mzstatic.com/image/thumb/Purple211/v4/93/64/f8/9364f8fe-aca6-8b43-d78c-24cd33a2f92d/AppIcon-0-0-1x_U007emarketing-0-8-0-85-220.png/100x100bb.png,2026-06-30,us,topgrossing,7012,解谜
27,1484442152,Merge Mansion: Puzzles & Story,Metacore Games Oy,https://apps.apple.com/us/app/merge-mansion-puzzles-story/id1484442152?uo=2,https://is1-ssl.mzstatic.com/image/thumb/Purple221/v4/2b/8f/6c/2b8f6c93-7bb1-292e-698c-c0a0c0c838f9/AppIcon-0-0-1x_U007emarketing-0-8-0-85-220.png/100x100bb.png,2026-06-30,us,topgrossing,7012,解谜
28,6450110217,Triple Match City,Breeze Games L.L.C-FZ,https://apps.apple.com/us/app/triple-match-city/id6450110217?uo=2,https://is1-ssl.mzstatic.com/image/thumb/Purple211/v4/1f/03/d3/1f03d367-0e4d-678d-54b5-1fd7f6cdb00a/AppIcon-0-0-1x_U007emarketing-0-8-0-85-220.png/100x100bb.png,2026-06-30,us,topgrossing,7012,解谜
29,6503603603,Mystery Town: Merge Games,Cedar Games Studio,https://apps.apple.com/us/app/mystery-town-merge-games/id6503603603?uo=2,https://is1-ssl.mzstatic.com/image/thumb/Purple221/v4/a7/9d/cc/a79dcc67-26e1-ec7e-a639-6e346d365eec/AppIcon-0-0-1x_U007emarketing-0-5-0-85-220.png/100x100bb.png,2026-06-30,us,topgrossing,7012,解谜
30,1558803930,Matching Story,VERTEX GAMES PTE. LTD.,https://apps.apple.com/us/app/matching-story/id1558803930?uo=2,https://is1-ssl.mzstatic.com/image/thumb/Purple211/v4/bc/a8/7d/bca87dc9-58f6-216a-5b42-265437c6c68d/AppIcon-0-0-1x_U007emarketing-0-5-85-220.png/100x100bb.png,2026-06-30,us,topgrossing,7012,解谜
31,1607122287,Triple Match 3D,Boombox Games LTD,https://apps.apple.com/us/app/triple-match-3d/id1607122287?uo=2,https://is1-ssl.mzstatic.com/image/thumb/Purple211/v4/68/24/e6/6824e612-b332-1410-f08f-2bb3d2001931/AppIcon-0-0-1x_U007emarketing-0-8-0-85-220.png/100x100bb.png,2026-06-30,us,topgrossing,7012,解谜
32,1483058899,Project Makeover,"Magic Tavern, Inc.",https://apps.apple.com/us/app/project-makeover/id1483058899?uo=2,https://is1-ssl.mzstatic.com/image/thumb/Purple211/v4/c3/04/00/c304002f-4ea4-c9e6-a871-9d8b31a04e05/AppIcon-0-0-1x_U007emarketing-0-8-0-85-220.png/100x100bb.png,2026-06-30,us,topgrossing,7012,解谜
33,6504324020,Hexa Away,"GOODROID,Inc.",https://apps.apple.com/us/app/hexa-away/id6504324020?uo=2,https://is1-ssl.mzstatic.com/image/thumb/Purple221/v4/22/05/4c/22054cc3-b4cd-19ed-b14a-ad6292d0c0a1/AppIcon-1x_U007emarketing-0-8-0-85-220-0.png/100x100bb.png,2026-06-30,us,topgrossing,7012,解谜
34,880047117,Angry Birds 2,Rovio Entertainment Oyj,https://apps.apple.com/us/app/angry-birds-2/id880047117?uo=2,https://is1-ssl.mzstatic.com/image/thumb/Purple221/v4/9e/4c/4c/9e4c4cd1-c2a6-b88c-9e76-e4d5cfb5fd3c/AppIcon-0-0-1x_U007emarketing-0-8-0-85-220.png/100x100bb.png,2026-06-30,us,topgrossing,7012,解谜
35,6476976929,Truck Star,Century Games Pte. Ltd.,https://apps.apple.com/us/app/truck-star/id6476976929?uo=2,https://is1-ssl.mzstatic.com/image/thumb/Purple211/v4/d2/3e/a3/d23ea3b9-f4e9-8ab1-25a8-a323eb602f23/AppIcon-1x_U007emarketing-0-8-0-85-220-0.png/100x100bb.png,2026-06-30,us,topgrossing,7012,解谜
36,6479752688,Match Villains,Good Job Games,https://apps.apple.com/us/app/match-villains/id6479752688?uo=2,https://is1-ssl.mzstatic.com/image/thumb/Purple221/v4/36/7c/1d/367c1dfd-5eeb-8dbe-cfdd-3367d6178708/AppIcon-0-0-1x_U007emarketing-0-8-0-85-220.png/100x100bb.png,2026-06-30,us,topgrossing,7012,解谜
37,1635337354,Piggy Kingdom - Match 3 Games,Olleyo Games,https://apps.apple.com/us/app/piggy-kingdom-match-3-games/id1635337354?uo=2,https://is1-ssl.mzstatic.com/image/thumb/Purple221/v4/66/00/c5/6600c5a6-a315-65b3-8476-e107bd6236f7/AppIcon-0-0-1x_U007emarketing-0-8-0-85-220.png/100x100bb.png,2026-06-30,us,topgrossing,7012,解谜
38,6740699102,Hole It 3D,SUPERSONIC STUDIOS LTD,https://apps.apple.com/us/app/hole-it-3d/id6740699102?uo=2,https://is1-ssl.mzstatic.com/image/thumb/Purple211/v4/c1/c5/32/c1c532b9-839f-0d7c-a998-94aab1779272/AppIcon-0-0-1x_U007emarketing-0-8-0-85-220.png/100x100bb.png,2026-06-30,us,topgrossing,7012,解谜
39,6744547461,Happy Screw Trip 3D,BESTPLAY GAMES PTE. LTD.,https://apps.apple.com/us/app/happy-screw-trip-3d/id6744547461?uo=2,https://is1-ssl.mzstatic.com/image/thumb/Purple211/v4/a4/c3/02/a4c3027a-df70-d1bb-94f9-749b76fd4505/AppIcon-0-0-1x_U007emarketing-0-8-0-85-220.png/100x100bb.png,2026-06-30,us,topgrossing,7012,解谜
40,6747875092,Yarn Fever! Unravel Puzzle,Brave HK Limited,https://apps.apple.com/us/app/yarn-fever-unravel-puzzle/id6747875092?uo=2,https://is1-ssl.mzstatic.com/image/thumb/Purple221/v4/d2/26/ce/d226ce9a-5247-ea1c-46f7-18647ad76f6f/AppIcon-0-0-1x_U007emarketing-0-8-0-85-220.png/100x100bb.png,2026-06-30,us,topgrossing,7012,解谜
41,6758138698,Car Sort: Color Puzzle,Rollic Games,https://apps.apple.com/us/app/car-sort-color-puzzle/id6758138698?uo=2,https://is1-ssl.mzstatic.com/image/thumb/Purple221/v4/59/43/48/59434845-8edd-b1d9-7808-ed95f3caa17b/AppIcon-0-0-1x_U007emarketing-0-8-0-85-220.png/100x100bb.png,2026-06-30,us,topgrossing,7012,解谜
42,1117841866,Empires & Puzzles: Match-3 RPG,Small Giant Games,https://apps.apple.com/us/app/empires-puzzles-match-3-rpg/id1117841866?uo=2,https://is1-ssl.mzstatic.com/image/thumb/Purple211/v4/4f/ab/18/4fab18c7-9334-c736-ed91-2f83c2b1b49f/AppIcon-0-0-1x_U007emarketing-0-8-0-85-220.png/100x100bb.png,2026-06-30,us,topgrossing,7012,解谜
43,6504421808,Car Match - Traffic Puzzle,Grand Games A.Ş.,https://apps.apple.com/us/app/car-match-traffic-puzzle/id6504421808?uo=2,https://is1-ssl.mzstatic.com/image/thumb/Purple211/v4/77/62/a0/7762a0a1-b26b-2d62-c8a8-bb32332a4cb8/AppIcon-0-0-1x_U007emarketing-0-8-0-85-220.png/100x100bb.png,2026-06-30,us,topgrossing,7012,解谜
44,6482849843,Goods Puzzle: Sort Challenge,ONESOFT GLOBAL PTE. LTD.,https://apps.apple.com/us/app/goods-puzzle-sort-challenge/id6482849843?uo=2,https://is1-ssl.mzstatic.com/image/thumb/Purple211/v4/f9/5d/0f/f95d0fc6-8a90-940b-1b2e-88d1ed027fb2/AppIcon-0-0-1x_U007emarketing-0-8-0-85-220.png/100x100bb.png,2026-06-30,us,topgrossing,7012,解谜
45,1216575026,Matchington Mansion,"Magic Tavern, Inc.",https://apps.apple.com/us/app/matchington-mansion/id1216575026?uo=2,https://is1-ssl.mzstatic.com/image/thumb/Purple221/v4/bb/ea/b3/bbeab3ad-4046-7553-31e8-46a1f92abe3e/AppIcon-1x_U007emarketing-0-8-0-85-220-0.png/100x100bb.png,2026-06-30,us,topgrossing,7012,解谜
46,6740766025,Gecko Out,Rollic Games,https://apps.apple.com/us/app/gecko-out/id6740766025?uo=2,https://is1-ssl.mzstatic.com/image/thumb/Purple211/v4/7d/e9/50/7de950b1-a276-7708-2bf4-c24583df4440/AppIcon-0-0-1x_U007emarketing-0-8-0-85-220.png/100x100bb.png,2026-06-30,us,topgrossing,7012,解谜
47,1200391796,June's Journey: Hidden Objects,wooga,https://apps.apple.com/us/app/junes-journey-hidden-objects/id1200391796?uo=2,https://is1-ssl.mzstatic.com/image/thumb/Purple221/v4/0d/85/c2/0d85c28b-14da-4d5c-b1c4-2f29a0c6d323/AppIcon-0-0-1x_U007emarketing-0-8-0-85-220.png/100x100bb.png,2026-06-30,us,topgrossing,7012,解谜
48,6755455500,Hollywood Merge,VoyagerOne,https://apps.apple.com/us/app/hollywood-merge/id6755455500?uo=2,https://is1-ssl.mzstatic.com/image/thumb/Purple221/v4/8f/0c/49/8f0c4932-0793-34f8-a7c2-6a873c272d17/AppIcon-0-0-1x_U007emarketing-0-8-0-85-220.png/100x100bb.png,2026-06-30,us,topgrossing,7012,解谜
49,6444056676,Tile Family®:Match Puzzle Game,Playflux,https://apps.apple.com/us/app/tile-family-match-puzzle-game/id6444056676?uo=2,https://is1-ssl.mzstatic.com/image/thumb/Purple211/v4/13/56/d2/1356d282-bdbf-3c58-3b01-ca1bc55d6045/AppIcon-0-0-1x_U007emarketing-0-8-0-85-220.png/100x100bb.png,2026-06-30,us,topgrossing,7012,解谜
50,608206510,Farm Heroes Saga,King,https://apps.apple.com/us/app/farm-heroes-saga/id608206510?uo=2,https://is1-ssl.mzstatic.com/image/thumb/Purple211/v4/25/ae/40/25ae4046-6fb0-4a39-c611-e38af93548f3/AppIcon-0-0-1x_U007emarketing-0-8-0-85-220.png/100x100bb.png,2026-06-30,us,topgrossing,7012,解谜
1,1621328561,MONOPOLY GO!,"Scopely, Inc.",https://apps.apple.com/us/app/monopoly-go/id1621328561?uo=2,https://is1-ssl.mzstatic.com/image/thumb/Purple211/v4/1c/41/d5/1c41d5d0-b33c-2de9-5d79-e0d70a3bfdcb/AppIcon-0-0-1x_U007emarketing-0-8-0-85-220.png/100x100bb.png,2026-06-30,us,topgrossing,6014,游戏
2,1482155847,Royal Match,Dream Games,https://apps.apple.com/us/app/royal-match/id1482155847?uo=2,https://is1-ssl.mzstatic.com/image/thumb/Purple221/v4/50/3d/ab/503dabf4-c381-e224-5630-5b031703c08d/AppIcon-0-0-1x_U007emarketing-0-8-0-85-220.png/100x100bb.png,2026-06-30,us,topgrossing,6014,游戏
3,553834731,Candy Crush Saga,King,https://apps.apple.com/us/app/candy-crush-saga/id553834731?uo=2,https://is1-ssl.mzstatic.com/image/thumb/Purple211/v4/a1/c5/92/a1c59272-aace-ff82-0b16-ca93a87cb33c/AppIcon-0-0-1x_U007emarketing-0-8-0-85-220.png/100x100bb.png,2026-06-30,us,topgrossing,6014,游戏
4,1623318294,Gossip Harbor®: Merge & Story,Microfun Limited,https://apps.apple.com/us/app/gossip-harbor-merge-story/id1623318294?uo=2,https://is1-ssl.mzstatic.com/image/thumb/Purple221/v4/d5/d7/02/d5d702dd-af54-09a5-21d1-ed6db319d310/AppIcon-0-0-1x_U007emarketing-0-8-0-85-220.png/100x100bb.png,2026-06-30,us,topgrossing,6014,游戏
5,6739554056,Kingshot,Century Games Pte. Ltd.,https://apps.apple.com/us/app/kingshot/id6739554056?uo=2,https://is1-ssl.mzstatic.com/image/thumb/Purple211/v4/ee/d2/22/eed22297-9313-d8b0-52c8-95f42a2795b2/AppIcon-0-0-1x_U007emarketing-0-8-0-85-220.png/100x100bb.png,2026-06-30,us,topgrossing,6014,游戏
6,6443575749,Whiteout Survival,Century Games Pte. Ltd.,https://apps.apple.com/us/app/whiteout-survival/id6443575749?uo=2,https://is1-ssl.mzstatic.com/image/thumb/Purple221/v4/e5/1e/1d/e51e1db7-4655-6bb8-9441-af76dbfd291c/AppIcon-0-0-1x_U007emarketing-0-8-0-85-220.png/100x100bb.png,2026-06-30,us,topgrossing,6014,游戏
7,6448786147,Last War:Survival,FUNFLY PTE. LTD.,https://apps.apple.com/us/app/last-war-survival/id6448786147?uo=2,https://is1-ssl.mzstatic.com/image/thumb/Purple211/v4/43/bb/21/43bb21ce-1039-f722-aa4b-b4fd93fb52c5/AppIcon-0-0-1x_U007emarketing-0-8-0-85-220.png/100x100bb.png,2026-06-30,us,topgrossing,6014,游戏
8,638689075,Township,Playrix,https://apps.apple.com/us/app/township/id638689075?uo=2,https://is1-ssl.mzstatic.com/image/thumb/Purple211/v4/f3/d3/ab/f3d3abe7-ac2f-d4a3-1683-0873d183913e/AppIcon-0-0-1x_U007emarketing-0-11-0-85-220.png/100x100bb.png,2026-06-30,us,topgrossing,6014,游戏
9,1606549505,Royal Kingdom,Dream Games,https://apps.apple.com/us/app/royal-kingdom/id1606549505?uo=2,https://is1-ssl.mzstatic.com/image/thumb/Purple211/v4/5c/c4/75/5cc4753e-cd56-1020-daa7-a09f15857a63/AppIcon-0-0-1x_U007emarketing-0-8-0-85-220.png/100x100bb.png,2026-06-30,us,topgrossing,6014,游戏
10,6479970832,Pokémon TCG Pocket,The Pokemon Company,https://apps.apple.com/us/app/pok%C3%A9mon-tcg-pocket/id6479970832?uo=2,https://is1-ssl.mzstatic.com/image/thumb/Purple211/v4/54/12/78/541278bd-ccac-156d-b027-a46e1cd536bb/AppIcon-0-0-1x_U007emarketing-0-8-0-85-220.png/100x100bb.png,2026-06-30,us,topgrossing,6014,游戏
11,1176027022,Toon Blast,Peak Games,https://apps.apple.com/us/app/toon-blast/id1176027022?uo=2,https://is1-ssl.mzstatic.com/image/thumb/Purple221/v4/7f/e6/49/7fe649cf-138a-a955-2cc7-562b57868077/AppIcon-0-0-1x_U007emarketing-0-8-0-85-220.png/100x100bb.png,2026-06-30,us,topgrossing,6014,游戏
12,6503272652,Last Z: Survival Shooter,Omnilojo Pte Ltd,https://apps.apple.com/us/app/last-z-survival-shooter/id6503272652?uo=2,https://is1-ssl.mzstatic.com/image/thumb/Purple211/v4/29/9f/fc/299ffc1f-548c-0c0e-f4be-d60d23269358/AppIcon-0-0-1x_U007emarketing-0-8-0-85-220.png/100x100bb.png,2026-06-30,us,topgrossing,6014,游戏
13,6751056652,Pixel Flow!,Loom Games Oyun Yazilim ve Pazarlama Anonim Sirketi,https://apps.apple.com/us/app/pixel-flow/id6751056652?uo=2,https://is1-ssl.mzstatic.com/image/thumb/Purple221/v4/0a/a1/40/0aa140e6-9524-2453-a1f8-e75bbedc49c0/AppIcon-0-0-1x_U007emarketing-0-8-0-85-220.png/100x100bb.png,2026-06-30,us,topgrossing,6014,游戏
14,6471045672,Tasty Travels: Merge Game,Century Games Pte. Ltd.,https://apps.apple.com/us/app/tasty-travels-merge-game/id6471045672?uo=2,https://is1-ssl.mzstatic.com/image/thumb/Purple221/v4/cc/cc/f2/ccccf200-20e5-c0fa-68fc-2ea32d90371c/AppIcon-0-0-1x_U007emarketing-0-8-0-85-220.png/100x100bb.png,2026-06-30,us,topgrossing,6014,游戏
15,406889139,Coin Master,Moon Active,https://apps.apple.com/us/app/coin-master/id406889139?uo=2,https://is1-ssl.mzstatic.com/image/thumb/Purple221/v4/b8/5c/64/b85c64f8-4e3c-9b99-c87d-f48cf20727dd/AppIcon-0-0-1x_U007emarketing-0-8-0-85-220.png/100x100bb.png,2026-06-30,us,topgrossing,6014,游戏
16,1105855019,Gardenscapes,Playrix,https://apps.apple.com/us/app/gardenscapes/id1105855019?uo=2,https://is1-ssl.mzstatic.com/image/thumb/Purple211/v4/54/9f/3a/549f3a53-96e5-8dfa-8639-ca30bf676cee/AppIcon-0-0-1x_U007emarketing-0-8-0-85-220.png/100x100bb.png,2026-06-30,us,topgrossing,6014,游戏
17,1094591345,Pokémon GO,"Niantic, Inc.",https://apps.apple.com/us/app/pok%C3%A9mon-go/id1094591345?uo=2,https://is1-ssl.mzstatic.com/image/thumb/Purple211/v4/c0/15/94/c01594df-94f1-fe64-141d-891e404a22ea/AppIcon-0-0-1x_U007emarketing-0-8-0-85-220.png/100x100bb.png,2026-06-30,us,topgrossing,6014,游戏
18,6449094229,Match Factory!,Peak Games,https://apps.apple.com/us/app/match-factory/id6449094229?uo=2,https://is1-ssl.mzstatic.com/image/thumb/Purple221/v4/30/65/44/3065447b-4674-7285-954a-4f5db9728e60/AppIcon-0-0-1x_U007emarketing-0-8-0-85-220.png/100x100bb.png,2026-06-30,us,topgrossing,6014,游戏
19,6752672568,Block Out! - Color Sort Puzzle,Grand Games A.Ş.,https://apps.apple.com/us/app/block-out-color-sort-puzzle/id6752672568?uo=2,https://is1-ssl.mzstatic.com/image/thumb/Purple211/v4/42/22/df/4222df44-fbaa-9fe1-f732-d1aec055395c/AppIcon-0-0-1x_U007emarketing-0-8-0-85-220.png/100x100bb.png,2026-06-30,us,topgrossing,6014,游戏
20,1195621598,Homescapes: Match 3 Games,Playrix,https://apps.apple.com/us/app/homescapes-match-3-games/id1195621598?uo=2,https://is1-ssl.mzstatic.com/image/thumb/Purple211/v4/c8/ee/2a/c8ee2a9b-49f3-69b8-ca00-e57a83d2ca64/AppIcon-0-0-1x_U007emarketing-0-11-0-85-220.png/100x100bb.png,2026-06-30,us,topgrossing,6014,游戏
21,1300146617,Free Fire: 9th Anniversary,GARENA INTERNATIONAL I PRIVATE LIMITED,https://apps.apple.com/us/app/free-fire-9th-anniversary/id1300146617?uo=2,https://is1-ssl.mzstatic.com/image/thumb/Purple211/v4/d6/8f/47/d68f4742-5a10-b375-2114-0f840bd49ec1/AppIcon-1781539049-0-0-1x_U007emarketing-0-8-0-85-220.png/100x100bb.png,2026-06-30,us,topgrossing,6014,游戏
22,1643509748,Merge Cooking®,Happibits,https://apps.apple.com/us/app/merge-cooking/id1643509748?uo=2,https://is1-ssl.mzstatic.com/image/thumb/Purple211/v4/3c/a6/cf/3ca6cfa1-757b-2632-12a1-652d5a949517/AppIcon-0-0-1x_U007emarketing-0-8-0-85-220.png/100x100bb.png,2026-06-30,us,topgrossing,6014,游戏
23,1098157959,Evony,TOP GAMES INC.,https://apps.apple.com/us/app/evony/id1098157959?uo=2,https://is1-ssl.mzstatic.com/image/thumb/Purple211/v4/7f/9b/ec/7f9becde-6c27-6d7d-7e81-7bdafaaa4a4f/AppIcon-1x_U007emarketing-0-8-0-85-220-0.png/100x100bb.png,2026-06-30,us,topgrossing,6014,游戏
24,575980917,Jackpot Party - Casino Slots,"Phantom EFX, Inc.",https://apps.apple.com/us/app/jackpot-party-casino-slots/id575980917?uo=2,https://is1-ssl.mzstatic.com/image/thumb/Purple211/v4/d9/14/7d/d9147de3-51be-92b4-3107-df76bd6a07c9/AppIcon-0-0-1x_U007emarketing-0-8-0-0-85-220.png/100x100bb.png,2026-06-30,us,topgrossing,6014,游戏
25,1287282214,Call of Duty®: Mobile,"Activision Publishing, Inc.",https://apps.apple.com/us/app/call-of-duty-mobile/id1287282214?uo=2,https://is1-ssl.mzstatic.com/image/thumb/Purple221/v4/62/09/3c/62093c33-07fa-9c35-084e-81f717e1b16f/AppIcon-0-0-1x_U007emarketing-0-10-0-85-220.png/100x100bb.png,2026-06-30,us,topgrossing,6014,游戏
26,6475757306,Disney Solitaire,SuperPlay,https://apps.apple.com/us/app/disney-solitaire/id6475757306?uo=2,https://is1-ssl.mzstatic.com/image/thumb/Purple211/v4/86/76/5f/86765fea-b7f7-dcd0-6446-0dd01ca74367/AppIcon-0-0-1x_U007emarketing-0-8-0-85-220.png/100x100bb.png,2026-06-30,us,topgrossing,6014,游戏
27,664575829,Fishdom,Playrix,https://apps.apple.com/us/app/fishdom/id664575829?uo=2,https://is1-ssl.mzstatic.com/image/thumb/Purple211/v4/41/05/aa/4105aaef-9b9c-0ad8-61e0-ad889eccd998/AppIcon-0-0-1x_U007emarketing-0-7-0-85-220.png/100x100bb.png,2026-06-30,us,topgrossing,6014,游戏
28,1274132545,Total Battle: War Strategy,Scorewarrior,https://apps.apple.com/us/app/total-battle-war-strategy/id1274132545?uo=2,https://is1-ssl.mzstatic.com/image/thumb/Purple221/v4/b8/90/17/b8901731-ae0f-52d4-f461-da14d23cd7e5/crowd_multipliers_v6-0-0-1x_U007emarketing-0-5-0-85-220.png/100x100bb.png,2026-06-30,us,topgrossing,6014,游戏
29,6499209744,Magic Sort!,Grand Games A.Ş.,https://apps.apple.com/us/app/magic-sort/id6499209744?uo=2,https://is1-ssl.mzstatic.com/image/thumb/Purple211/v4/61/df/dc/61dfdca9-6c81-db86-1756-5b63b642a0a8/AppIcon-0-0-1x_U007emarketing-0-8-0-85-220.png/100x100bb.png,2026-06-30,us,topgrossing,6014,游戏
30,852912420,Summoners War,Com2uS Corp.,https://apps.apple.com/us/app/summoners-war/id852912420?uo=2,https://is1-ssl.mzstatic.com/image/thumb/Purple211/v4/c8/fc/a5/c8fca5d1-b667-5b1b-185d-c1e38ab9c74e/AppIcon-0-0-1x_U007emarketing-0-11-0-85-220.png/100x100bb.png,2026-06-30,us,topgrossing,6014,游戏
31,1094930513,EA SPORTS FC Soccer Mobile 26,Electronic Arts,https://apps.apple.com/us/app/ea-sports-fc-soccer-mobile-26/id1094930513?uo=2,https://is1-ssl.mzstatic.com/image/thumb/Purple221/v4/07/c5/4e/07c54e36-942e-ccbf-0bf7-c125f1261d42/AppIcon-0-0-1x_U007emarketing-0-8-0-85-220.png/100x100bb.png,2026-06-30,us,topgrossing,6014,游戏
32,307569751,NYT Games: Wordle & Crossword,The New York Times Company,https://apps.apple.com/us/app/nyt-games-wordle-crossword/id307569751?uo=2,https://is1-ssl.mzstatic.com/image/thumb/Purple221/v4/6f/c6/d8/6fc6d80b-80f1-e130-f877-ddf0de04652a/Release-0-0-1x_U007epad-0-1-0-sRGB-0-85-220.png/100x100bb.png,2026-06-30,us,topgrossing,6014,游戏
33,6503284107,All in Hole: Black Hole Games,HOMA GAMES,https://apps.apple.com/us/app/all-in-hole-black-hole-games/id6503284107?uo=2,https://is1-ssl.mzstatic.com/image/thumb/Purple221/v4/76/cf/2d/76cf2d8f-2431-e9fc-bda5-bc21d3109fe9/AppIcon-0-0-1x_U007emarketing-0-8-0-85-220.png/100x100bb.png,2026-06-30,us,topgrossing,6014,游戏
34,6670441558,Dark War:Survival,Omnilojo Pte Ltd,https://apps.apple.com/us/app/dark-war-survival/id6670441558?uo=2,https://is1-ssl.mzstatic.com/image/thumb/Purple221/v4/a0/8d/09/a08d095e-d8c3-607b-1abf-a3d96d0e1854/AppIcon-0-0-1x_U007emarketing-0-8-0-85-220.png/100x100bb.png,2026-06-30,us,topgrossing,6014,游戏
35,529479190,Clash of Clans,Supercell,https://apps.apple.com/us/app/clash-of-clans/id529479190?uo=2,https://is1-ssl.mzstatic.com/image/thumb/Purple211/v4/18/df/4b/18df4b8f-0fd8-48f7-c061-d4190ddf6231/AppIcon-0-0-1x_U007emarketing-0-8-0-85-220.png/100x100bb.png,2026-06-30,us,topgrossing,6014,游戏
36,1243005112,Lightning Link Casino Slots,Product Madness,https://apps.apple.com/us/app/lightning-link-casino-slots/id1243005112?uo=2,https://is1-ssl.mzstatic.com/image/thumb/Purple211/v4/41/35/e2/4135e218-2625-fb83-8a59-aecab803947d/AppIcon-0-0-1x_U007emarketing-0-8-0-85-220.png/100x100bb.png,2026-06-30,us,topgrossing,6014,游戏
37,6740043080,Screwdom,Zego Global Pte Ltd,https://apps.apple.com/us/app/screwdom/id6740043080?uo=2,https://is1-ssl.mzstatic.com/image/thumb/Purple221/v4/a2/0f/e9/a20fe92f-96c7-013e-9f94-389245518263/AppIcon-0-0-1x_U007emarketing-0-8-0-85-220.png/100x100bb.png,2026-06-30,us,topgrossing,6014,游戏
38,1123582513,Cashman Casino Slots Games,Product Madness,https://apps.apple.com/us/app/cashman-casino-slots-games/id1123582513?uo=2,https://is1-ssl.mzstatic.com/image/thumb/Purple211/v4/f6/18/6c/f6186c9a-5e18-9990-bf9f-530c1c328262/AppIcon-0-0-1x_U007emarketing-0-8-0-85-220.png/100x100bb.png,2026-06-30,us,topgrossing,6014,游戏
39,850417475,Candy Crush Soda Saga,King,https://apps.apple.com/us/app/candy-crush-soda-saga/id850417475?uo=2,https://is1-ssl.mzstatic.com/image/thumb/Purple211/v4/e9/fc/cd/e9fccd91-a460-201a-20de-6743da8db590/AppIcon-0-0-1x_U007epad-0-1-85-220.png/100x100bb.png,2026-06-30,us,topgrossing,6014,游戏
40,1521236603,Travel Town - Merge Adventure,Moon Active,https://apps.apple.com/us/app/travel-town-merge-adventure/id1521236603?uo=2,https://is1-ssl.mzstatic.com/image/thumb/Purple221/v4/47/97/29/479729c4-a2ef-3587-4346-a53c4e4fd4fb/AppIcon-0-0-1x_U007emarketing-0-8-0-85-220.png/100x100bb.png,2026-06-30,us,topgrossing,6014,游戏
41,6618142292,Flambé®: Merge and Cook,Microfun Limited,https://apps.apple.com/us/app/flamb%C3%A9-merge-and-cook/id6618142292?uo=2,https://is1-ssl.mzstatic.com/image/thumb/Purple221/v4/82/50/d2/8250d24f-8042-b152-706f-caa35fcf24a8/AppIcon-0-0-1x_U007emarketing-0-8-0-85-220.png/100x100bb.png,2026-06-30,us,topgrossing,6014,游戏
42,1053012308,Clash Royale,Supercell,https://apps.apple.com/us/app/clash-royale/id1053012308?uo=2,https://is1-ssl.mzstatic.com/image/thumb/Purple221/v4/7c/27/fd/7c27fdce-9dcb-61e8-1f32-792627d2afd9/AppIcon-0-0-1x_U007emarketing-0-7-0-85-220.png/100x100bb.png,2026-06-30,us,topgrossing,6014,游戏
43,6504332779,Color Block Jam,Rollic Games,https://apps.apple.com/us/app/color-block-jam/id6504332779?uo=2,https://is1-ssl.mzstatic.com/image/thumb/Purple211/v4/8e/55/86/8e55860d-453a-1daa-04c3-4238a270aa2a/AppIcon-0-0-1x_U007emarketing-0-8-0-85-220.png/100x100bb.png,2026-06-30,us,topgrossing,6014,游戏
44,6748950306,Solitaire Associations Journey,Hitapps Games LTD,https://apps.apple.com/us/app/solitaire-associations-journey/id6748950306?uo=2,https://is1-ssl.mzstatic.com/image/thumb/Purple221/v4/40/a7/d8/40a7d82f-e64f-e659-2616-19712300466a/AppIcon-0-0-1x_U007emarketing-0-8-0-85-220.png/100x100bb.png,2026-06-30,us,topgrossing,6014,游戏
45,1376515087,Age of Origins:Tower Defense,"Hong Kong Ke Mo software Co., Limited",https://apps.apple.com/us/app/age-of-origins-tower-defense/id1376515087?uo=2,https://is1-ssl.mzstatic.com/image/thumb/Purple221/v4/2c/a4/7c/2ca47cc0-995c-4e21-8fe6-3984c688c5a8/AppIcon-0-0-1x_U007emarketing-0-8-0-85-220.png/100x100bb.png,2026-06-30,us,topgrossing,6014,游戏
46,6755183085,Yarn Loop: Knit Puzzle,Combo Games,https://apps.apple.com/us/app/yarn-loop-knit-puzzle/id6755183085?uo=2,https://is1-ssl.mzstatic.com/image/thumb/Purple211/v4/f0/0b/5d/f00b5df3-2e9a-ab21-64eb-de28c9776532/AppIcon-0-0-1x_U007emarketing-0-8-0-85-220.png/100x100bb.png,2026-06-30,us,topgrossing,6014,游戏
47,945621521,Quick Hit Casino - Vegas Slots,Appchi Media Ltd,https://apps.apple.com/us/app/quick-hit-casino-vegas-slots/id945621521?uo=2,https://is1-ssl.mzstatic.com/image/thumb/Purple211/v4/ac/84/65/ac8465d2-6770-41a8-7110-067f92e45d4d/AppIcon-0-0-1x_U007emarketing-0-8-0-85-220.png/100x100bb.png,2026-06-30,us,topgrossing,6014,游戏
48,951627425,DRAGON BALL Z DOKKAN BATTLE,Bandai Namco Entertainment Inc.,https://apps.apple.com/us/app/dragon-ball-z-dokkan-battle/id951627425?uo=2,https://is1-ssl.mzstatic.com/image/thumb/Purple211/v4/61/cf/64/61cf64e9-a5cf-590e-a572-ce4b959643a7/AppIcon-1x_U007emarketing-0-11-0-85-220-0.png/100x100bb.png,2026-06-30,us,topgrossing,6014,游戏
49,6754558455,Marble Sort!,Voodoo,https://apps.apple.com/us/app/marble-sort/id6754558455?uo=2,https://is1-ssl.mzstatic.com/image/thumb/Purple211/v4/e1/4d/48/e14d4886-61ab-9bbb-d6b7-0bf05cbfc9ac/AppIcon-0-0-1x_U007emarketing-0-6-0-85-220.png/100x100bb.png,2026-06-30,us,topgrossing,6014,游戏
50,896112560,Marvel Contest of Champions,"Kabam Games, Inc.",https://apps.apple.com/us/app/marvel-contest-of-champions/id896112560?uo=2,https://is1-ssl.mzstatic.com/image/thumb/Purple221/v4/31/e7/1b/31e71bd2-0aa0-2f8b-faf1-95b8eda2075e/AppIcon-0-0-1x_U007emarketing-0-8-0-85-220.png/100x100bb.png,2026-06-30,us,topgrossing,6014,游戏
1,307569751,NYT Games: Wordle & Crossword,The New York Times Company,https://apps.apple.com/us/app/nyt-games-wordle-crossword/id307569751?uo=2,https://is1-ssl.mzstatic.com/image/thumb/Purple221/v4/6f/c6/d8/6fc6d80b-80f1-e130-f877-ddf0de04652a/Release-0-0-1x_U007epad-0-1-0-sRGB-0-85-220.png/100x100bb.png,2026-06-30,us,topgrossing,7019,文字
2,6748950306,Solitaire Associations Journey,Hitapps Games LTD,https://apps.apple.com/us/app/solitaire-associations-journey/id6748950306?uo=2,https://is1-ssl.mzstatic.com/image/thumb/Purple221/v4/40/a7/d8/40a7d82f-e64f-e659-2616-19712300466a/AppIcon-0-0-1x_U007emarketing-0-8-0-85-220.png/100x100bb.png,2026-06-30,us,topgrossing,7019,文字
3,1207472156,Wordscapes - Word Game,"PeopleFun, Inc.",https://apps.apple.com/us/app/wordscapes-word-game/id1207472156?uo=2,https://is1-ssl.mzstatic.com/image/thumb/Purple221/v4/5d/1c/d5/5d1cd573-f1be-43ba-270a-6c0cca56074d/AppIcon-0-0-1x_U007emarketing-0-8-0-85-220.png/100x100bb.png,2026-06-30,us,topgrossing,7019,文字
4,6754839783,Bubble Word Jam,Lion Studios Plus,https://apps.apple.com/us/app/bubble-word-jam/id6754839783?uo=2,https://is1-ssl.mzstatic.com/image/thumb/Purple221/v4/cf/a2/de/cfa2de64-164c-e3cf-1e2f-f2182d085439/AppIcon-0-0-1x_U007emarketing-0-8-0-85-220.png/100x100bb.png,2026-06-30,us,topgrossing,7019,文字
5,1196764367,Words With Friends Word Game,Zynga Inc.,https://apps.apple.com/us/app/words-with-friends-word-game/id1196764367?uo=2,https://is1-ssl.mzstatic.com/image/thumb/Purple221/v4/67/97/e5/6797e52d-a56a-75c6-1c06-ebaaba72e5cb/AppIcon-0-0-1x_U007emarketing-0-8-0-85-220.png/100x100bb.png,2026-06-30,us,topgrossing,7019,文字
6,1660171117,Zen Word® - Relax Puzzle Game,Oakever Games,https://apps.apple.com/us/app/zen-word-relax-puzzle-game/id1660171117?uo=2,https://is1-ssl.mzstatic.com/image/thumb/Purple221/v4/ed/51/84/ed51840c-7bfd-d698-9743-10b3fa693da3/AppIcon-0-0-1x_U007emarketing-0-8-0-85-220.png/100x100bb.png,2026-06-30,us,topgrossing,7019,文字
7,6759077038,Profile Perfect,Lion Studios Plus,https://apps.apple.com/us/app/profile-perfect/id6759077038?uo=2,https://is1-ssl.mzstatic.com/image/thumb/Purple221/v4/9d/7a/c9/9d7ac98c-2b27-aa66-3621-6bc76e1574fe/AppIcon-0-0-1x_U007emarketing-0-8-0-85-220.png/100x100bb.png,2026-06-30,us,topgrossing,7019,文字
8,1453837845,Charades - Family & Party Game,Dmytro Cheverda,https://apps.apple.com/us/app/charades-family-party-game/id1453837845?uo=2,https://is1-ssl.mzstatic.com/image/thumb/Purple221/v4/63/9e/69/639e6952-1342-2d2d-da79-5375571e2e46/AppIcon-0-0-1x_U007epad-0-1-85-220.png/100x100bb.png,2026-06-30,us,topgrossing,7019,文字
9,6473058122,ForeHeads: Charades Guess Game,smak apps,https://apps.apple.com/us/app/foreheads-charades-guess-game/id6473058122?uo=2,https://is1-ssl.mzstatic.com/image/thumb/Purple221/v4/78/cd/b2/78cdb2ee-390f-ce9c-9300-d18bce6a7873/AppIcon-0-0-1x_U007epad-0-1-0-sRGB-85-220.jpeg/100x100bb.png,2026-06-30,us,topgrossing,7019,文字
10,6499306754,Code Busters: Word Puzzle Game,Smartronic,https://apps.apple.com/us/app/code-busters-word-puzzle-game/id6499306754?uo=2,https://is1-ssl.mzstatic.com/image/thumb/Purple221/v4/8c/18/0f/8c180f7d-9367-14c2-dfb5-6b3c7fd4d474/AppIcon-0-0-1x_U007emarketing-0-11-0-85-220.png/100x100bb.png,2026-06-30,us,topgrossing,7019,文字
11,6749012623,Imposter Game: Spy? — Fakeit,smak apps,https://apps.apple.com/us/app/imposter-game-spy-fakeit/id6749012623?uo=2,https://is1-ssl.mzstatic.com/image/thumb/Purple221/v4/69/5c/3a/695c3aa2-51a1-0969-4640-d29028de2bae/AppIcon-0-0-1x_U007epad-0-1-85-220.png/100x100bb.png,2026-06-30,us,topgrossing,7019,文字
12,623592465,Heads Up!,Warner Bros.,https://apps.apple.com/us/app/heads-up/id623592465?uo=2,https://is1-ssl.mzstatic.com/image/thumb/Purple211/v4/a3/27/33/a32733ef-8c13-9c09-4a43-085476244d57/AppIcon-0-0-1x_U007emarketing-0-8-0-85-220.png/100x100bb.png,2026-06-30,us,topgrossing,7019,文字
13,1153883316,Word Cookies!®,"BitMango, Inc.",https://apps.apple.com/us/app/word-cookies/id1153883316?uo=2,https://is1-ssl.mzstatic.com/image/thumb/Purple211/v4/7d/5b/4c/7d5b4c24-8d31-6caf-b9a3-d0299912c4ae/AppIcon-0-0-1x_U007emarketing-0-8-0-85-220.png/100x100bb.png,2026-06-30,us,topgrossing,7019,文字
14,1215933788,Scrabble® GO – Fun with Words!,"Scopely, Inc.",https://apps.apple.com/us/app/scrabble-go-fun-with-words/id1215933788?uo=2,https://is1-ssl.mzstatic.com/image/thumb/Purple211/v4/dd/c7/bb/ddc7bbe4-9cf7-e22a-3936-376603918534/AppIcon-0-0-1x_U007emarketing-0-5-85-220.png/100x100bb.png,2026-06-30,us,topgrossing,7019,文字
15,1424246763,Headbands: Charades Party Game,David Kadlcek,https://apps.apple.com/us/app/headbands-charades-party-game/id1424246763?uo=2,https://is1-ssl.mzstatic.com/image/thumb/Purple211/v4/e1/68/d5/e168d5b9-1dfa-79e3-ef5c-96132d6c6525/AppIcon-0-0-1x_U007epad-0-1-0-85-220.png/100x100bb.png,2026-06-30,us,topgrossing,7019,文字
16,321916506,Classic Words With Friends,Zynga Inc.,https://apps.apple.com/us/app/classic-words-with-friends/id321916506?uo=2,https://is1-ssl.mzstatic.com/image/thumb/Purple221/v4/f5/cb/61/f5cb61c3-45e8-54d3-4578-a638662d9484/AppIcon-0-0-1x_U007emarketing-0-8-0-85-220.png/100x100bb.png,2026-06-30,us,topgrossing,7019,文字
17,1197354394,Daily Themed Crossword Puzzles,PlaySimple Games Pte Ltd,https://apps.apple.com/us/app/daily-themed-crossword-puzzles/id1197354394?uo=2,https://is1-ssl.mzstatic.com/image/thumb/Purple211/v4/6c/32/36/6c323650-f58b-4bd5-2514-3b1e8bcb5d9f/AppIcon-0-0-1x_U007emarketing-0-8-0-85-220.png/100x100bb.png,2026-06-30,us,topgrossing,7019,文字
18,1226926872,Word Connect ¤,ZenLife Games Pte. Ltd.,https://apps.apple.com/us/app/word-connect-%C2%A4/id1226926872?uo=2,https://is1-ssl.mzstatic.com/image/thumb/Purple221/v4/55/07/42/5507420d-ef1f-56ca-517c-1e678fbb3270/AppIcon-1x_U007emarketing-0-14-0-85-220-0.png/100x100bb.png,2026-06-30,us,topgrossing,7019,文字
19,1299956969,Word Collect : Word Search,Super Lucky Games LLC,https://apps.apple.com/us/app/word-collect-word-search/id1299956969?uo=2,https://is1-ssl.mzstatic.com/image/thumb/Purple211/v4/b4/81/b9/b481b976-18ee-342b-c992-4546139073c6/AppIcon-0-0-1x_U007emarketing-0-8-0-85-220.png/100x100bb.png,2026-06-30,us,topgrossing,7019,文字
20,1095569891,Wordle!,Lion Studios Plus,https://apps.apple.com/us/app/wordle/id1095569891?uo=2,https://is1-ssl.mzstatic.com/image/thumb/Purple211/v4/86/2f/54/862f541c-b0bf-5d10-d748-8c430f38930c/AppIcon-0-0-1x_U007emarketing-0-8-0-85-220.png/100x100bb.png,2026-06-30,us,topgrossing,7019,文字
21,1214223596,Word Trip - Word Puzzles Games,PlaySimple Games Pte Ltd,https://apps.apple.com/us/app/word-trip-word-puzzles-games/id1214223596?uo=2,https://is1-ssl.mzstatic.com/image/thumb/Purple221/v4/83/da/ba/83dabab0-5586-a222-7923-a9ad2c10c20a/AppIcon-0-0-1x_U007epad-0-1-85-220.png/100x100bb.png,2026-06-30,us,topgrossing,7019,文字
22,6755815731,Word Screw - 3D Unscrew Bolts,Astrasen Global,https://apps.apple.com/us/app/word-screw-3d-unscrew-bolts/id6755815731?uo=2,https://is1-ssl.mzstatic.com/image/thumb/Purple221/v4/dd/cf/e2/ddcfe2e2-2d90-a005-ab05-c4e2295b7e88/AppIcon-0-0-1x_U007epad-0-1-85-220.png/100x100bb.png,2026-06-30,us,topgrossing,7019,文字
23,1273162445,Word Crossy - A Crossword game,REIN TECHNOLOGY LIMITED,https://apps.apple.com/us/app/word-crossy-a-crossword-game/id1273162445?uo=2,https://is1-ssl.mzstatic.com/image/thumb/Purple221/v4/72/9f/79/729f79c7-b183-5426-ab52-b30d6891765c/AppIcon-1x_U007emarketing-0-8-0-85-220-0.png/100x100bb.png,2026-06-30,us,topgrossing,7019,文字
24,1096884447,Jeopardy! Trivia TV Game Show,Uken Inc.,https://apps.apple.com/us/app/jeopardy-trivia-tv-game-show/id1096884447?uo=2,https://is1-ssl.mzstatic.com/image/thumb/Purple221/v4/80/b3/e3/80b3e325-0281-9c7e-31cb-8aac625416db/AppIcon-0-0-1x_U007emarketing-0-8-0-85-220.png/100x100bb.png,2026-06-30,us,topgrossing,7019,文字
25,6692629257,Connect Word Association Game,Hitapps Games LTD,https://apps.apple.com/us/app/connect-word-association-game/id6692629257?uo=2,https://is1-ssl.mzstatic.com/image/thumb/Purple211/v4/28/d5/f4/28d5f425-8daa-3408-1792-c75b050774cb/AppIcon-0-0-1x_U007emarketing-0-8-0-85-220.png/100x100bb.png,2026-06-30,us,topgrossing,7019,文字
26,1269540854,Crossword Jam: Fun Word Search,PlaySimple Games Pte Ltd,https://apps.apple.com/us/app/crossword-jam-fun-word-search/id1269540854?uo=2,https://is1-ssl.mzstatic.com/image/thumb/Purple221/v4/a9/a1/b6/a9a1b64a-953a-4c64-9cba-b8920f63e54d/AppIcon-0-0-1x_U007emarketing-0-8-0-85-220.png/100x100bb.png,2026-06-30,us,topgrossing,7019,文字
27,6532601126,That’s My Seat – Logic Puzzle,ROOFTOP GAMES OYUN TEKNOLOJILERI ANONIM SIRKETI,https://apps.apple.com/us/app/thats-my-seat-logic-puzzle/id6532601126?uo=2,https://is1-ssl.mzstatic.com/image/thumb/Purple211/v4/4f/88/fd/4f88fd1f-bcba-2ac7-7ef8-ebaf53eca4c5/AppIcon-0-0-1x_U007emarketing-0-8-0-85-220.png/100x100bb.png,2026-06-30,us,topgrossing,7019,文字
28,6739069151,Crossword Go!,PlaySimple Games Pte Ltd,https://apps.apple.com/us/app/crossword-go/id6739069151?uo=2,https://is1-ssl.mzstatic.com/image/thumb/Purple211/v4/4b/d4/12/4bd4122f-a4b6-cfcc-15b0-293127666f3f/AppIcon-0-0-1x_U007emarketing-0-8-0-85-220.png/100x100bb.png,2026-06-30,us,topgrossing,7019,文字
29,6745120053,Imposter Game - Party Edition,Sven Vucak,https://apps.apple.com/us/app/imposter-game-party-edition/id6745120053?uo=2,https://is1-ssl.mzstatic.com/image/thumb/Purple211/v4/10/69/e0/1069e0bd-1564-9f77-7ea4-a8072e6e90ff/AppIcon-0-0-1x_U007emarketing-0-11-0-0-85-220.png/100x100bb.png,2026-06-30,us,topgrossing,7019,文字
30,1197041040,Boggle With Friends: Word Game,Zynga Inc.,https://apps.apple.com/us/app/boggle-with-friends-word-game/id1197041040?uo=2,https://is1-ssl.mzstatic.com/image/thumb/Purple211/v4/bc/ad/b1/bcadb10f-d864-f64d-1bf2-2319d1697962/AppIcon-0-0-1x_U007emarketing-0-8-0-sRGB-85-220.png/100x100bb.png,2026-06-30,us,topgrossing,7019,文字
31,1665707773,WonderNovel-Story Lovers' Home,佳宇 李,https://apps.apple.com/us/app/wondernovel-story-lovers-home/id1665707773?uo=2,https://is1-ssl.mzstatic.com/image/thumb/Purple221/v4/1b/c3/60/1bc360af-97a5-7421-0153-ff40d9bc0aea/AppIcon-0-0-1x_U007ephone-0-1-85-220.png/100x100bb.png,2026-06-30,us,topgrossing,7019,文字
32,6745003362,Word Oasis: Calm Puzzle Game,Oasis Games LTD,https://apps.apple.com/us/app/word-oasis-calm-puzzle-game/id6745003362?uo=2,https://is1-ssl.mzstatic.com/image/thumb/Purple221/v4/ff/68/60/ff6860f6-3437-686b-a11f-8872b9ae75c6/AppIcon-0-0-1x_U007emarketing-0-8-0-85-220.png/100x100bb.png,2026-06-30,us,topgrossing,7019,文字
33,898040123,Wheel of Fortune Official Game,"Scopely, Inc.",https://apps.apple.com/us/app/wheel-of-fortune-official-game/id898040123?uo=2,https://is1-ssl.mzstatic.com/image/thumb/Purple211/v4/7b/db/e0/7bdbe0df-5fe2-6a50-7a70-d1dd459d1376/AppIcon-0-0-1x_U007emarketing-0-8-0-85-220.png/100x100bb.png,2026-06-30,us,topgrossing,7019,文字
34,6452119853,Wordscapes Solitaire Word Game,"PeopleFun, Inc.",https://apps.apple.com/us/app/wordscapes-solitaire-word-game/id6452119853?uo=2,https://is1-ssl.mzstatic.com/image/thumb/Purple211/v4/6a/96/91/6a969185-3ccd-8991-903d-f5302a66cbd5/AppIcon-0-0-1x_U007emarketing-0-8-0-85-220.png/100x100bb.png,2026-06-30,us,topgrossing,7019,文字
35,1446728841,Word Crush® - Fun Puzzle Game,YEW TECHNOLOGY LIMITED,https://apps.apple.com/us/app/word-crush-fun-puzzle-game/id1446728841?uo=2,https://is1-ssl.mzstatic.com/image/thumb/Purple211/v4/62/f3/57/62f35725-cc17-116b-3217-6707a1a71351/AppIcon-1x_U007epad-0-11-0-0-85-220-0.png/100x100bb.png,2026-06-30,us,topgrossing,7019,文字
36,1308181322,Puzzle Page - Daily Games!,AppyNation Ltd.,https://apps.apple.com/us/app/puzzle-page-daily-games/id1308181322?uo=2,https://is1-ssl.mzstatic.com/image/thumb/Purple221/v4/90/84/a2/9084a238-2e76-eb0e-73e1-9b7ac23a346b/AppIcon-0-0-1x_U007emarketing-0-8-0-85-220.png/100x100bb.png,2026-06-30,us,topgrossing,7019,文字
37,6737275844,Word Tiles GO,Gulliver's Games,https://apps.apple.com/us/app/word-tiles-go/id6737275844?uo=2,https://is1-ssl.mzstatic.com/image/thumb/Purple221/v4/f4/3b/c6/f43bc65a-1f02-fb14-2786-03fbc1e4ca4d/AppIcon-0-0-1x_U007emarketing-0-8-0-85-220.png/100x100bb.png,2026-06-30,us,topgrossing,7019,文字
38,1482382774,Wordzee! - Puzzle Word Game,MAG Interactive,https://apps.apple.com/us/app/wordzee-puzzle-word-game/id1482382774?uo=2,https://is1-ssl.mzstatic.com/image/thumb/Purple211/v4/54/7e/38/547e3803-c67e-afde-f9c1-ae0986fc4d61/AppIcon-0-0-1x_U007emarketing-0-8-0-85-220.png/100x100bb.png,2026-06-30,us,topgrossing,7019,文字
39,975035622,Vegas Downtown Slots & Words,Playtika LTD,https://apps.apple.com/us/app/vegas-downtown-slots-words/id975035622?uo=2,https://is1-ssl.mzstatic.com/image/thumb/Purple221/v4/e0/97/bb/e097bbd3-08a6-3c8b-d809-0f89119c0c70/AppIcons-0-0-1x_U007emarketing-0-5-85-220.png/100x100bb.png,2026-06-30,us,topgrossing,7019,文字
40,6747810901,Word Connect Association,PlaySimple Games Pte Ltd,https://apps.apple.com/us/app/word-connect-association/id6747810901?uo=2,https://is1-ssl.mzstatic.com/image/thumb/Purple221/v4/e1/ad/1c/e1ad1cc7-ea73-e3f2-bda8-43b0f9c1b76f/AppIcon-0-0-1x_U007epad-0-1-85-220.png/100x100bb.png,2026-06-30,us,topgrossing,7019,文字
41,6755186586,Worditaire: Word Solitaire,SPEEDGO,https://apps.apple.com/us/app/worditaire-word-solitaire/id6755186586?uo=2,https://is1-ssl.mzstatic.com/image/thumb/Purple211/v4/d3/51/31/d35131f3-cb66-0ba7-8959-53aee07dcd2e/AppIcon-0-0-1x_U007emarketing-0-8-0-85-220.png/100x100bb.png,2026-06-30,us,topgrossing,7019,文字
42,1563215345,Word Roll - Fun Word Game,PlaySimple Games Pte Ltd,https://apps.apple.com/us/app/word-roll-fun-word-game/id1563215345?uo=2,https://is1-ssl.mzstatic.com/image/thumb/Purple211/v4/bc/3e/ee/bc3eee78-de1d-3014-b3e6-433f5814139f/AppIcon-1x_U007emarketing-0-8-0-85-220-0.png/100x100bb.png,2026-06-30,us,topgrossing,7019,文字
43,1217017696,Truth Or Drink Dirty Questions,Boris Mikic,https://apps.apple.com/us/app/truth-or-drink-dirty-questions/id1217017696?uo=2,https://is1-ssl.mzstatic.com/image/thumb/Purple211/v4/a1/ec/fc/a1ecfc17-c9f0-9f62-4c7b-e49fedcd663a/AppIcon-0-0-1x_U007epad-0-1-85-220.png/100x100bb.png,2026-06-30,us,topgrossing,7019,文字
44,1369521645,Words of Wonders: Crossword,FUGO BILISIM TEKNOLOJILERI VE YAZILIM TICARET ANONIM SIRKETI,https://apps.apple.com/us/app/words-of-wonders-crossword/id1369521645?uo=2,https://is1-ssl.mzstatic.com/image/thumb/Purple221/v4/c6/2d/aa/c62daa46-5af1-a339-9580-f239755bf983/AppIcon-0-0-1x_U007emarketing-0-8-0-85-220.png/100x100bb.png,2026-06-30,us,topgrossing,7019,文字
45,6742755086,Cryptogram: Logic Puzzle Game,Tripledot Studios,https://apps.apple.com/us/app/cryptogram-logic-puzzle-game/id6742755086?uo=2,https://is1-ssl.mzstatic.com/image/thumb/Purple221/v4/1e/5e/28/1e5e2873-ec91-e7e1-eb9d-e189488a2a47/AppIcon-0-0-1x_U007emarketing-0-8-0-85-220.png/100x100bb.png,2026-06-30,us,topgrossing,7019,文字
46,1633040270,LetsRead-Stories for Wherever,雨 胡,https://apps.apple.com/us/app/letsread-stories-for-wherever/id1633040270?uo=2,https://is1-ssl.mzstatic.com/image/thumb/Purple221/v4/c1/fe/17/c1fe1776-ec4f-63d3-61d8-8ef9c74a5a6f/AppIcon-0-0-1x_U007ephone-0-1-85-220.png/100x100bb.png,2026-06-30,us,topgrossing,7019,文字
47,1441645718,5 Second Rule - Group Games,Boris Mikic,https://apps.apple.com/us/app/5-second-rule-group-games/id1441645718?uo=2,https://is1-ssl.mzstatic.com/image/thumb/Purple211/v4/c9/d0/1f/c9d01f8f-97a6-8bb5-39b2-9f1caeda88f2/AppIcon-0-0-1x_U007epad-0-1-85-220.png/100x100bb.png,2026-06-30,us,topgrossing,7019,文字
48,1580601028,Everyday Puzzles: Mini Games,Fanatee,https://apps.apple.com/us/app/everyday-puzzles-mini-games/id1580601028?uo=2,https://is1-ssl.mzstatic.com/image/thumb/Purple221/v4/01/27/13/012713bf-544b-4169-2f4c-a704ec44f76b/AppIcon-0-0-1x_U007emarketing-0-8-0-85-220.png/100x100bb.png,2026-06-30,us,topgrossing,7019,文字
49,1602508478,Word Search Explorer®,PlaySimple Games Pte Ltd,https://apps.apple.com/us/app/word-search-explorer/id1602508478?uo=2,https://is1-ssl.mzstatic.com/image/thumb/Purple211/v4/44/99/ae/4499aec6-4b2b-6cfb-5ed0-1328808dcfa5/AppIcon-0-0-1x_U007emarketing-0-8-0-85-220.png/100x100bb.png,2026-06-30,us,topgrossing,7019,文字
50,1184083151,Crosswords With Friends,Zynga Inc.,https://apps.apple.com/us/app/crosswords-with-friends/id1184083151?uo=2,https://is1-ssl.mzstatic.com/image/thumb/Purple221/v4/76/50/f7/7650f726-a3bd-9d90-fbdf-f904b17add8f/AppIcon-0-0-1x_U007emarketing-0-8-0-85-220.png/100x100bb.png,2026-06-30,us,topgrossing,7019,文字
1,6755984289,ハイキュー!! TOUCH AND CONNECT,"G HOLDINGS CO., LTD.",https://apps.apple.com/jp/app/%E3%83%8F%E3%82%A4%E3%82%AD%E3%83%A5%E3%83%BC-touch-and-connect/id6755984289?uo=2,https://is1-ssl.mzstatic.com/image/thumb/Purple221/v4/85/31/ce/8531ce57-195a-9739-1c15-8e53823f42aa/AppIcon-0-0-1x_U007emarketing-0-8-0-85-220.png/100x100bb.png,2026-06-30,jp,topfree,7012,解谜
2,6761760135,Meowdoku!,Oakever Games,https://apps.apple.com/jp/app/meowdoku/id6761760135?uo=2,https://is1-ssl.mzstatic.com/image/thumb/Purple221/v4/fc/fe/6d/fcfe6dcf-aa1d-ef3f-e01d-e5eac2d16178/AppIcon-0-0-1x_U007ephone-0-11-0-85-220.png/100x100bb.png,2026-06-30,jp,topfree,7012,解谜
3,6748397500,Arrows – Puzzle Escape,Lessmore GmbH,https://apps.apple.com/jp/app/arrows-puzzle-escape/id6748397500?uo=2,https://is1-ssl.mzstatic.com/image/thumb/Purple221/v4/8d/12/50/8d12503f-10ab-e482-7ec1-5088c4af8cd8/AppIcon-0-0-1x_U007emarketing-0-8-0-85-220.png/100x100bb.png,2026-06-30,jp,topfree,7012,解谜
4,6759081967,Jewel Coloring,Ta Ta Game Technology Limited,https://apps.apple.com/jp/app/jewel-coloring/id6759081967?uo=2,https://is1-ssl.mzstatic.com/image/thumb/Purple211/v4/62/f1/cf/62f1cf1a-3f79-100e-3708-66b3fb582a17/AppIcon-0-0-1x_U007emarketing-0-8-0-85-220.png/100x100bb.png,2026-06-30,jp,topfree,7012,解谜
5,6499209744,マジックソート (Magic Sort!),Grand Games A.Ş.,https://apps.apple.com/jp/app/%E3%83%9E%E3%82%B8%E3%83%83%E3%82%AF%E3%82%BD%E3%83%BC%E3%83%88-magic-sort/id6499209744?uo=2,https://is1-ssl.mzstatic.com/image/thumb/Purple211/v4/61/df/dc/61dfdca9-6c81-db86-1756-5b63b642a0a8/AppIcon-0-0-1x_U007emarketing-0-8-0-85-220.png/100x100bb.png,2026-06-30,jp,topfree,7012,解谜
6,6737022506,ねじねじパズル,Chengdu Warrior Tech Limited,https://apps.apple.com/jp/app/%E3%81%AD%E3%81%98%E3%81%AD%E3%81%98%E3%83%91%E3%82%BA%E3%83%AB/id6737022506?uo=2,https://is1-ssl.mzstatic.com/image/thumb/Purple221/v4/34/04/cb/3404cb54-036a-e290-2cee-30246e8fb476/AppIcon-0-0-1x_U007epad-0-11-0-85-220.png/100x100bb.png,2026-06-30,jp,topfree,7012,解谜
7,6471045672,グルメ・ジャーニー,Century Games Pte. Ltd.,https://apps.apple.com/jp/app/%E3%82%B0%E3%83%AB%E3%83%A1-%E3%82%B8%E3%83%A3%E3%83%BC%E3%83%8B%E3%83%BC/id6471045672?uo=2,https://is1-ssl.mzstatic.com/image/thumb/Purple221/v4/cc/cc/f2/ccccf200-20e5-c0fa-68fc-2ea32d90371c/AppIcon-0-0-1x_U007emarketing-0-8-0-85-220.png/100x100bb.png,2026-06-30,jp,topfree,7012,解谜
8,6758326278,Amaze GO! - 矢印 パズル,Oakever Games,https://apps.apple.com/jp/app/amaze-go-%E7%9F%A2%E5%8D%B0-%E3%83%91%E3%82%BA%E3%83%AB/id6758326278?uo=2,https://is1-ssl.mzstatic.com/image/thumb/Purple221/v4/69/a2/57/69a25772-6707-b207-50a6-dbe244ea8442/AppIcon-0-0-1x_U007emarketing-0-8-0-85-220.png/100x100bb.png,2026-06-30,jp,topfree,7012,解谜
9,6752672568,Block Out! - Color Sort Puzzle,Grand Games A.Ş.,https://apps.apple.com/jp/app/block-out-color-sort-puzzle/id6752672568?uo=2,https://is1-ssl.mzstatic.com/image/thumb/Purple211/v4/42/22/df/4222df44-fbaa-9fe1-f732-d1aec055395c/AppIcon-0-0-1x_U007emarketing-0-8-0-85-220.png/100x100bb.png,2026-06-30,jp,topfree,7012,解谜
10,1617391485,ブロックブラスト (Block Blast),Hungry Studio,https://apps.apple.com/jp/app/%E3%83%96%E3%83%AD%E3%83%83%E3%82%AF%E3%83%96%E3%83%A9%E3%82%B9%E3%83%88-block-blast/id1617391485?uo=2,https://is1-ssl.mzstatic.com/image/thumb/Purple211/v4/3a/c3/b3/3ac3b3bb-a768-8bc1-b1b2-fcc291a55b43/AppIcon-0-0-1x_U007emarketing-0-11-0-sRGB-85-220.png/100x100bb.png,2026-06-30,jp,topfree,7012,解谜
11,1623318294,ゴシップハーバー：マージ & ストーリー,Microfun Limited,https://apps.apple.com/jp/app/%E3%82%B4%E3%82%B7%E3%83%83%E3%83%97%E3%83%8F%E3%83%BC%E3%83%90%E3%83%BC-%E3%83%9E%E3%83%BC%E3%82%B8-%E3%82%B9%E3%83%88%E3%83%BC%E3%83%AA%E3%83%BC/id1623318294?uo=2,https://is1-ssl.mzstatic.com/image/thumb/Purple221/v4/d5/d7/02/d5d702dd-af54-09a5-21d1-ed6db319d310/AppIcon-0-0-1x_U007emarketing-0-8-0-85-220.png/100x100bb.png,2026-06-30,jp,topfree,7012,解谜
12,6755455500,ハリウッドマージ,VoyagerOne,https://apps.apple.com/jp/app/%E3%83%8F%E3%83%AA%E3%82%A6%E3%83%83%E3%83%89%E3%83%9E%E3%83%BC%E3%82%B8/id6755455500?uo=2,https://is1-ssl.mzstatic.com/image/thumb/Purple221/v4/8f/0c/49/8f0c4932-0793-34f8-a7c2-6a873c272d17/AppIcon-0-0-1x_U007emarketing-0-8-0-85-220.png/100x100bb.png,2026-06-30,jp,topfree,7012,解谜
13,6504332779,Color Block Jam,Rollic Games,https://apps.apple.com/jp/app/color-block-jam/id6504332779?uo=2,https://is1-ssl.mzstatic.com/image/thumb/Purple211/v4/8e/55/86/8e55860d-453a-1daa-04c3-4238a270aa2a/AppIcon-0-0-1x_U007emarketing-0-8-0-85-220.png/100x100bb.png,2026-06-30,jp,topfree,7012,解谜
14,6757844491,Tricky Story 2: Brain Twist,Tang Thi Thuy,https://apps.apple.com/jp/app/tricky-story-2-brain-twist/id6757844491?uo=2,https://is1-ssl.mzstatic.com/image/thumb/Purple221/v4/f2/8e/10/f28e10b1-c469-8428-ff89-f580a991498a/AppIcon-0-0-1x_U007emarketing-0-8-0-85-220.png/100x100bb.png,2026-06-30,jp,topfree,7012,解谜
15,6758080238,トリミン2！-トリッキーミーン2 いじわる脳トレパズルゲーム,FTY LLC.,https://apps.apple.com/jp/app/%E3%83%88%E3%83%AA%E3%83%9F%E3%83%B32-%E3%83%88%E3%83%AA%E3%83%83%E3%82%AD%E3%83%BC%E3%83%9F%E3%83%BC%E3%83%B32-%E3%81%84%E3%81%98%E3%82%8F%E3%82%8B%E8%84%B3%E3%83%88%E3%83%AC%E3%83%91%E3%82%BA%E3%83%AB%E3%82%B2%E3%83%BC%E3%83%A0/id6758080238?uo=2,https://is1-ssl.mzstatic.com/image/thumb/Purple221/v4/61/69/74/61697420-dde6-3d19-45cc-2fbae85d8898/AppIcon-0-0-1x_U007emarketing-0-8-0-85-220.png/100x100bb.png,2026-06-30,jp,topfree,7012,解谜
16,1482155847,ロイヤルマッチ（Royal Match),Dream Games,https://apps.apple.com/jp/app/%E3%83%AD%E3%82%A4%E3%83%A4%E3%83%AB%E3%83%9E%E3%83%83%E3%83%81-royal-match/id1482155847?uo=2,https://is1-ssl.mzstatic.com/image/thumb/Purple221/v4/50/3d/ab/503dabf4-c381-e224-5630-5b031703c08d/AppIcon-0-0-1x_U007emarketing-0-8-0-85-220.png/100x100bb.png,2026-06-30,jp,topfree,7012,解谜
17,6743385713,毛糸クラッシュ - パーキングゲーム バスのゲーム,Astrasen Global,https://apps.apple.com/jp/app/%E6%AF%9B%E7%B3%B8%E3%82%AF%E3%83%A9%E3%83%83%E3%82%B7%E3%83%A5-%E3%83%91%E3%83%BC%E3%82%AD%E3%83%B3%E3%82%B0%E3%82%B2%E3%83%BC%E3%83%A0-%E3%83%90%E3%82%B9%E3%81%AE%E3%82%B2%E3%83%BC%E3%83%A0/id6743385713?uo=2,https://is1-ssl.mzstatic.com/image/thumb/Purple211/v4/f9/f0/c6/f9f0c6ad-e8e1-1036-d889-e6212b48dda5/AppIcon-0-0-1x_U007epad-0-1-85-220.png/100x100bb.png,2026-06-30,jp,topfree,7012,解谜
18,1606549505,ロイヤルキングダム (Royal Kingdom),Dream Games,https://apps.apple.com/jp/app/%E3%83%AD%E3%82%A4%E3%83%A4%E3%83%AB%E3%82%AD%E3%83%B3%E3%82%B0%E3%83%80%E3%83%A0-royal-kingdom/id1606549505?uo=2,https://is1-ssl.mzstatic.com/image/thumb/Purple211/v4/5c/c4/75/5cc4753e-cd56-1020-daa7-a09f15857a63/AppIcon-0-0-1x_U007emarketing-0-8-0-85-220.png/100x100bb.png,2026-06-30,jp,topfree,7012,解谜
19,6767091927,ジグソードロップ：ソリティアパズル,Runyou Game,https://apps.apple.com/jp/app/%E3%82%B8%E3%82%B0%E3%82%BD%E3%83%BC%E3%83%89%E3%83%AD%E3%83%83%E3%83%97-%E3%82%BD%E3%83%AA%E3%83%86%E3%82%A3%E3%82%A2%E3%83%91%E3%82%BA%E3%83%AB/id6767091927?uo=2,https://is1-ssl.mzstatic.com/image/thumb/Purple221/v4/fe/be/7e/febe7e6a-641c-0304-c363-140ee89d3450/AppIcon-0-0-1x_U007emarketing-0-8-0-85-220.png/100x100bb.png,2026-06-30,jp,topfree,7012,解谜
20,638689075,タウンシップ (Township),Playrix,https://apps.apple.com/jp/app/%E3%82%BF%E3%82%A6%E3%83%B3%E3%82%B7%E3%83%83%E3%83%97-township/id638689075?uo=2,https://is1-ssl.mzstatic.com/image/thumb/Purple211/v4/f3/d3/ab/f3d3abe7-ac2f-d4a3-1683-0873d183913e/AppIcon-0-0-1x_U007emarketing-0-11-0-85-220.png/100x100bb.png,2026-06-30,jp,topfree,7012,解谜
21,6740043080,Screwdom : ボルトパズルゲーム,Zego Global Pte Ltd,https://apps.apple.com/jp/app/screwdom-%E3%83%9C%E3%83%AB%E3%83%88%E3%83%91%E3%82%BA%E3%83%AB%E3%82%B2%E3%83%BC%E3%83%A0/id6740043080?uo=2,https://is1-ssl.mzstatic.com/image/thumb/Purple221/v4/a2/0f/e9/a20fe92f-96c7-013e-9f94-389245518263/AppIcon-0-0-1x_U007emarketing-0-8-0-85-220.png/100x100bb.png,2026-06-30,jp,topfree,7012,解谜
22,6503603603,ミステリータウン：マージゲーム (Mystery Town),Cedar Games Studio,https://apps.apple.com/jp/app/%E3%83%9F%E3%82%B9%E3%83%86%E3%83%AA%E3%83%BC%E3%82%BF%E3%82%A6%E3%83%B3-%E3%83%9E%E3%83%BC%E3%82%B8%E3%82%B2%E3%83%BC%E3%83%A0-mystery-town/id6503603603?uo=2,https://is1-ssl.mzstatic.com/image/thumb/Purple221/v4/a7/9d/cc/a79dcc67-26e1-ec7e-a639-6e346d365eec/AppIcon-0-0-1x_U007emarketing-0-5-0-85-220.png/100x100bb.png,2026-06-30,jp,topfree,7012,解谜
23,6749300334,ネジ3Dパズル：ピンを外すゲーム,Kiwi Fun HK Limited,https://apps.apple.com/jp/app/%E3%83%8D%E3%82%B83d%E3%83%91%E3%82%BA%E3%83%AB-%E3%83%94%E3%83%B3%E3%82%92%E5%A4%96%E3%81%99%E3%82%B2%E3%83%BC%E3%83%A0/id6749300334?uo=2,https://is1-ssl.mzstatic.com/image/thumb/Purple211/v4/ac/59/37/ac593771-46d7-2d54-e9d5-2e6e9e303c37/AppIcon-0-0-1x_U007emarketing-0-8-0-85-220.png/100x100bb.png,2026-06-30,jp,topfree,7012,解谜
24,6499306806,グッズソーティング3D：マッチゲーム,Guru Smart Holding Limited,https://apps.apple.com/jp/app/%E3%82%B0%E3%83%83%E3%82%BA%E3%82%BD%E3%83%BC%E3%83%86%E3%82%A3%E3%83%B3%E3%82%B03d-%E3%83%9E%E3%83%83%E3%83%81%E3%82%B2%E3%83%BC%E3%83%A0/id6499306806?uo=2,https://is1-ssl.mzstatic.com/image/thumb/Purple221/v4/59/fc/80/59fc80e5-8b31-d91e-d243-cd3415ae0f8a/AppIcon-0-0-1x_U007emarketing-0-8-0-85-220.png/100x100bb.png,2026-06-30,jp,topfree,7012,解谜
25,6755183085,Yarn Loop: Knit Puzzle,Combo Games,https://apps.apple.com/jp/app/yarn-loop-knit-puzzle/id6755183085?uo=2,https://is1-ssl.mzstatic.com/image/thumb/Purple211/v4/f0/0b/5d/f00b5df3-2e9a-ab21-64eb-de28c9776532/AppIcon-0-0-1x_U007emarketing-0-8-0-85-220.png/100x100bb.png,2026-06-30,jp,topfree,7012,解谜
26,6633425539,Screw Sort 3D: ボルト ネジニットパズルゲーム,BLANKZONET,https://apps.apple.com/jp/app/screw-sort-3d-%E3%83%9C%E3%83%AB%E3%83%88-%E3%83%8D%E3%82%B8%E3%83%8B%E3%83%83%E3%83%88%E3%83%91%E3%82%BA%E3%83%AB%E3%82%B2%E3%83%BC%E3%83%A0/id6633425539?uo=2,https://is1-ssl.mzstatic.com/image/thumb/Purple221/v4/13/a6/b8/13a6b8e4-49c1-623c-b8b3-f64c90bb0e07/AppIcon-0-0-1x_U007epad-0-1-85-220.png/100x100bb.png,2026-06-30,jp,topfree,7012,解谜
27,724594093,LINE：ディズニー ツムツム,LINE Corporation,https://apps.apple.com/jp/app/line-%E3%83%87%E3%82%A3%E3%82%BA%E3%83%8B%E3%83%BC-%E3%83%84%E3%83%A0%E3%83%84%E3%83%A0/id724594093?uo=2,https://is1-ssl.mzstatic.com/image/thumb/Purple221/v4/0f/79/98/0f799811-5778-7fca-fa61-434c388c31a3/AppIcon-1x_U007emarketing-0-8-0-85-220-0.jpeg/100x100bb.png,2026-06-30,jp,topfree,7012,解谜
28,6754370732,耳だけ捜査線 - 暇つぶし論理パズルゲーム,FTY LLC.,https://apps.apple.com/jp/app/%E8%80%B3%E3%81%A0%E3%81%91%E6%8D%9C%E6%9F%BB%E7%B7%9A-%E6%9A%87%E3%81%A4%E3%81%B6%E3%81%97%E8%AB%96%E7%90%86%E3%83%91%E3%82%BA%E3%83%AB%E3%82%B2%E3%83%BC%E3%83%A0/id6754370732?uo=2,https://is1-ssl.mzstatic.com/image/thumb/Purple221/v4/15/c2/43/15c24398-fd5e-2c3d-9239-a3784ba7aa96/AppIcon-0-0-1x_U007emarketing-0-8-0-85-220.png/100x100bb.png,2026-06-30,jp,topfree,7012,解谜
29,6762342518,Fluffy Drop,UniRise Studio,https://apps.apple.com/jp/app/fluffy-drop/id6762342518?uo=2,https://is1-ssl.mzstatic.com/image/thumb/Purple221/v4/d9/50/ec/d950ecb9-b0a3-7541-a84d-e8a6c7f7d070/AppIcon-0-0-1x_U007emarketing-0-8-0-85-220.png/100x100bb.png,2026-06-30,jp,topfree,7012,解谜
30,6769314786,Food Hunt: Pixel Puzzle,FUNFINITY PTE. LTD,https://apps.apple.com/jp/app/food-hunt-pixel-puzzle/id6769314786?uo=2,https://is1-ssl.mzstatic.com/image/thumb/Purple221/v4/07/fc/04/07fc0446-3dd4-3de9-cd3f-63b120f4f9de/AppIcon-0-0-1x_U007emarketing-0-8-0-85-220.png/100x100bb.png,2026-06-30,jp,topfree,7012,解谜
31,6757832779,3D Water Sort! Magic Potion,Gaming Flight Limited,https://apps.apple.com/jp/app/3d-water-sort-magic-potion/id6757832779?uo=2,https://is1-ssl.mzstatic.com/image/thumb/Purple211/v4/c6/cb/96/c6cb968d-2618-1be3-72b6-6eb6303f38f1/AppIcon-0-0-1x_U007emarketing-0-8-0-85-220.png/100x100bb.png,2026-06-30,jp,topfree,7012,解谜
32,6756482832,Brain Puzzle 3: Crazy Mind,SmallStep Dev Team,https://apps.apple.com/jp/app/brain-puzzle-3-crazy-mind/id6756482832?uo=2,https://is1-ssl.mzstatic.com/image/thumb/Purple221/v4/19/ed/f5/19edf5ae-ab7a-1274-cce7-cf6dd9e42804/AppIcon-0-0-1x_U007emarketing-0-8-0-85-220.png/100x100bb.png,2026-06-30,jp,topfree,7012,解谜
33,1491074310,Tetris® - テトリス (公式ゲーム),PlayStudios,https://apps.apple.com/jp/app/tetris-%E3%83%86%E3%83%88%E3%83%AA%E3%82%B9-%E5%85%AC%E5%BC%8F%E3%82%B2%E3%83%BC%E3%83%A0/id1491074310?uo=2,https://is1-ssl.mzstatic.com/image/thumb/Purple221/v4/d6/77/37/d6773786-5de5-d933-bdb3-5660fad28c65/AppIcon-0-0-1x_U007emarketing-0-8-0-85-220.png/100x100bb.png,2026-06-30,jp,topfree,7012,解谜
34,6760325543,ArrowCube - 3DPuzzle,"GOODROID,Inc.",https://apps.apple.com/jp/app/arrowcube-3dpuzzle/id6760325543?uo=2,https://is1-ssl.mzstatic.com/image/thumb/Purple221/v4/d8/0d/c3/d80dc318-f902-5487-8e6d-46934e1febf2/AppIcon-1x_U007emarketing-0-8-0-85-220-0.png/100x100bb.png,2026-06-30,jp,topfree,7012,解谜
35,6756185760,Search It - Hidden Objects,LEAP BILISIM TEKNOLOJILERI VE YAZILIM TICARET ANONIM SIRKETI,https://apps.apple.com/jp/app/search-it-hidden-objects/id6756185760?uo=2,https://is1-ssl.mzstatic.com/image/thumb/Purple221/v4/ca/ed/fb/caedfbcf-8572-16cd-2009-6828ace25270/AppIcon-0-0-1x_U007emarketing-0-8-0-85-220.png/100x100bb.png,2026-06-30,jp,topfree,7012,解谜
36,1643509748,マージクッキング テーマレストラン,Happibits,https://apps.apple.com/jp/app/%E3%83%9E%E3%83%BC%E3%82%B8%E3%82%AF%E3%83%83%E3%82%AD%E3%83%B3%E3%82%B0-%E3%83%86%E3%83%BC%E3%83%9E%E3%83%AC%E3%82%B9%E3%83%88%E3%83%A9%E3%83%B3/id1643509748?uo=2,https://is1-ssl.mzstatic.com/image/thumb/Purple211/v4/3c/a6/cf/3ca6cfa1-757b-2632-12a1-652d5a949517/AppIcon-0-0-1x_U007emarketing-0-8-0-85-220.png/100x100bb.png,2026-06-30,jp,topfree,7012,解谜
37,6754262851,増えうさぎ by クラシル,"Kurashiru, Inc",https://apps.apple.com/jp/app/%E5%A2%97%E3%81%88%E3%81%86%E3%81%95%E3%81%8E-by-%E3%82%AF%E3%83%A9%E3%82%B7%E3%83%AB/id6754262851?uo=2,https://is1-ssl.mzstatic.com/image/thumb/Purple221/v4/8f/79/12/8f79126e-c3a0-8679-a5d4-df9bfab3c9e9/AppIcon-0-0-1x_U007emarketing-0-6-0-85-220.png/100x100bb.png,2026-06-30,jp,topfree,7012,解谜
38,6751222488,Order Crazy: 飲み物ソート ソーダ 色とりパズル,Snap Brain Games,https://apps.apple.com/jp/app/order-crazy-%E9%A3%B2%E3%81%BF%E7%89%A9%E3%82%BD%E3%83%BC%E3%83%88-%E3%82%BD%E3%83%BC%E3%83%80-%E8%89%B2%E3%81%A8%E3%82%8A%E3%83%91%E3%82%BA%E3%83%AB/id6751222488?uo=2,https://is1-ssl.mzstatic.com/image/thumb/Purple211/v4/78/21/73/782173e7-2f68-dcfb-9da5-c20f4b89c3bc/AppIcon-0-0-1x_U007epad-0-1-85-220.png/100x100bb.png,2026-06-30,jp,topfree,7012,解谜
39,6736896540,ハローキティ：マイドリームストア,"ACTGames Co., Ltd.",https://apps.apple.com/jp/app/%E3%83%8F%E3%83%AD%E3%83%BC%E3%82%AD%E3%83%86%E3%82%A3-%E3%83%9E%E3%82%A4%E3%83%89%E3%83%AA%E3%83%BC%E3%83%A0%E3%82%B9%E3%83%88%E3%82%A2/id6736896540?uo=2,https://is1-ssl.mzstatic.com/image/thumb/Purple211/v4/cc/b7/61/ccb7615b-7662-85d4-a03a-a430a51adcac/AppIcon-0-0-1x_U007emarketing-0-8-0-85-220.png/100x100bb.png,2026-06-30,jp,topfree,7012,解谜
40,1193508329,ナンプレ - 数字パズルゲーム,Easybrain Ltd,https://apps.apple.com/jp/app/%E3%83%8A%E3%83%B3%E3%83%97%E3%83%AC-%E6%95%B0%E5%AD%97%E3%83%91%E3%82%BA%E3%83%AB%E3%82%B2%E3%83%BC%E3%83%A0/id1193508329?uo=2,https://is1-ssl.mzstatic.com/image/thumb/Purple211/v4/a7/4e/e9/a74ee927-ad1d-0278-e1e2-7707aa271bb3/AppIcon-0-0-1x_U007emarketing-0-8-0-85-220.png/100x100bb.png,2026-06-30,jp,topfree,7012,解谜
41,1569776448,カラーソートボトルパズル色分けゲーム: Get Color,Tripledot Studios,https://apps.apple.com/jp/app/%E3%82%AB%E3%83%A9%E3%83%BC%E3%82%BD%E3%83%BC%E3%83%88%E3%83%9C%E3%83%88%E3%83%AB%E3%83%91%E3%82%BA%E3%83%AB%E8%89%B2%E5%88%86%E3%81%91%E3%82%B2%E3%83%BC%E3%83%A0-get-color/id1569776448?uo=2,https://is1-ssl.mzstatic.com/image/thumb/Purple221/v4/09/4d/da/094ddad2-ca2c-d876-6ae1-2b96914fffce/AppIcon-0-0-1x_U007emarketing-0-8-0-85-220.png/100x100bb.png,2026-06-30,jp,topfree,7012,解谜
42,6642698438,ウッドパズル：Screw ネジ外すゲーム  - 人気 脳トレ,LONGSEA LINK LIMITED,https://apps.apple.com/jp/app/%E3%82%A6%E3%83%83%E3%83%89%E3%83%91%E3%82%BA%E3%83%AB-screw-%E3%83%8D%E3%82%B8%E5%A4%96%E3%81%99%E3%82%B2%E3%83%BC%E3%83%A0-%E4%BA%BA%E6%B0%97-%E8%84%B3%E3%83%88%E3%83%AC/id6642698438?uo=2,https://is1-ssl.mzstatic.com/image/thumb/Purple211/v4/ab/6f/d3/ab6fd382-914f-5c98-f72e-2c0e501df7b6/AppIcon-0-0-1x_U007emarketing-0-5-85-220.png/100x100bb.png,2026-06-30,jp,topfree,7012,解谜
43,6689516366,バスゲーム：カーパーキング・バスゲーム,ABI GLOBAL LTD.,https://apps.apple.com/jp/app/%E3%83%90%E3%82%B9%E3%82%B2%E3%83%BC%E3%83%A0-%E3%82%AB%E3%83%BC%E3%83%91%E3%83%BC%E3%82%AD%E3%83%B3%E3%82%B0-%E3%83%90%E3%82%B9%E3%82%B2%E3%83%BC%E3%83%A0/id6689516366?uo=2,https://is1-ssl.mzstatic.com/image/thumb/Purple221/v4/80/dc/ba/80dcba30-ff29-4763-9d12-ea709ae7b08e/AppIcon-0-0-1x_U007emarketing-0-8-0-85-220.png/100x100bb.png,2026-06-30,jp,topfree,7012,解谜
44,6758745353,家系図ミステリー - カジュアルロジックパズルゲーム,FTY LLC.,https://apps.apple.com/jp/app/%E5%AE%B6%E7%B3%BB%E5%9B%B3%E3%83%9F%E3%82%B9%E3%83%86%E3%83%AA%E3%83%BC-%E3%82%AB%E3%82%B8%E3%83%A5%E3%82%A2%E3%83%AB%E3%83%AD%E3%82%B8%E3%83%83%E3%82%AF%E3%83%91%E3%82%BA%E3%83%AB%E3%82%B2%E3%83%BC%E3%83%A0/id6758745353?uo=2,https://is1-ssl.mzstatic.com/image/thumb/Purple221/v4/f5/e0/1c/f5e01c7a-cdcd-3085-2673-6184f1f6da19/AppIcon-0-0-1x_U007emarketing-0-8-0-85-220.png/100x100bb.png,2026-06-30,jp,topfree,7012,解谜
45,6448104157,オフラインゲーム - 暇つぶし ゲーム - パズルゲーム,Moreno Maio,https://apps.apple.com/jp/app/%E3%82%AA%E3%83%95%E3%83%A9%E3%82%A4%E3%83%B3%E3%82%B2%E3%83%BC%E3%83%A0-%E6%9A%87%E3%81%A4%E3%81%B6%E3%81%97-%E3%82%B2%E3%83%BC%E3%83%A0-%E3%83%91%E3%82%BA%E3%83%AB%E3%82%B2%E3%83%BC%E3%83%A0/id6448104157?uo=2,https://is1-ssl.mzstatic.com/image/thumb/Purple221/v4/57/ca/9f/57ca9f7d-dc49-7415-2370-99548f83969a/AppIcon-0-0-1x_U007emarketing-0-8-0-85-220.png/100x100bb.png,2026-06-30,jp,topfree,7012,解谜
46,6751056652,Pixel Flow!,Loom Games Oyun Yazilim ve Pazarlama Anonim Sirketi,https://apps.apple.com/jp/app/pixel-flow/id6751056652?uo=2,https://is1-ssl.mzstatic.com/image/thumb/Purple221/v4/0a/a1/40/0aa140e6-9524-2453-a1f8-e75bbedc49c0/AppIcon-0-0-1x_U007emarketing-0-8-0-85-220.png/100x100bb.png,2026-06-30,jp,topfree,7012,解谜
47,1521236603,Travel Town - マージアドベンチャー,Moon Active,https://apps.apple.com/jp/app/travel-town-%E3%83%9E%E3%83%BC%E3%82%B8%E3%82%A2%E3%83%89%E3%83%99%E3%83%B3%E3%83%81%E3%83%A3%E3%83%BC/id1521236603?uo=2,https://is1-ssl.mzstatic.com/image/thumb/Purple221/v4/47/97/29/479729c4-a2ef-3587-4346-a53c4e4fd4fb/AppIcon-0-0-1x_U007emarketing-0-8-0-85-220.png/100x100bb.png,2026-06-30,jp,topfree,7012,解谜
48,1577970257,Merge Hotel Empire－Design Game,Moon Active,https://apps.apple.com/jp/app/merge-hotel-empire-design-game/id1577970257?uo=2,https://is1-ssl.mzstatic.com/image/thumb/Purple211/v4/68/7f/80/687f80f0-6c17-deee-7afa-c3e883b7a0ee/AppIcon_11-0-0-1x_U007emarketing-0-11-0-85-220.png/100x100bb.png,2026-06-30,jp,topfree,7012,解谜
49,6756289996,Chirpy Sort: Bird Color Puzzle,AIM TOP GAME TECHNOLOGY LIMITED,https://apps.apple.com/jp/app/chirpy-sort-bird-color-puzzle/id6756289996?uo=2,https://is1-ssl.mzstatic.com/image/thumb/Purple211/v4/ba/b5/a7/bab5a72d-ebfb-92bb-c0d8-3a36d9c2b27a/AppIcon-0-0-1x_U007emarketing-0-8-0-85-220.png/100x100bb.png,2026-06-30,jp,topfree,7012,解谜
50,6758149135,Money Sort: Merge Puzzle,Loop Games Oyun Teknolojileri Anonim Sirketi,https://apps.apple.com/jp/app/money-sort-merge-puzzle/id6758149135?uo=2,https://is1-ssl.mzstatic.com/image/thumb/Purple221/v4/6f/50/78/6f5078c5-7873-5061-2425-8aa139cefb37/AppIcon-0-0-1x_U007emarketing-0-8-0-85-220.png/100x100bb.png,2026-06-30,jp,topfree,7012,解谜
1,6741503079,Pokémon Champions,The Pokemon Company,https://apps.apple.com/jp/app/pok%C3%A9mon-champions/id6741503079?uo=2,https://is1-ssl.mzstatic.com/image/thumb/Purple221/v4/10/0a/92/100a9291-5b49-3875-786a-65ee6a115ba0/AppIcon-0-0-1x_U007emarketing-0-8-0-85-220.png/100x100bb.png,2026-06-30,jp,topfree,6014,游戏
2,6761041344,ドット伝説～魔王になる異世界放置RPG～,RHINOS,https://apps.apple.com/jp/app/%E3%83%89%E3%83%83%E3%83%88%E4%BC%9D%E8%AA%AC-%E9%AD%94%E7%8E%8B%E3%81%AB%E3%81%AA%E3%82%8B%E7%95%B0%E4%B8%96%E7%95%8C%E6%94%BE%E7%BD%AErpg/id6761041344?uo=2,https://is1-ssl.mzstatic.com/image/thumb/Purple221/v4/f9/46/c9/f946c901-8dc8-1b73-c041-1381c7715035/AppIcon-0-0-1x_U007emarketing-0-7-0-85-220.png/100x100bb.png,2026-06-30,jp,topfree,6014,游戏
3,6755984289,ハイキュー!! TOUCH AND CONNECT,"G HOLDINGS CO., LTD.",https://apps.apple.com/jp/app/%E3%83%8F%E3%82%A4%E3%82%AD%E3%83%A5%E3%83%BC-touch-and-connect/id6755984289?uo=2,https://is1-ssl.mzstatic.com/image/thumb/Purple221/v4/85/31/ce/8531ce57-195a-9739-1c15-8e53823f42aa/AppIcon-0-0-1x_U007emarketing-0-8-0-85-220.png/100x100bb.png,2026-06-30,jp,topfree,6014,游戏
4,6761760135,Meowdoku!,Oakever Games,https://apps.apple.com/jp/app/meowdoku/id6761760135?uo=2,https://is1-ssl.mzstatic.com/image/thumb/Purple221/v4/fc/fe/6d/fcfe6dcf-aa1d-ef3f-e01d-e5eac2d16178/AppIcon-0-0-1x_U007ephone-0-11-0-85-220.png/100x100bb.png,2026-06-30,jp,topfree,6014,游戏
5,6748084174,Smash Fest!,Flow Games Bilisim Yazilim ve Pazarlama Anonim Sirketi,https://apps.apple.com/jp/app/smash-fest/id6748084174?uo=2,https://is1-ssl.mzstatic.com/image/thumb/Purple211/v4/2b/08/a3/2b08a3fc-17de-ea89-b12c-da20274add92/AppIcon-0-0-1x_U007emarketing-0-8-0-85-220.png/100x100bb.png,2026-06-30,jp,topfree,6014,游戏
6,1117270703,eFootball™,KONAMI,https://apps.apple.com/jp/app/efootball/id1117270703?uo=2,https://is1-ssl.mzstatic.com/image/thumb/Purple211/v4/f7/0c/8f/f70c8f63-9613-a144-8f0c-57039d41fc9a/PesMobile-0-0-1x_U007emarketing-0-8-0-85-220.png/100x100bb.png,2026-06-30,jp,topfree,6014,游戏
7,6748397500,Arrows – Puzzle Escape,Lessmore GmbH,https://apps.apple.com/jp/app/arrows-puzzle-escape/id6748397500?uo=2,https://is1-ssl.mzstatic.com/image/thumb/Purple221/v4/8d/12/50/8d12503f-10ab-e482-7ec1-5088c4af8cd8/AppIcon-0-0-1x_U007emarketing-0-8-0-85-220.png/100x100bb.png,2026-06-30,jp,topfree,6014,游戏
8,6776875156,[777Real]e 終末のワルキューレ,"Sammy Networks Co., Ltd.",https://apps.apple.com/jp/app/777real-e-%E7%B5%82%E6%9C%AB%E3%81%AE%E3%83%AF%E3%83%AB%E3%82%AD%E3%83%A5%E3%83%BC%E3%83%AC/id6776875156?uo=2,https://is1-ssl.mzstatic.com/image/thumb/Purple211/v4/09/f0/d1/09f0d16f-d1b1-af1a-0cbd-28ca78bbe2c6/AppIcon-0-0-1x_U007ephone-0-1-85-220.png/100x100bb.png,2026-06-30,jp,topfree,6014,游戏
9,6756994116,イナズマイレブン クロス,Level-5 Inc.,https://apps.apple.com/jp/app/%E3%82%A4%E3%83%8A%E3%82%BA%E3%83%9E%E3%82%A4%E3%83%AC%E3%83%96%E3%83%B3-%E3%82%AF%E3%83%AD%E3%82%B9/id6756994116?uo=2,https://is1-ssl.mzstatic.com/image/thumb/Purple211/v4/3a/30/00/3a30004f-a152-fd0a-e700-bc6b6bea4b71/AppIcon-0-0-1x_U007emarketing-0-8-0-85-220.png/100x100bb.png,2026-06-30,jp,topfree,6014,游戏
10,6759081967,Jewel Coloring,Ta Ta Game Technology Limited,https://apps.apple.com/jp/app/jewel-coloring/id6759081967?uo=2,https://is1-ssl.mzstatic.com/image/thumb/Purple211/v4/62/f1/cf/62f1cf1a-3f79-100e-3708-66b3fb582a17/AppIcon-0-0-1x_U007emarketing-0-8-0-85-220.png/100x100bb.png,2026-06-30,jp,topfree,6014,游戏
11,6749109552,X-Clash: サバイバル,9z Games(HK),https://apps.apple.com/jp/app/x-clash-%E3%82%B5%E3%83%90%E3%82%A4%E3%83%90%E3%83%AB/id6749109552?uo=2,https://is1-ssl.mzstatic.com/image/thumb/Purple211/v4/63/75/9a/63759a0a-be2e-a790-8ef4-edef7a09cb28/AppIcon-0-0-1x_U007emarketing-0-8-0-85-220.png/100x100bb.png,2026-06-30,jp,topfree,6014,游戏
12,6499209744,マジックソート (Magic Sort!),Grand Games A.Ş.,https://apps.apple.com/jp/app/%E3%83%9E%E3%82%B8%E3%83%83%E3%82%AF%E3%82%BD%E3%83%BC%E3%83%88-magic-sort/id6499209744?uo=2,https://is1-ssl.mzstatic.com/image/thumb/Purple211/v4/61/df/dc/61dfdca9-6c81-db86-1756-5b63b642a0a8/AppIcon-0-0-1x_U007emarketing-0-8-0-85-220.png/100x100bb.png,2026-06-30,jp,topfree,6014,游戏
13,6737022506,ねじねじパズル,Chengdu Warrior Tech Limited,https://apps.apple.com/jp/app/%E3%81%AD%E3%81%98%E3%81%AD%E3%81%98%E3%83%91%E3%82%BA%E3%83%AB/id6737022506?uo=2,https://is1-ssl.mzstatic.com/image/thumb/Purple221/v4/34/04/cb/3404cb54-036a-e290-2cee-30246e8fb476/AppIcon-0-0-1x_U007epad-0-11-0-85-220.png/100x100bb.png,2026-06-30,jp,topfree,6014,游戏
14,6471045672,グルメ・ジャーニー,Century Games Pte. Ltd.,https://apps.apple.com/jp/app/%E3%82%B0%E3%83%AB%E3%83%A1-%E3%82%B8%E3%83%A3%E3%83%BC%E3%83%8B%E3%83%BC/id6471045672?uo=2,https://is1-ssl.mzstatic.com/image/thumb/Purple221/v4/cc/cc/f2/ccccf200-20e5-c0fa-68fc-2ea32d90371c/AppIcon-0-0-1x_U007emarketing-0-8-0-85-220.png/100x100bb.png,2026-06-30,jp,topfree,6014,游戏
15,6639605332,パラノイズ,ZigZaGame Inc.,https://apps.apple.com/jp/app/%E3%83%91%E3%83%A9%E3%83%8E%E3%82%A4%E3%82%BA/id6639605332?uo=2,https://is1-ssl.mzstatic.com/image/thumb/Purple221/v4/5e/83/ee/5e83eee4-dcd3-e56f-7b79-ce78e229eff1/AppIcon-0-0-1x_U007emarketing-0-8-0-85-220.png/100x100bb.png,2026-06-30,jp,topfree,6014,游戏
16,6758326278,Amaze GO! - 矢印 パズル,Oakever Games,https://apps.apple.com/jp/app/amaze-go-%E7%9F%A2%E5%8D%B0-%E3%83%91%E3%82%BA%E3%83%AB/id6758326278?uo=2,https://is1-ssl.mzstatic.com/image/thumb/Purple221/v4/69/a2/57/69a25772-6707-b207-50a6-dbe244ea8442/AppIcon-0-0-1x_U007emarketing-0-8-0-85-220.png/100x100bb.png,2026-06-30,jp,topfree,6014,游戏
17,6752672568,Block Out! - Color Sort Puzzle,Grand Games A.Ş.,https://apps.apple.com/jp/app/block-out-color-sort-puzzle/id6752672568?uo=2,https://is1-ssl.mzstatic.com/image/thumb/Purple211/v4/42/22/df/4222df44-fbaa-9fe1-f732-d1aec055395c/AppIcon-0-0-1x_U007emarketing-0-8-0-85-220.png/100x100bb.png,2026-06-30,jp,topfree,6014,游戏
18,6738350025,戦国戦輝,株式会社 GrandSoft,https://apps.apple.com/jp/app/%E6%88%A6%E5%9B%BD%E6%88%A6%E8%BC%9D/id6738350025?uo=2,https://is1-ssl.mzstatic.com/image/thumb/Purple221/v4/14/5b/ab/145bab4c-e89e-b6ae-5a17-3cd110eb7063/AppIcon-0-0-1x_U007emarketing-0-6-0-85-220.png/100x100bb.png,2026-06-30,jp,topfree,6014,游戏
19,6746777651,ロウロウの郷〜箱庭で楽しむ不思議な暮らし〜,NovaStar,https://apps.apple.com/jp/app/%E3%83%AD%E3%82%A6%E3%83%AD%E3%82%A6%E3%81%AE%E9%83%B7-%E7%AE%B1%E5%BA%AD%E3%81%A7%E6%A5%BD%E3%81%97%E3%82%80%E4%B8%8D%E6%80%9D%E8%AD%B0%E3%81%AA%E6%9A%AE%E3%82%89%E3%81%97/id6746777651?uo=2,https://is1-ssl.mzstatic.com/image/thumb/Purple221/v4/da/a2/7d/daa27d14-74af-4934-4b62-a7cb23b5d66b/AppIcon-0-0-1x_U007emarketing-0-8-0-85-220.png/100x100bb.png,2026-06-30,jp,topfree,6014,游戏
20,1617391485,ブロックブラスト (Block Blast),Hungry Studio,https://apps.apple.com/jp/app/%E3%83%96%E3%83%AD%E3%83%83%E3%82%AF%E3%83%96%E3%83%A9%E3%82%B9%E3%83%88-block-blast/id1617391485?uo=2,https://is1-ssl.mzstatic.com/image/thumb/Purple211/v4/3a/c3/b3/3ac3b3bb-a768-8bc1-b1b2-fcc291a55b43/AppIcon-0-0-1x_U007emarketing-0-11-0-sRGB-85-220.png/100x100bb.png,2026-06-30,jp,topfree,6014,游戏
21,1623318294,ゴシップハーバー：マージ & ストーリー,Microfun Limited,https://apps.apple.com/jp/app/%E3%82%B4%E3%82%B7%E3%83%83%E3%83%97%E3%83%8F%E3%83%BC%E3%83%90%E3%83%BC-%E3%83%9E%E3%83%BC%E3%82%B8-%E3%82%B9%E3%83%88%E3%83%BC%E3%83%AA%E3%83%BC/id1623318294?uo=2,https://is1-ssl.mzstatic.com/image/thumb/Purple221/v4/d5/d7/02/d5d702dd-af54-09a5-21d1-ed6db319d310/AppIcon-0-0-1x_U007emarketing-0-8-0-85-220.png/100x100bb.png,2026-06-30,jp,topfree,6014,游戏
22,6755455500,ハリウッドマージ,VoyagerOne,https://apps.apple.com/jp/app/%E3%83%8F%E3%83%AA%E3%82%A6%E3%83%83%E3%83%89%E3%83%9E%E3%83%BC%E3%82%B8/id6755455500?uo=2,https://is1-ssl.mzstatic.com/image/thumb/Purple221/v4/8f/0c/49/8f0c4932-0793-34f8-a7c2-6a873c272d17/AppIcon-0-0-1x_U007emarketing-0-8-0-85-220.png/100x100bb.png,2026-06-30,jp,topfree,6014,游戏
23,6443575749,ホワイトアウト・サバイバル,Century Games Pte. Ltd.,https://apps.apple.com/jp/app/%E3%83%9B%E3%83%AF%E3%82%A4%E3%83%88%E3%82%A2%E3%82%A6%E3%83%88-%E3%82%B5%E3%83%90%E3%82%A4%E3%83%90%E3%83%AB/id6443575749?uo=2,https://is1-ssl.mzstatic.com/image/thumb/Purple221/v4/e5/1e/1d/e51e1db7-4655-6bb8-9441-af76dbfd291c/AppIcon-0-0-1x_U007emarketing-0-8-0-85-220.png/100x100bb.png,2026-06-30,jp,topfree,6014,游戏
24,6754003671,カードキャプターさくら：思い出の鍵,KaraQ,https://apps.apple.com/jp/app/%E3%82%AB%E3%83%BC%E3%83%89%E3%82%AD%E3%83%A3%E3%83%97%E3%82%BF%E3%83%BC%E3%81%95%E3%81%8F%E3%82%89-%E6%80%9D%E3%81%84%E5%87%BA%E3%81%AE%E9%8D%B5/id6754003671?uo=2,https://is1-ssl.mzstatic.com/image/thumb/Purple221/v4/a6/e3/c5/a6e3c5d5-b996-2d9e-6a3c-dd9e0b1d6c36/AppIcon-0-0-1x_U007emarketing-0-8-0-85-220.png/100x100bb.png,2026-06-30,jp,topfree,6014,游戏
25,6504332779,Color Block Jam,Rollic Games,https://apps.apple.com/jp/app/color-block-jam/id6504332779?uo=2,https://is1-ssl.mzstatic.com/image/thumb/Purple211/v4/8e/55/86/8e55860d-453a-1daa-04c3-4238a270aa2a/AppIcon-0-0-1x_U007emarketing-0-8-0-85-220.png/100x100bb.png,2026-06-30,jp,topfree,6014,游戏
26,6752864987,FIFA Panini Collection,Panini S.p.A.,https://apps.apple.com/jp/app/fifa-panini-collection/id6752864987?uo=2,https://is1-ssl.mzstatic.com/image/thumb/Purple221/v4/d1/80/f6/d180f6d8-c2db-e3a2-c9a7-17eb3183915b/AppIcon-0-0-1x_U007emarketing-0-8-0-85-220.png/100x100bb.png,2026-06-30,jp,topfree,6014,游戏
27,6749404408,星屑の絆,Com2uS Holdings,https://apps.apple.com/jp/app/%E6%98%9F%E5%B1%91%E3%81%AE%E7%B5%86/id6749404408?uo=2,https://is1-ssl.mzstatic.com/image/thumb/Purple221/v4/ea/07/99/ea079947-53c8-e8c0-fc95-c5d26578b62a/AppIcon-0-0-1x_U007emarketing-0-8-0-85-220.png/100x100bb.png,2026-06-30,jp,topfree,6014,游戏
28,6450537255,Aimy(アイミー)キャラクリ＆着せ替え＆AIチャット,aisaac inc.,https://apps.apple.com/jp/app/aimy-%E3%82%A2%E3%82%A4%E3%83%9F%E3%83%BC-%E3%82%AD%E3%83%A3%E3%83%A9%E3%82%AF%E3%83%AA-%E7%9D%80%E3%81%9B%E6%9B%BF%E3%81%88-ai%E3%83%81%E3%83%A3%E3%83%83%E3%83%88/id6450537255?uo=2,https://is1-ssl.mzstatic.com/image/thumb/Purple211/v4/89/77/f3/8977f310-3d78-fad3-a354-0be309907a4a/AppIcon-0-0-1x_U007emarketing-0-8-0-85-220.png/100x100bb.png,2026-06-30,jp,topfree,6014,游戏
29,6757844491,Tricky Story 2: Brain Twist,Tang Thi Thuy,https://apps.apple.com/jp/app/tricky-story-2-brain-twist/id6757844491?uo=2,https://is1-ssl.mzstatic.com/image/thumb/Purple221/v4/f2/8e/10/f28e10b1-c469-8428-ff89-f580a991498a/AppIcon-0-0-1x_U007emarketing-0-8-0-85-220.png/100x100bb.png,2026-06-30,jp,topfree,6014,游戏
30,1229016807,ブロスタ,Supercell,https://apps.apple.com/jp/app/%E3%83%96%E3%83%AD%E3%82%B9%E3%82%BF/id1229016807?uo=2,https://is1-ssl.mzstatic.com/image/thumb/Purple211/v4/a6/dc/a4/a6dca41e-7385-e8fb-cddf-dcb9751c1454/AppIcon-0-0-1x_U007epad-0-1-85-220.png/100x100bb.png,2026-06-30,jp,topfree,6014,游戏
31,6742122160,TopTop(トップトップ): サクッと遊んで、パッと友達,MX INNOVATION PTE. LTD.,https://apps.apple.com/jp/app/toptop-%E3%83%88%E3%83%83%E3%83%97%E3%83%88%E3%83%83%E3%83%97-%E3%82%B5%E3%82%AF%E3%83%83%E3%81%A8%E9%81%8A%E3%82%93%E3%81%A7-%E3%83%91%E3%83%83%E3%81%A8%E5%8F%8B%E9%81%94/id6742122160?uo=2,https://is1-ssl.mzstatic.com/image/thumb/Purple211/v4/55/b5/11/55b5116b-8235-7029-2a98-df4806847d19/AppIcon-0-0-1x_U007ephone-0-1-0-85-220.png/100x100bb.png,2026-06-30,jp,topfree,6014,游戏
32,6758080238,トリミン2！-トリッキーミーン2 いじわる脳トレパズルゲーム,FTY LLC.,https://apps.apple.com/jp/app/%E3%83%88%E3%83%AA%E3%83%9F%E3%83%B32-%E3%83%88%E3%83%AA%E3%83%83%E3%82%AD%E3%83%BC%E3%83%9F%E3%83%BC%E3%83%B32-%E3%81%84%E3%81%98%E3%82%8F%E3%82%8B%E8%84%B3%E3%83%88%E3%83%AC%E3%83%91%E3%82%BA%E3%83%AB%E3%82%B2%E3%83%BC%E3%83%A0/id6758080238?uo=2,https://is1-ssl.mzstatic.com/image/thumb/Purple221/v4/61/69/74/61697420-dde6-3d19-45cc-2fbae85d8898/AppIcon-0-0-1x_U007emarketing-0-8-0-85-220.png/100x100bb.png,2026-06-30,jp,topfree,6014,游戏
33,6739554056,キングショット,Century Games Pte. Ltd.,https://apps.apple.com/jp/app/%E3%82%AD%E3%83%B3%E3%82%B0%E3%82%B7%E3%83%A7%E3%83%83%E3%83%88/id6739554056?uo=2,https://is1-ssl.mzstatic.com/image/thumb/Purple211/v4/ee/d2/22/eed22297-9313-d8b0-52c8-95f42a2795b2/AppIcon-0-0-1x_U007emarketing-0-8-0-85-220.png/100x100bb.png,2026-06-30,jp,topfree,6014,游戏
34,1482155847,ロイヤルマッチ（Royal Match),Dream Games,https://apps.apple.com/jp/app/%E3%83%AD%E3%82%A4%E3%83%A4%E3%83%AB%E3%83%9E%E3%83%83%E3%83%81-royal-match/id1482155847?uo=2,https://is1-ssl.mzstatic.com/image/thumb/Purple221/v4/50/3d/ab/503dabf4-c381-e224-5630-5b031703c08d/AppIcon-0-0-1x_U007emarketing-0-8-0-85-220.png/100x100bb.png,2026-06-30,jp,topfree,6014,游戏
35,6475757306,Disney Solitaire ディズニー ソリティア,SuperPlay,https://apps.apple.com/jp/app/disney-solitaire-%E3%83%87%E3%82%A3%E3%82%BA%E3%83%8B%E3%83%BC-%E3%82%BD%E3%83%AA%E3%83%86%E3%82%A3%E3%82%A2/id6475757306?uo=2,https://is1-ssl.mzstatic.com/image/thumb/Purple211/v4/86/76/5f/86765fea-b7f7-dcd0-6446-0dd01ca74367/AppIcon-0-0-1x_U007emarketing-0-8-0-85-220.png/100x100bb.png,2026-06-30,jp,topfree,6014,游戏
36,6743385713,毛糸クラッシュ - パーキングゲーム バスのゲーム,Astrasen Global,https://apps.apple.com/jp/app/%E6%AF%9B%E7%B3%B8%E3%82%AF%E3%83%A9%E3%83%83%E3%82%B7%E3%83%A5-%E3%83%91%E3%83%BC%E3%82%AD%E3%83%B3%E3%82%B0%E3%82%B2%E3%83%BC%E3%83%A0-%E3%83%90%E3%82%B9%E3%81%AE%E3%82%B2%E3%83%BC%E3%83%A0/id6743385713?uo=2,https://is1-ssl.mzstatic.com/image/thumb/Purple211/v4/f9/f0/c6/f9f0c6ad-e8e1-1036-d889-e6212b48dda5/AppIcon-0-0-1x_U007epad-0-1-85-220.png/100x100bb.png,2026-06-30,jp,topfree,6014,游戏
37,6483539426,フォートナイト,Epic Games Inc.,https://apps.apple.com/jp/app/%E3%83%95%E3%82%A9%E3%83%BC%E3%83%88%E3%83%8A%E3%82%A4%E3%83%88/id6483539426?uo=2,https://is1-ssl.mzstatic.com/image/thumb/Purple221/v4/50/41/14/5041140b-3d2b-f766-61c0-72c359df6be3/AppIcon-0-0-1x_U007epad-0-1-85-220.png/100x100bb.png,2026-06-30,jp,topfree,6014,游戏
38,1529747588,どこでもパーティーゲーム「どこパ」：ワードウルフオンライン,Qdan Inc.,https://apps.apple.com/jp/app/%E3%81%A9%E3%81%93%E3%81%A7%E3%82%82%E3%83%91%E3%83%BC%E3%83%86%E3%82%A3%E3%83%BC%E3%82%B2%E3%83%BC%E3%83%A0-%E3%81%A9%E3%81%93%E3%83%91-%E3%83%AF%E3%83%BC%E3%83%89%E3%82%A6%E3%83%AB%E3%83%95%E3%82%AA%E3%83%B3%E3%83%A9%E3%82%A4%E3%83%B3/id1529747588?uo=2,https://is1-ssl.mzstatic.com/image/thumb/Purple221/v4/ca/82/c2/ca82c293-7dce-d784-65e3-66b82b5ba3b7/AppIcon-0-0-1x_U007emarketing-0-8-0-85-220.png/100x100bb.png,2026-06-30,jp,topfree,6014,游戏
39,431946152,Roblox (ロブロックス),Roblox Corporation,https://apps.apple.com/jp/app/roblox-%E3%83%AD%E3%83%96%E3%83%AD%E3%83%83%E3%82%AF%E3%82%B9/id431946152?uo=2,https://is1-ssl.mzstatic.com/image/thumb/Purple221/v4/ae/d6/57/aed65717-e85f-212b-21e0-f57112aa8c02/AppIcon-0-0-1x_U007epad-0-1-0-85-220.png/100x100bb.png,2026-06-30,jp,topfree,6014,游戏
40,6755861844,確認させてください,FTY LLC.,https://apps.apple.com/jp/app/%E7%A2%BA%E8%AA%8D%E3%81%95%E3%81%9B%E3%81%A6%E3%81%8F%E3%81%A0%E3%81%95%E3%81%84/id6755861844?uo=2,https://is1-ssl.mzstatic.com/image/thumb/Purple211/v4/be/fb/d3/befbd36e-9f56-287c-9ddd-107771d6c1d3/AppIcon-0-0-1x_U007emarketing-0-8-0-85-220.png/100x100bb.png,2026-06-30,jp,topfree,6014,游戏
41,1606549505,ロイヤルキングダム (Royal Kingdom),Dream Games,https://apps.apple.com/jp/app/%E3%83%AD%E3%82%A4%E3%83%A4%E3%83%AB%E3%82%AD%E3%83%B3%E3%82%B0%E3%83%80%E3%83%A0-royal-kingdom/id1606549505?uo=2,https://is1-ssl.mzstatic.com/image/thumb/Purple211/v4/5c/c4/75/5cc4753e-cd56-1020-daa7-a09f15857a63/AppIcon-0-0-1x_U007emarketing-0-8-0-85-220.png/100x100bb.png,2026-06-30,jp,topfree,6014,游戏
42,6740618570,XP Hero,"Supercent, Inc.",https://apps.apple.com/jp/app/xp-hero/id6740618570?uo=2,https://is1-ssl.mzstatic.com/image/thumb/Purple221/v4/6d/84/25/6d8425f2-a05c-625f-bf75-a7fe6b47d9f2/AppIcon-0-0-1x_U007emarketing-0-8-0-85-220.png/100x100bb.png,2026-06-30,jp,topfree,6014,游戏
43,6747736697,ドラゴンクエストスマッシュグロウ ドラクエローグライトRPG,SQUARE ENIX,https://apps.apple.com/jp/app/%E3%83%89%E3%83%A9%E3%82%B4%E3%83%B3%E3%82%AF%E3%82%A8%E3%82%B9%E3%83%88%E3%82%B9%E3%83%9E%E3%83%83%E3%82%B7%E3%83%A5%E3%82%B0%E3%83%AD%E3%82%A6-%E3%83%89%E3%83%A9%E3%82%AF%E3%82%A8%E3%83%AD%E3%83%BC%E3%82%B0%E3%83%A9%E3%82%A4%E3%83%88rpg/id6747736697?uo=2,https://is1-ssl.mzstatic.com/image/thumb/Purple221/v4/e4/84/1a/e4841a4e-340c-63b7-af7c-71fbb85446f6/AppIcon-0-0-1x_U007emarketing-0-8-0-85-220.png/100x100bb.png,2026-06-30,jp,topfree,6014,游戏
44,6767091927,ジグソードロップ：ソリティアパズル,Runyou Game,https://apps.apple.com/jp/app/%E3%82%B8%E3%82%B0%E3%82%BD%E3%83%BC%E3%83%89%E3%83%AD%E3%83%83%E3%83%97-%E3%82%BD%E3%83%AA%E3%83%86%E3%82%A3%E3%82%A2%E3%83%91%E3%82%BA%E3%83%AB/id6767091927?uo=2,https://is1-ssl.mzstatic.com/image/thumb/Purple221/v4/fe/be/7e/febe7e6a-641c-0304-c363-140ee89d3450/AppIcon-0-0-1x_U007emarketing-0-8-0-85-220.png/100x100bb.png,2026-06-30,jp,topfree,6014,游戏
45,6741469353,プロサッカークラブをつくろう！,SEGA CORPORATION,https://apps.apple.com/jp/app/%E3%83%97%E3%83%AD%E3%82%B5%E3%83%83%E3%82%AB%E3%83%BC%E3%82%AF%E3%83%A9%E3%83%96%E3%82%92%E3%81%A4%E3%81%8F%E3%82%8D%E3%81%86/id6741469353?uo=2,https://is1-ssl.mzstatic.com/image/thumb/Purple221/v4/c3/7d/d2/c37dd291-47d0-9eb0-de34-9c172161324e/AppIcon-0-0-1x_U007emarketing-0-8-0-85-220.png/100x100bb.png,2026-06-30,jp,topfree,6014,游戏
46,6446347021,猫とスープ～魔法のレシピ～,NEOWIZ,https://apps.apple.com/jp/app/%E7%8C%AB%E3%81%A8%E3%82%B9%E3%83%BC%E3%83%97-%E9%AD%94%E6%B3%95%E3%81%AE%E3%83%AC%E3%82%B7%E3%83%94/id6446347021?uo=2,https://is1-ssl.mzstatic.com/image/thumb/Purple211/v4/f6/31/81/f6318154-696e-11db-1b9d-3762e33e095d/AppIcon-0-0-1x_U007emarketing-0-8-0-85-220.png/100x100bb.png,2026-06-30,jp,topfree,6014,游戏
47,638689075,タウンシップ (Township),Playrix,https://apps.apple.com/jp/app/%E3%82%BF%E3%82%A6%E3%83%B3%E3%82%B7%E3%83%83%E3%83%97-township/id638689075?uo=2,https://is1-ssl.mzstatic.com/image/thumb/Purple211/v4/f3/d3/ab/f3d3abe7-ac2f-d4a3-1683-0873d183913e/AppIcon-0-0-1x_U007emarketing-0-11-0-85-220.png/100x100bb.png,2026-06-30,jp,topfree,6014,游戏
48,6746465127,セルサバイバー - シューティングゲーム,Snap Brain Games,https://apps.apple.com/jp/app/%E3%82%BB%E3%83%AB%E3%82%B5%E3%83%90%E3%82%A4%E3%83%90%E3%83%BC-%E3%82%B7%E3%83%A5%E3%83%BC%E3%83%86%E3%82%A3%E3%83%B3%E3%82%B0%E3%82%B2%E3%83%BC%E3%83%A0/id6746465127?uo=2,https://is1-ssl.mzstatic.com/image/thumb/Purple221/v4/be/92/db/be92db2e-841b-1479-854e-98f0ce2f28b1/AppIcon-0-0-1x_U007epad-0-1-85-220.png/100x100bb.png,2026-06-30,jp,topfree,6014,游戏
49,6477413486,Level Devil - NOT A Troll Game,Poki B.V.,https://apps.apple.com/jp/app/level-devil-not-a-troll-game/id6477413486?uo=2,https://is1-ssl.mzstatic.com/image/thumb/Purple211/v4/ac/2c/a6/ac2ca66a-47ab-2a5a-ed78-34a242d5357b/AppIcon-0-0-1x_U007epad-0-11-0-85-220.png/100x100bb.png,2026-06-30,jp,topfree,6014,游戏
50,6744975195,Sled Surfers - ファーズ - 坂冒険,Crazy Labs,https://apps.apple.com/jp/app/sled-surfers-%E3%83%95%E3%82%A1%E3%83%BC%E3%82%BA-%E5%9D%82%E5%86%92%E9%99%BA/id6744975195?uo=2,https://is1-ssl.mzstatic.com/image/thumb/Purple211/v4/c4/35/eb/c435eb08-63cb-4900-66b9-cff5be1b0f4b/AppIcon-1x_U007emarketing-0-8-0-85-220-0.png/100x100bb.png,2026-06-30,jp,topfree,6014,游戏
1,1529747588,どこでもパーティーゲーム「どこパ」：ワードウルフオンライン,Qdan Inc.,https://apps.apple.com/jp/app/%E3%81%A9%E3%81%93%E3%81%A7%E3%82%82%E3%83%91%E3%83%BC%E3%83%86%E3%82%A3%E3%83%BC%E3%82%B2%E3%83%BC%E3%83%A0-%E3%81%A9%E3%81%93%E3%83%91-%E3%83%AF%E3%83%BC%E3%83%89%E3%82%A6%E3%83%AB%E3%83%95%E3%82%AA%E3%83%B3%E3%83%A9%E3%82%A4%E3%83%B3/id1529747588?uo=2,https://is1-ssl.mzstatic.com/image/thumb/Purple221/v4/ca/82/c2/ca82c293-7dce-d784-65e3-66b82b5ba3b7/AppIcon-0-0-1x_U007emarketing-0-8-0-85-220.png/100x100bb.png,2026-06-30,jp,topfree,7019,文字
2,6748950306,ソリティア - ワードゲーム,Hitapps Games LTD,https://apps.apple.com/jp/app/%E3%82%BD%E3%83%AA%E3%83%86%E3%82%A3%E3%82%A2-%E3%83%AF%E3%83%BC%E3%83%89%E3%82%B2%E3%83%BC%E3%83%A0/id6748950306?uo=2,https://is1-ssl.mzstatic.com/image/thumb/Purple221/v4/40/a7/d8/40a7d82f-e64f-e659-2616-19712300466a/AppIcon-0-0-1x_U007emarketing-0-8-0-85-220.png/100x100bb.png,2026-06-30,jp,topfree,7019,文字
3,1044039663,みんなで早押しクイズ,"Q ONE, Inc.",https://apps.apple.com/jp/app/%E3%81%BF%E3%82%93%E3%81%AA%E3%81%A7%E6%97%A9%E6%8A%BC%E3%81%97%E3%82%AF%E3%82%A4%E3%82%BA/id1044039663?uo=2,https://is1-ssl.mzstatic.com/image/thumb/Purple221/v4/62/24/9a/62249a6c-8a24-6d93-627c-308ecb435e20/AppIcon-2-1x_U007epad-0-1-0-85-220-0.png/100x100bb.png,2026-06-30,jp,topfree,7019,文字
4,1554440792,Hit＆Blowオンライン（ヒットアンドブロー）,Amateral Inc.,https://apps.apple.com/jp/app/hit-blow%E3%82%AA%E3%83%B3%E3%83%A9%E3%82%A4%E3%83%B3-%E3%83%92%E3%83%83%E3%83%88%E3%82%A2%E3%83%B3%E3%83%89%E3%83%96%E3%83%AD%E3%83%BC/id1554440792?uo=2,https://is1-ssl.mzstatic.com/image/thumb/Purple221/v4/30/88/d5/3088d549-bc2e-cc0d-a904-1970213967ad/AppIcon-0-0-1x_U007emarketing-0-0-0-7-0-0-sRGB-0-0-0-GLES2_U002c0-512MB-85-220-0-0.png/100x100bb.png,2026-06-30,jp,topfree,7019,文字
5,1222278363,ワードウルフ決定版【新・人狼ゲーム】ワード人狼アプリ,Qdan Inc.,https://apps.apple.com/jp/app/%E3%83%AF%E3%83%BC%E3%83%89%E3%82%A6%E3%83%AB%E3%83%95%E6%B1%BA%E5%AE%9A%E7%89%88-%E6%96%B0-%E4%BA%BA%E7%8B%BC%E3%82%B2%E3%83%BC%E3%83%A0-%E3%83%AF%E3%83%BC%E3%83%89%E4%BA%BA%E7%8B%BC%E3%82%A2%E3%83%97%E3%83%AA/id1222278363?uo=2,https://is1-ssl.mzstatic.com/image/thumb/Purple211/v4/89/5f/00/895f00c5-f35c-aaef-c174-bab9cd61697f/AppIcon-0-0-1x_U007emarketing-0-8-0-85-220.png/100x100bb.png,2026-06-30,jp,topfree,7019,文字
6,1617304787,フリック対戦 オンライン,HENN Inc.,https://apps.apple.com/jp/app/%E3%83%95%E3%83%AA%E3%83%83%E3%82%AF%E5%AF%BE%E6%88%A6-%E3%82%AA%E3%83%B3%E3%83%A9%E3%82%A4%E3%83%B3/id1617304787?uo=2,https://is1-ssl.mzstatic.com/image/thumb/Purple221/v4/8c/36/23/8c362357-7133-9037-26b6-6de3963c0455/AppIcon-0-0-1x_U007emarketing-0-6-0-85-220.png/100x100bb.png,2026-06-30,jp,topfree,7019,文字
7,6755815731,Word Screw: ワードパズルゲーム,Astrasen Global,https://apps.apple.com/jp/app/word-screw-%E3%83%AF%E3%83%BC%E3%83%89%E3%83%91%E3%82%BA%E3%83%AB%E3%82%B2%E3%83%BC%E3%83%A0/id6755815731?uo=2,https://is1-ssl.mzstatic.com/image/thumb/Purple221/v4/dd/cf/e2/ddcfe2e2-2d90-a005-ab05-c4e2295b7e88/AppIcon-0-0-1x_U007epad-0-1-85-220.png/100x100bb.png,2026-06-30,jp,topfree,7019,文字
8,1621929351,単語サバイバル -暇つぶし脳トレ言葉ゲーム-,HENN Inc.,https://apps.apple.com/jp/app/%E5%8D%98%E8%AA%9E%E3%82%B5%E3%83%90%E3%82%A4%E3%83%90%E3%83%AB-%E6%9A%87%E3%81%A4%E3%81%B6%E3%81%97%E8%84%B3%E3%83%88%E3%83%AC%E8%A8%80%E8%91%89%E3%82%B2%E3%83%BC%E3%83%A0/id1621929351?uo=2,https://is1-ssl.mzstatic.com/image/thumb/Purple221/v4/d6/86/5a/d6865a21-18ed-24bb-f109-8aaf08b6f4ce/AppIcon-0-0-1x_U007emarketing-0-8-0-85-220.png/100x100bb.png,2026-06-30,jp,topfree,7019,文字
9,1541995347,漢字クイズ - 単語パズル 面白い言葉遊び,"Togother Many Information Technology Co, Ltd.",https://apps.apple.com/jp/app/%E6%BC%A2%E5%AD%97%E3%82%AF%E3%82%A4%E3%82%BA-%E5%8D%98%E8%AA%9E%E3%83%91%E3%82%BA%E3%83%AB-%E9%9D%A2%E7%99%BD%E3%81%84%E8%A8%80%E8%91%89%E9%81%8A%E3%81%B3/id1541995347?uo=2,https://is1-ssl.mzstatic.com/image/thumb/Purple211/v4/06/29/fa/0629fafe-1b00-6c33-2a00-8283bd8e038e/AppIcon-1x_U007epad-0-1-85-220-0.png/100x100bb.png,2026-06-30,jp,topfree,7019,文字
10,1482750733,熟語消し—単語消しの暇つぶしゲーム,"Togother Many Information Technology Co, Ltd.",https://apps.apple.com/jp/app/%E7%86%9F%E8%AA%9E%E6%B6%88%E3%81%97-%E5%8D%98%E8%AA%9E%E6%B6%88%E3%81%97%E3%81%AE%E6%9A%87%E3%81%A4%E3%81%B6%E3%81%97%E3%82%B2%E3%83%BC%E3%83%A0/id1482750733?uo=2,https://is1-ssl.mzstatic.com/image/thumb/Purple221/v4/3e/c2/5d/3ec25dc3-044d-db22-cb73-af03aaa2e8bf/AppIcon-1x_U007epad-0-1-85-220-0.png/100x100bb.png,2026-06-30,jp,topfree,7019,文字
11,6759824620,この男、たくやという,"Durian Studio Co., Limited",https://apps.apple.com/jp/app/%E3%81%93%E3%81%AE%E7%94%B7-%E3%81%9F%E3%81%8F%E3%82%84%E3%81%A8%E3%81%84%E3%81%86/id6759824620?uo=2,https://is1-ssl.mzstatic.com/image/thumb/Purple211/v4/fa/59/b8/fa59b8e7-f13d-7a4e-0297-00e5e186dbe8/AppIcon-0-0-1x_U007emarketing-0-7-0-85-220.png/100x100bb.png,2026-06-30,jp,topfree,7019,文字
12,6499306754,Code Busters: Word Puzzle Game,Smartronic,https://apps.apple.com/jp/app/code-busters-word-puzzle-game/id6499306754?uo=2,https://is1-ssl.mzstatic.com/image/thumb/Purple221/v4/8c/18/0f/8c180f7d-9367-14c2-dfb5-6b3c7fd4d474/AppIcon-0-0-1x_U007emarketing-0-11-0-85-220.png/100x100bb.png,2026-06-30,jp,topfree,7019,文字
13,6470660613,漢字でGO! - 漢字で脳トレ 面白い暇つぶしゲーム,Satoru Higuchi,https://apps.apple.com/jp/app/%E6%BC%A2%E5%AD%97%E3%81%A7go-%E6%BC%A2%E5%AD%97%E3%81%A7%E8%84%B3%E3%83%88%E3%83%AC-%E9%9D%A2%E7%99%BD%E3%81%84%E6%9A%87%E3%81%A4%E3%81%B6%E3%81%97%E3%82%B2%E3%83%BC%E3%83%A0/id6470660613?uo=2,https://is1-ssl.mzstatic.com/image/thumb/Purple221/v4/d1/36/fa/d136faa8-64d7-c321-7a8c-85da20d13273/AppIcon-0-0-1x_U007epad-0-8-0-85-220.png/100x100bb.png,2026-06-30,jp,topfree,7019,文字
14,6504516918,クロスワードde懸賞２ - パズルde懸賞(公式),"Ohte, Inc.",https://apps.apple.com/jp/app/%E3%82%AF%E3%83%AD%E3%82%B9%E3%83%AF%E3%83%BC%E3%83%89de%E6%87%B8%E8%B3%9E%EF%BC%92-%E3%83%91%E3%82%BA%E3%83%ABde%E6%87%B8%E8%B3%9E-%E5%85%AC%E5%BC%8F/id6504516918?uo=2,https://is1-ssl.mzstatic.com/image/thumb/Purple211/v4/d1/63/b5/d163b551-e45b-94bb-ed72-5fa55f6af7c6/AppIcon-production-0-0-1x_U007emarketing-0-11-0-85-220.png/100x100bb.png,2026-06-30,jp,topfree,7019,文字
15,6514320038,もじそーと - 言葉の脳トレパズル,keepgamesimple LLC,https://apps.apple.com/jp/app/%E3%82%82%E3%81%98%E3%81%9D%E3%83%BC%E3%81%A8-%E8%A8%80%E8%91%89%E3%81%AE%E8%84%B3%E3%83%88%E3%83%AC%E3%83%91%E3%82%BA%E3%83%AB/id6514320038?uo=2,https://is1-ssl.mzstatic.com/image/thumb/Purple211/v4/30/f5/12/30f512a4-4933-5766-8f17-2574020d107f/AppIcon-0-0-1x_U007emarketing-0-8-0-85-220.png/100x100bb.png,2026-06-30,jp,topfree,7019,文字
16,1224546962,癒しのウーパールーパー育成ゲーム,Hiroki Yamada,https://apps.apple.com/jp/app/%E7%99%92%E3%81%97%E3%81%AE%E3%82%A6%E3%83%BC%E3%83%91%E3%83%BC%E3%83%AB%E3%83%BC%E3%83%91%E3%83%BC%E8%82%B2%E6%88%90%E3%82%B2%E3%83%BC%E3%83%A0/id1224546962?uo=2,https://is1-ssl.mzstatic.com/image/thumb/Purple116/v4/80/72/1f/80721fdd-3d28-172e-7e0c-0a22788a8573/AppIcon-0-0-1x_U007emarketing-0-0-0-7-0-0-sRGB-0-0-0-GLES2_U002c0-512MB-85-220-0-0.png/100x100bb.png,2026-06-30,jp,topfree,7019,文字
17,6742752351,NETFLIX パズルコレクション,"Netflix, Inc.",https://apps.apple.com/jp/app/netflix-%E3%83%91%E3%82%BA%E3%83%AB%E3%82%B3%E3%83%AC%E3%82%AF%E3%82%B7%E3%83%A7%E3%83%B3/id6742752351?uo=2,https://is1-ssl.mzstatic.com/image/thumb/Purple211/v4/57/e9/58/57e95841-0710-b935-f9d0-8074373f4351/appicon-0-0-1x_U007emarketing-0-8-0-85-220.png/100x100bb.png,2026-06-30,jp,topfree,7019,文字
18,1593820436,ワードクイズ オンライン -みんなで遊べる脳トレゲーム-,HENN Inc.,https://apps.apple.com/jp/app/%E3%83%AF%E3%83%BC%E3%83%89%E3%82%AF%E3%82%A4%E3%82%BA-%E3%82%AA%E3%83%B3%E3%83%A9%E3%82%A4%E3%83%B3-%E3%81%BF%E3%82%93%E3%81%AA%E3%81%A7%E9%81%8A%E3%81%B9%E3%82%8B%E8%84%B3%E3%83%88%E3%83%AC%E3%82%B2%E3%83%BC%E3%83%A0/id1593820436?uo=2,https://is1-ssl.mzstatic.com/image/thumb/Purple211/v4/23/74/5f/23745f0e-5cb0-69ea-1473-5e1a557a4f8c/AppIcon-0-0-1x_U007emarketing-0-8-0-85-220.png/100x100bb.png,2026-06-30,jp,topfree,7019,文字
19,1608860892,MomoLingo: 英語やその他の言語の勉強,MNO GO APPS LTD,https://apps.apple.com/jp/app/momolingo-%E8%8B%B1%E8%AA%9E%E3%82%84%E3%81%9D%E3%81%AE%E4%BB%96%E3%81%AE%E8%A8%80%E8%AA%9E%E3%81%AE%E5%8B%89%E5%BC%B7/id1608860892?uo=2,https://is1-ssl.mzstatic.com/image/thumb/Purple221/v4/3b/8d/99/3b8d99c9-7b07-9646-e5a1-d944e829a467/AppIcon-0-0-1x_U007emarketing-0-8-0-85-220.png/100x100bb.png,2026-06-30,jp,topfree,7019,文字
20,1529068001,ウズ - マーダーミステリーアプリ,"Sally, inc.",https://apps.apple.com/jp/app/%E3%82%A6%E3%82%BA-%E3%83%9E%E3%83%BC%E3%83%80%E3%83%BC%E3%83%9F%E3%82%B9%E3%83%86%E3%83%AA%E3%83%BC%E3%82%A2%E3%83%97%E3%83%AA/id1529068001?uo=2,https://is1-ssl.mzstatic.com/image/thumb/Purple221/v4/08/a7/76/08a77649-0268-a1d9-59dd-5d82871b8925/AppIcon-prd-1x_U007emarketing-0-11-0-85-220-0.png/100x100bb.png,2026-06-30,jp,topfree,7019,文字
21,6760290000,Word Associations Now!,Arrowise Studio,https://apps.apple.com/jp/app/word-associations-now/id6760290000?uo=2,https://is1-ssl.mzstatic.com/image/thumb/Purple221/v4/e8/5e/72/e85e7233-ff5c-4083-01ab-aca91c8b4b6c/AppIcon-0-0-1x_U007epad-0-11-0-85-220.png/100x100bb.png,2026-06-30,jp,topfree,7019,文字
22,6467069354,私に何してほしいの？　あまあまトークゲーム,KAZUKI OURA,https://apps.apple.com/jp/app/%E7%A7%81%E3%81%AB%E4%BD%95%E3%81%97%E3%81%A6%E3%81%BB%E3%81%97%E3%81%84%E3%81%AE-%E3%81%82%E3%81%BE%E3%81%82%E3%81%BE%E3%83%88%E3%83%BC%E3%82%AF%E3%82%B2%E3%83%BC%E3%83%A0/id6467069354?uo=2,https://is1-ssl.mzstatic.com/image/thumb/Purple211/v4/7c/8a/e7/7c8ae723-687d-f5b5-0025-5dae35508e3d/AppIcon-0-0-1x_U007emarketing-0-8-0-85-220.png/100x100bb.png,2026-06-30,jp,topfree,7019,文字
23,1660171117,Zen Word® - Relax Puzzle Game,Oakever Games,https://apps.apple.com/jp/app/zen-word-relax-puzzle-game/id1660171117?uo=2,https://is1-ssl.mzstatic.com/image/thumb/Purple221/v4/ed/51/84/ed51840c-7bfd-d698-9743-10b3fa693da3/AppIcon-0-0-1x_U007emarketing-0-8-0-85-220.png/100x100bb.png,2026-06-30,jp,topfree,7019,文字
24,6532601126,That’s My Seat – 論理パズル,ROOFTOP GAMES OYUN TEKNOLOJILERI ANONIM SIRKETI,https://apps.apple.com/jp/app/thats-my-seat-%E8%AB%96%E7%90%86%E3%83%91%E3%82%BA%E3%83%AB/id6532601126?uo=2,https://is1-ssl.mzstatic.com/image/thumb/Purple211/v4/4f/88/fd/4f88fd1f-bcba-2ac7-7ef8-ebaf53eca4c5/AppIcon-0-0-1x_U007emarketing-0-8-0-85-220.png/100x100bb.png,2026-06-30,jp,topfree,7019,文字
25,6759077038,Profile Perfect,Lion Studios Plus,https://apps.apple.com/jp/app/profile-perfect/id6759077038?uo=2,https://is1-ssl.mzstatic.com/image/thumb/Purple221/v4/9d/7a/c9/9d7ac98c-2b27-aa66-3621-6bc76e1574fe/AppIcon-0-0-1x_U007emarketing-0-8-0-85-220.png/100x100bb.png,2026-06-30,jp,topfree,7019,文字
26,6754839783,Bubble Word Jam,Lion Studios Plus,https://apps.apple.com/jp/app/bubble-word-jam/id6754839783?uo=2,https://is1-ssl.mzstatic.com/image/thumb/Purple221/v4/cf/a2/de/cfa2de64-164c-e3cf-1e2f-f2182d085439/AppIcon-0-0-1x_U007emarketing-0-8-0-85-220.png/100x100bb.png,2026-06-30,jp,topfree,7019,文字
27,1501793862,単語消し—面白い単語パズルゲーム,"Togother Many Information Technology Co, Ltd.",https://apps.apple.com/jp/app/%E5%8D%98%E8%AA%9E%E6%B6%88%E3%81%97-%E9%9D%A2%E7%99%BD%E3%81%84%E5%8D%98%E8%AA%9E%E3%83%91%E3%82%BA%E3%83%AB%E3%82%B2%E3%83%BC%E3%83%A0/id1501793862?uo=2,https://is1-ssl.mzstatic.com/image/thumb/Purple221/v4/1b/42/02/1b4202db-337e-6c34-2502-19e09234cd21/AppIcon-1x_U007epad-0-1-85-220-0.png/100x100bb.png,2026-06-30,jp,topfree,7019,文字
28,1450750539,あのあれ,Takuya Soneda,https://apps.apple.com/jp/app/%E3%81%82%E3%81%AE%E3%81%82%E3%82%8C/id1450750539?uo=2,https://is1-ssl.mzstatic.com/image/thumb/Purple221/v4/09/34/7e/09347e93-3d01-461a-b663-9fef008da6fe/AppIcon-0-0-1x_U007emarketing-0-8-0-85-220.png/100x100bb.png,2026-06-30,jp,topfree,7019,文字
29,1602508478,ワードサーチ：ワードゲーム,PlaySimple Games Pte Ltd,https://apps.apple.com/jp/app/%E3%83%AF%E3%83%BC%E3%83%89%E3%82%B5%E3%83%BC%E3%83%81-%E3%83%AF%E3%83%BC%E3%83%89%E3%82%B2%E3%83%BC%E3%83%A0/id1602508478?uo=2,https://is1-ssl.mzstatic.com/image/thumb/Purple211/v4/44/99/ae/4499aec6-4b2b-6cfb-5ed0-1328808dcfa5/AppIcon-0-0-1x_U007emarketing-0-8-0-85-220.png/100x100bb.png,2026-06-30,jp,topfree,7019,文字
30,6761583812,タップガールズ 〜 東方 紅魔館編,"YANASE GAMES, INC.",https://apps.apple.com/jp/app/%E3%82%BF%E3%83%83%E3%83%97%E3%82%AC%E3%83%BC%E3%83%AB%E3%82%BA-%E6%9D%B1%E6%96%B9-%E7%B4%85%E9%AD%94%E9%A4%A8%E7%B7%A8/id6761583812?uo=2,https://is1-ssl.mzstatic.com/image/thumb/Purple221/v4/ef/a9/3d/efa93dbc-4fcc-11ef-e74e-8387e29910b2/AppIcon-0-0-1x_U007emarketing-0-8-0-85-220.png/100x100bb.png,2026-06-30,jp,topfree,7019,文字
31,805477882,英語学習ゲーム （英語物語）TOEIC文法や英検®単語に対応,"FreCre, Inc.",https://apps.apple.com/jp/app/%E8%8B%B1%E8%AA%9E%E5%AD%A6%E7%BF%92%E3%82%B2%E3%83%BC%E3%83%A0-%E8%8B%B1%E8%AA%9E%E7%89%A9%E8%AA%9E-toeic%E6%96%87%E6%B3%95%E3%82%84%E8%8B%B1%E6%A4%9C-%E5%8D%98%E8%AA%9E%E3%81%AB%E5%AF%BE%E5%BF%9C/id805477882?uo=2,https://is1-ssl.mzstatic.com/image/thumb/Purple211/v4/d3/df/68/d3df681c-6a20-57a4-b430-58f8c8faef50/AppIcon-0-0-1x_U007emarketing-0-8-0-85-220.png/100x100bb.png,2026-06-30,jp,topfree,7019,文字
32,1576158587,フリック対戦寿司,M kajimura,https://apps.apple.com/jp/app/%E3%83%95%E3%83%AA%E3%83%83%E3%82%AF%E5%AF%BE%E6%88%A6%E5%AF%BF%E5%8F%B8/id1576158587?uo=2,https://is1-ssl.mzstatic.com/image/thumb/Purple211/v4/af/8b/75/af8b75fe-c39a-6f22-f914-b61bafd8bd2f/AppIcon-0-0-1x_U007emarketing-0-8-0-85-220.png/100x100bb.png,2026-06-30,jp,topfree,7019,文字
33,6770862871,爆走！エバースのお掃除ロボットカー,"YOSHIMOTO KOGYO CO.,LTD.",https://apps.apple.com/jp/app/%E7%88%86%E8%B5%B0-%E3%82%A8%E3%83%90%E3%83%BC%E3%82%B9%E3%81%AE%E3%81%8A%E6%8E%83%E9%99%A4%E3%83%AD%E3%83%9C%E3%83%83%E3%83%88%E3%82%AB%E3%83%BC/id6770862871?uo=2,https://is1-ssl.mzstatic.com/image/thumb/Purple221/v4/bf/3a/ed/bf3aed0b-323c-25f3-1c4f-64b8b064e552/AppIcon-0-0-1x_U007emarketing-0-8-0-85-220.png/100x100bb.png,2026-06-30,jp,topfree,7019,文字
34,1050599544,癒しのクラゲ育成ゲーム,Hiroki Yamada,https://apps.apple.com/jp/app/%E7%99%92%E3%81%97%E3%81%AE%E3%82%AF%E3%83%A9%E3%82%B2%E8%82%B2%E6%88%90%E3%82%B2%E3%83%BC%E3%83%A0/id1050599544?uo=2,https://is1-ssl.mzstatic.com/image/thumb/Purple126/v4/47/8e/7a/478e7a87-a997-cdce-c826-e98d7d3c234c/AppIcon-0-0-1x_U007emarketing-0-0-0-7-0-0-sRGB-0-0-0-GLES2_U002c0-512MB-85-220-0-0.png/100x100bb.png,2026-06-30,jp,topfree,7019,文字
35,1426325847,常識力診断 一般常識クイズ,"YANASE GAMES, INC.",https://apps.apple.com/jp/app/%E5%B8%B8%E8%AD%98%E5%8A%9B%E8%A8%BA%E6%96%AD-%E4%B8%80%E8%88%AC%E5%B8%B8%E8%AD%98%E3%82%AF%E3%82%A4%E3%82%BA/id1426325847?uo=2,https://is1-ssl.mzstatic.com/image/thumb/Purple221/v4/58/65/24/5865249c-fa5c-59bf-97de-1405d65ac487/AppIcon-0-0-1x_U007emarketing-0-8-0-85-220.png/100x100bb.png,2026-06-30,jp,topfree,7019,文字
36,1583540988,クレイジーチャット,HENN Inc.,https://apps.apple.com/jp/app/%E3%82%AF%E3%83%AC%E3%82%A4%E3%82%B8%E3%83%BC%E3%83%81%E3%83%A3%E3%83%83%E3%83%88/id1583540988?uo=2,https://is1-ssl.mzstatic.com/image/thumb/Purple221/v4/fd/5b/13/fd5b13d4-b62c-3f1a-07fc-ad314fbcd12d/AppIcon-0-0-1x_U007emarketing-0-8-0-85-220.png/100x100bb.png,2026-06-30,jp,topfree,7019,文字
37,6753799160,Word Solitaire Now!,Arrowise Studio,https://apps.apple.com/jp/app/word-solitaire-now/id6753799160?uo=2,https://is1-ssl.mzstatic.com/image/thumb/Purple211/v4/61/ce/9d/61ce9de8-696c-459f-7d6c-f1441aafeba3/AppIcon-0-0-1x_U007epad-0-11-0-85-220.png/100x100bb.png,2026-06-30,jp,topfree,7019,文字
38,6740324685,にじげんカノジョ 美少女チャットゲーム,Yougi Mizuno,https://apps.apple.com/jp/app/%E3%81%AB%E3%81%98%E3%81%92%E3%82%93%E3%82%AB%E3%83%8E%E3%82%B8%E3%83%A7-%E7%BE%8E%E5%B0%91%E5%A5%B3%E3%83%81%E3%83%A3%E3%83%83%E3%83%88%E3%82%B2%E3%83%BC%E3%83%A0/id6740324685?uo=2,https://is1-ssl.mzstatic.com/image/thumb/Purple221/v4/90/28/08/9028085c-82ce-7e9d-32be-844a1582d61b/AppIcon-0-0-1x_U007emarketing-0-7-0-85-220.png/100x100bb.png,2026-06-30,jp,topfree,7019,文字
39,1442481744,東大王からの挑戦状-脳トレIQテスト-,MIKU KURAKI,https://apps.apple.com/jp/app/%E6%9D%B1%E5%A4%A7%E7%8E%8B%E3%81%8B%E3%82%89%E3%81%AE%E6%8C%91%E6%88%A6%E7%8A%B6-%E8%84%B3%E3%83%88%E3%83%ACiq%E3%83%86%E3%82%B9%E3%83%88/id1442481744?uo=2,https://is1-ssl.mzstatic.com/image/thumb/Purple126/v4/9a/2d/04/9a2d0472-cdd9-ce97-76cf-437bf2f41f8d/AppIcon-0-0-1x_U007emarketing-0-0-0-7-0-0-sRGB-0-0-0-GLES2_U002c0-512MB-85-220-0-0.png/100x100bb.png,2026-06-30,jp,topfree,7019,文字
40,1644099880,Cryptogram: 暗号文 単語 検索 パズル ゲーム,Joyteractive,https://apps.apple.com/jp/app/cryptogram-%E6%9A%97%E5%8F%B7%E6%96%87-%E5%8D%98%E8%AA%9E-%E6%A4%9C%E7%B4%A2-%E3%83%91%E3%82%BA%E3%83%AB-%E3%82%B2%E3%83%BC%E3%83%A0/id1644099880?uo=2,https://is1-ssl.mzstatic.com/image/thumb/Purple221/v4/c8/54/e8/c854e876-1d68-4ec6-122a-a55731f7a067/AppIcon-0-0-1x_U007emarketing-0-8-0-85-220.png/100x100bb.png,2026-06-30,jp,topfree,7019,文字
41,6749725788,タッチバトル 〜 東方 魂魄妖夢編,"YANASE GAMES, INC.",https://apps.apple.com/jp/app/%E3%82%BF%E3%83%83%E3%83%81%E3%83%90%E3%83%88%E3%83%AB-%E6%9D%B1%E6%96%B9-%E9%AD%82%E9%AD%84%E5%A6%96%E5%A4%A2%E7%B7%A8/id6749725788?uo=2,https://is1-ssl.mzstatic.com/image/thumb/Purple211/v4/59/4e/25/594e2571-9195-69c2-8913-6fe8c3aeac1f/AppIcon-0-0-1x_U007emarketing-0-8-0-85-220.png/100x100bb.png,2026-06-30,jp,topfree,7019,文字
42,807458120,おしえてポン！2,Buckmoon Inc.,https://apps.apple.com/jp/app/%E3%81%8A%E3%81%97%E3%81%88%E3%81%A6%E3%83%9D%E3%83%B3-2/id807458120?uo=2,https://is1-ssl.mzstatic.com/image/thumb/Purple221/v4/40/0b/09/400b098b-94f5-8648-b43b-7a4cde563af4/AppIcon-0-0-1x_U007epad-0-1-85-220.png/100x100bb.png,2026-06-30,jp,topfree,7019,文字
43,1312662205,ワードシティ: 単語をつなげるゲーム,UNICO GAMES BILISIM LIMITED SIRKETI,https://apps.apple.com/jp/app/%E3%83%AF%E3%83%BC%E3%83%89%E3%82%B7%E3%83%86%E3%82%A3-%E5%8D%98%E8%AA%9E%E3%82%92%E3%81%A4%E3%81%AA%E3%81%92%E3%82%8B%E3%82%B2%E3%83%BC%E3%83%A0/id1312662205?uo=2,https://is1-ssl.mzstatic.com/image/thumb/Purple221/v4/96/2b/20/962b20de-24b6-f07d-c54d-2b0c482a9ebf/AppIcon-0-0-1x_U007emarketing-0-8-0-85-220.png/100x100bb.png,2026-06-30,jp,topfree,7019,文字
44,6759248444,タップガールズ 〜 ザ・エンド,Megumi Yanase,https://apps.apple.com/jp/app/%E3%82%BF%E3%83%83%E3%83%97%E3%82%AC%E3%83%BC%E3%83%AB%E3%82%BA-%E3%82%B6-%E3%82%A8%E3%83%B3%E3%83%89/id6759248444?uo=2,https://is1-ssl.mzstatic.com/image/thumb/Purple221/v4/54/8c/3d/548c3da7-f424-f27f-7713-eed029a51ec4/AppIcon-0-0-1x_U007emarketing-0-8-0-85-220.png/100x100bb.png,2026-06-30,jp,topfree,7019,文字
45,6755810627,タップガールズ 〜 東方 古明地一家編,Sato Soshi,https://apps.apple.com/jp/app/%E3%82%BF%E3%83%83%E3%83%97%E3%82%AC%E3%83%BC%E3%83%AB%E3%82%BA-%E6%9D%B1%E6%96%B9-%E5%8F%A4%E6%98%8E%E5%9C%B0%E4%B8%80%E5%AE%B6%E7%B7%A8/id6755810627?uo=2,https://is1-ssl.mzstatic.com/image/thumb/Purple211/v4/c1/91/ea/c191ea5d-7724-ce6a-e060-7b07efc0d314/AppIcon-0-0-1x_U007emarketing-0-8-0-85-220.png/100x100bb.png,2026-06-30,jp,topfree,7019,文字
46,1519983298,水平思考 ウミガメのスープ,"YANASE GAMES, INC.",https://apps.apple.com/jp/app/%E6%B0%B4%E5%B9%B3%E6%80%9D%E8%80%83-%E3%82%A6%E3%83%9F%E3%82%AC%E3%83%A1%E3%81%AE%E3%82%B9%E3%83%BC%E3%83%97/id1519983298?uo=2,https://is1-ssl.mzstatic.com/image/thumb/Purple221/v4/07/4d/2f/074d2f1d-3920-1a7f-137c-ac86a29146ed/AppIcon-0-0-1x_U007emarketing-0-8-0-85-220.png/100x100bb.png,2026-06-30,jp,topfree,7019,文字
47,6741839590,PlaySimple Cryptogram,PlaySimple Games Pte Ltd,https://apps.apple.com/jp/app/playsimple-cryptogram/id6741839590?uo=2,https://is1-ssl.mzstatic.com/image/thumb/Purple211/v4/e7/39/66/e7396625-e8a5-02ea-8cdb-fc6e6dd723fa/AppIcon-0-0-1x_U007emarketing-0-8-0-85-220.png/100x100bb.png,2026-06-30,jp,topfree,7019,文字
48,1369521645,Words of Wonders: 世界パズル＆クロスワード,FUGO BILISIM TEKNOLOJILERI VE YAZILIM TICARET ANONIM SIRKETI,https://apps.apple.com/jp/app/words-of-wonders-%E4%B8%96%E7%95%8C%E3%83%91%E3%82%BA%E3%83%AB-%E3%82%AF%E3%83%AD%E3%82%B9%E3%83%AF%E3%83%BC%E3%83%89/id1369521645?uo=2,https://is1-ssl.mzstatic.com/image/thumb/Purple221/v4/c6/2d/aa/c62daa46-5af1-a339-9580-f239755bf983/AppIcon-0-0-1x_U007emarketing-0-8-0-85-220.png/100x100bb.png,2026-06-30,jp,topfree,7019,文字
49,1546228874,IQテスト 毎日 脳トレ LEVO,Pawel Kieczko,https://apps.apple.com/jp/app/iq%E3%83%86%E3%82%B9%E3%83%88-%E6%AF%8E%E6%97%A5-%E8%84%B3%E3%83%88%E3%83%AC-levo/id1546228874?uo=2,https://is1-ssl.mzstatic.com/image/thumb/Purple211/v4/bc/de/ac/bcdeac7f-fcec-7b14-feb2-e5b6246f8bc1/AppIconDarkGreenGlow-0-0-1x_U007ephone-0-0-0-1-0-0-85-220.png/100x100bb.png,2026-06-30,jp,topfree,7019,文字
50,6692629257,言葉つなぎ - つなげる言葉パズル,Hitapps Games LTD,https://apps.apple.com/jp/app/%E8%A8%80%E8%91%89%E3%81%A4%E3%81%AA%E3%81%8E-%E3%81%A4%E3%81%AA%E3%81%92%E3%82%8B%E8%A8%80%E8%91%89%E3%83%91%E3%82%BA%E3%83%AB/id6692629257?uo=2,https://is1-ssl.mzstatic.com/image/thumb/Purple211/v4/28/d5/f4/28d5f425-8daa-3408-1792-c75b050774cb/AppIcon-0-0-1x_U007emarketing-0-8-0-85-220.png/100x100bb.png,2026-06-30,jp,topfree,7019,文字
1,1468034815,ヒューマン フォール フラット,"505 Games (US), Inc.",https://apps.apple.com/jp/app/%E3%83%92%E3%83%A5%E3%83%BC%E3%83%9E%E3%83%B3-%E3%83%95%E3%82%A9%E3%83%BC%E3%83%AB-%E3%83%95%E3%83%A9%E3%83%83%E3%83%88/id1468034815?uo=2,https://is1-ssl.mzstatic.com/image/thumb/Purple221/v4/fb/23/0d/fb230d11-48cd-fbef-8955-7b996434d43f/AppIcon-1x_U007emarketing-0-8-0-85-220-0.png/100x100bb.png,2026-06-30,jp,toppaid,7012,解谜
2,6757693216,ネコピペ,Erabit Studios,https://apps.apple.com/jp/app/%E3%83%8D%E3%82%B3%E3%83%94%E3%83%9A/id6757693216?uo=2,https://is1-ssl.mzstatic.com/image/thumb/Purple221/v4/81/8f/c5/818fc514-6b59-f47d-5cdc-5ec27a864c98/AppIcon-0-0-1x_U007emarketing-0-8-0-85-220.png/100x100bb.png,2026-06-30,jp,toppaid,7012,解谜
3,1350400235,レイトン教授と不思議な町 EXHD for スマートフォン,Level-5 Inc.,https://apps.apple.com/jp/app/%E3%83%AC%E3%82%A4%E3%83%88%E3%83%B3%E6%95%99%E6%8E%88%E3%81%A8%E4%B8%8D%E6%80%9D%E8%AD%B0%E3%81%AA%E7%94%BA-exhd-for-%E3%82%B9%E3%83%9E%E3%83%BC%E3%83%88%E3%83%95%E3%82%A9%E3%83%B3/id1350400235?uo=2,https://is1-ssl.mzstatic.com/image/thumb/Purple112/v4/dc/02/0c/dc020c84-7572-dac1-168e-498b1c35d00f/AppIcon-1x_U007emarketing-0-7-85-220.png/100x100bb.png,2026-06-30,jp,toppaid,7012,解谜
4,1094038347,君しかいない,Danil Malinov,https://apps.apple.com/jp/app/%E5%90%9B%E3%81%97%E3%81%8B%E3%81%84%E3%81%AA%E3%81%84/id1094038347?uo=2,https://is1-ssl.mzstatic.com/image/thumb/Purple221/v4/57/85/a4/5785a4f8-b07c-769d-b0b7-4a86a403b593/AppIcon-0-0-1x_U007emarketing-0-8-0-85-220.png/100x100bb.png,2026-06-30,jp,toppaid,7012,解谜
5,1596736236,Rovio Classics: Angry Birds,Rovio Entertainment Oyj,https://apps.apple.com/jp/app/rovio-classics-angry-birds/id1596736236?uo=2,https://is1-ssl.mzstatic.com/image/thumb/Purple126/v4/16/b2/ca/16b2ca07-9218-4469-5e09-29addd3eff9e/AppIcon-1x_U007emarketing-0-7-0-85-220.png/100x100bb.png,2026-06-30,jp,toppaid,7012,解谜
6,1517281887,Baba Is You,Hempuli,https://apps.apple.com/jp/app/baba-is-you/id1517281887?uo=2,https://is1-ssl.mzstatic.com/image/thumb/Purple211/v4/ee/d8/e3/eed8e37d-2d8d-ac79-9281-2591265bda49/AppIcon-1x_U007emarketing-0-0-GLES2_U002c0-512MB-sRGB-0-0-0-85-220-0-0-0-8.png/100x100bb.png,2026-06-30,jp,toppaid,7012,解谜
7,1437249610,レイトン教授と悪魔の箱 EXHD for スマートフォン,Level-5 Inc.,https://apps.apple.com/jp/app/%E3%83%AC%E3%82%A4%E3%83%88%E3%83%B3%E6%95%99%E6%8E%88%E3%81%A8%E6%82%AA%E9%AD%94%E3%81%AE%E7%AE%B1-exhd-for-%E3%82%B9%E3%83%9E%E3%83%BC%E3%83%88%E3%83%95%E3%82%A9%E3%83%B3/id1437249610?uo=2,https://is1-ssl.mzstatic.com/image/thumb/Purple122/v4/cf/8b/59/cf8b597d-19e9-1f92-64c9-817f1e7a6178/AppIcon-1x_U007emarketing-0-7-85-220.png/100x100bb.png,2026-06-30,jp,toppaid,7012,解谜
8,1642601792,The Past Within,Rusty Lake,https://apps.apple.com/jp/app/the-past-within/id1642601792?uo=2,https://is1-ssl.mzstatic.com/image/thumb/Purple211/v4/bb/2c/df/bb2cdff2-5289-a7b8-da79-4b7323917d16/AppIcon-0-0-1x_U007emarketing-0-7-0-85-220.png/100x100bb.png,2026-06-30,jp,toppaid,7012,解谜
9,6738784151,A Little to the Left: Stars,Secret Mode,https://apps.apple.com/jp/app/a-little-to-the-left-stars/id6738784151?uo=2,https://is1-ssl.mzstatic.com/image/thumb/Purple221/v4/58/a8/54/58a85469-2c22-bb02-7a2e-eb316d8c2ef4/AppIcon-0-0-1x_U007emarketing-0-8-0-85-220.png/100x100bb.png,2026-06-30,jp,toppaid,7012,解谜
10,6742257994,KaruQ,Ryuji Kuwaki,https://apps.apple.com/jp/app/karuq/id6742257994?uo=2,https://is1-ssl.mzstatic.com/image/thumb/Purple211/v4/14/56/0d/14560dea-89c0-b8e6-d19a-6f7d9448a8a0/AppIcon-0-0-1x_U007emarketing-0-8-0-85-220.png/100x100bb.png,2026-06-30,jp,toppaid,7012,解谜
11,6738784092,A Little to the Left: Drawers,Secret Mode,https://apps.apple.com/jp/app/a-little-to-the-left-drawers/id6738784092?uo=2,https://is1-ssl.mzstatic.com/image/thumb/Purple221/v4/ca/15/1f/ca151fa8-6f3c-0191-7f7d-88be9097fc21/AppIcon-0-0-1x_U007emarketing-0-8-0-85-220.png/100x100bb.png,2026-06-30,jp,toppaid,7012,解谜
12,6755936638,Blockappend,Daniel Helbig,https://apps.apple.com/jp/app/blockappend/id6755936638?uo=2,https://is1-ssl.mzstatic.com/image/thumb/Purple221/v4/42/02/10/42021023-6e65-6a68-bb5d-8c58c079c248/AppIcon-0-0-1x_U007emarketing-0-8-0-85-220.png/100x100bb.png,2026-06-30,jp,toppaid,7012,解谜
13,1357651989,Tick Tock: A Tale for Two,Other Tales Interactive ApS,https://apps.apple.com/jp/app/tick-tock-a-tale-for-two/id1357651989?uo=2,https://is1-ssl.mzstatic.com/image/thumb/Purple221/v4/e0/1f/e8/e01fe8a8-e807-214c-15a2-5137922d93d2/AppIcon-0-0-1x_U007emarketing-0-8-0-85-220.png/100x100bb.png,2026-06-30,jp,toppaid,7012,解谜
14,1445772666,Keep Talking & Nobody Explodes,Steel Crate Games,https://apps.apple.com/jp/app/keep-talking-nobody-explodes/id1445772666?uo=2,https://is1-ssl.mzstatic.com/image/thumb/Purple124/v4/bf/92/0b/bf920b63-9103-5bfd-3b0a-b740eb889563/AppIcon-0-0-1x_U007emarketing-0-0-0-9-0-0-sRGB-0-0-0-GLES2_U002c0-512MB-85-220-0-0.png/100x100bb.png,2026-06-30,jp,toppaid,7012,解谜
15,1610947489,Poppy Playtime Chapter 1,"Mob Entertainment, Inc",https://apps.apple.com/jp/app/poppy-playtime-chapter-1/id1610947489?uo=2,https://is1-ssl.mzstatic.com/image/thumb/Purple112/v4/40/e1/ab/40e1abb0-cfcb-1efb-2eac-f8b274028e8c/AppIcon-0-0-1x_U007emarketing-0-0-0-7-0-0-sRGB-0-0-0-GLES2_U002c0-512MB-85-220-0-0.png/100x100bb.png,2026-06-30,jp,toppaid,7012,解谜
16,1512730000,レイトン教授と最後の時間旅行 EXHD forスマートフォン,Level-5 Inc.,https://apps.apple.com/jp/app/%E3%83%AC%E3%82%A4%E3%83%88%E3%83%B3%E6%95%99%E6%8E%88%E3%81%A8%E6%9C%80%E5%BE%8C%E3%81%AE%E6%99%82%E9%96%93%E6%97%85%E8%A1%8C-exhd-for%E3%82%B9%E3%83%9E%E3%83%BC%E3%83%88%E3%83%95%E3%82%A9%E3%83%B3/id1512730000?uo=2,https://is1-ssl.mzstatic.com/image/thumb/Purple112/v4/47/96/77/479677ed-a57e-1080-c53c-24958eb8c362/AppIcon-1x_U007emarketing-0-7-85-220.png/100x100bb.png,2026-06-30,jp,toppaid,7012,解谜
17,433596395,ズーキーパー DX,KITERETSU INC.,https://apps.apple.com/jp/app/%E3%82%BA%E3%83%BC%E3%82%AD%E3%83%BC%E3%83%91%E3%83%BC-dx/id433596395?uo=2,https://is1-ssl.mzstatic.com/image/thumb/Purple221/v4/f1/ae/65/f1ae655c-b776-9dd1-a508-9c9966f76b0e/AppIcon-0-0-1x_U007emarketing-0-8-0-85-220.png/100x100bb.png,2026-06-30,jp,toppaid,7012,解谜
18,1320681231,Bring You Home,Alike Studio,https://apps.apple.com/jp/app/bring-you-home/id1320681231?uo=2,https://is1-ssl.mzstatic.com/image/thumb/Purple118/v4/2e/bb/4e/2ebb4eb2-5b8a-2e06-d47e-f919fc0352d4/AppIcon-1x_U007emarketing-0-0-GLES2_U002c0-512MB-P3-0-0-0-85-220-0-0-0-3.png/100x100bb.png,2026-06-30,jp,toppaid,7012,解谜
19,1665706687,Underground Blossom,Rusty Lake,https://apps.apple.com/jp/app/underground-blossom/id1665706687?uo=2,https://is1-ssl.mzstatic.com/image/thumb/Purple221/v4/ca/1b/44/ca1b4427-1586-df07-a871-4fda139d5470/AppIcon-0-0-1x_U007emarketing-0-0-0-7-0-0-sRGB-0-0-0-GLES2_U002c0-512MB-85-220-0-0.png/100x100bb.png,2026-06-30,jp,toppaid,7012,解谜
20,1602772289,7 Days to End with You,Lizardry.inc,https://apps.apple.com/jp/app/7-days-to-end-with-you/id1602772289?uo=2,https://is1-ssl.mzstatic.com/image/thumb/Purple126/v4/a5/a1/0b/a5a10b7f-a8ab-74e4-b2d1-f135f7bf75fb/AppIcon-1x_U007emarketing-0-7-0-85-220.png/100x100bb.png,2026-06-30,jp,toppaid,7012,解谜
21,1070462618,Hero Emblems II,HeatPot Games Ltd.,https://apps.apple.com/jp/app/hero-emblems-ii/id1070462618?uo=2,https://is1-ssl.mzstatic.com/image/thumb/Purple211/v4/40/a2/15/40a215c5-2fc5-4b23-2558-3efd6200348a/AppIcon-1-0-0-1x_U007emarketing-0-7-0-0-85-220.png/100x100bb.png,2026-06-30,jp,toppaid,7012,解谜
22,1349292121,supertype,Philipp Stollenmayer,https://apps.apple.com/jp/app/supertype/id1349292121?uo=2,https://is1-ssl.mzstatic.com/image/thumb/Purple221/v4/49/98/0e/49980e24-3627-b7bd-8615-60e7786a641b/AppIcon-1x_U007emarketing-0-7-85-220-0.png/100x100bb.png,2026-06-30,jp,toppaid,7012,解谜
23,728293409,Monument Valley,ustwo games,https://apps.apple.com/jp/app/monument-valley/id728293409?uo=2,https://is1-ssl.mzstatic.com/image/thumb/Purple211/v4/21/8e/d8/218ed8a3-c616-9ec7-419e-368073b9deb7/AppIcon-0-0-1x_U007emarketing-0-8-0-85-220.png/100x100bb.png,2026-06-30,jp,toppaid,7012,解谜
24,6764115591,Grabby Crab,Tepes Ovidiu,https://apps.apple.com/jp/app/grabby-crab/id6764115591?uo=2,https://is1-ssl.mzstatic.com/image/thumb/Purple211/v4/d7/53/07/d753070c-f888-9d63-9610-e03d1c468ceb/AppIcon-0-0-1x_U007emarketing-0-8-0-0-85-220.png/100x100bb.png,2026-06-30,jp,toppaid,7012,解谜
25,6744579956,Illusion Bowling,Daniel Koenig-Meier,https://apps.apple.com/jp/app/illusion-bowling/id6744579956?uo=2,https://is1-ssl.mzstatic.com/image/thumb/Purple211/v4/eb/2f/36/eb2f3671-bf77-f053-1fa6-cf977764a0ae/AppIcon-0-0-1x_U007epad-0-1-85-220.png/100x100bb.png,2026-06-30,jp,toppaid,7012,解谜
26,645797558,Hero Emblems,HeatPot Games Ltd.,https://apps.apple.com/jp/app/hero-emblems/id645797558?uo=2,https://is1-ssl.mzstatic.com/image/thumb/Purple118/v4/87/3d/02/873d025c-ebbc-4e9d-57dd-7532605c7c68/AppIcon-1x_U007emarketing-85-220-7.png/100x100bb.png,2026-06-30,jp,toppaid,7012,解谜
27,1269225754,Gorogoa,Annapurna Interactive,https://apps.apple.com/jp/app/gorogoa/id1269225754?uo=2,https://is1-ssl.mzstatic.com/image/thumb/Purple128/v4/b4/01/d7/b401d7d4-7fd1-5494-c1f5-5e42bb8da080/AppIcon-0-1x_U007emarketing-0-85-220-0-7.png/100x100bb.png,2026-06-30,jp,toppaid,7012,解谜
28,6739018576,ラブライブ！スーパースター!! メモリーコレクト,Bushiroad Inc.,https://apps.apple.com/jp/app/%E3%83%A9%E3%83%96%E3%83%A9%E3%82%A4%E3%83%96-%E3%82%B9%E3%83%BC%E3%83%91%E3%83%BC%E3%82%B9%E3%82%BF%E3%83%BC-%E3%83%A1%E3%83%A2%E3%83%AA%E3%83%BC%E3%82%B3%E3%83%AC%E3%82%AF%E3%83%88/id6739018576?uo=2,https://is1-ssl.mzstatic.com/image/thumb/Purple211/v4/b3/f0/2f/b3f02fe2-685a-7b99-7d6e-855aa2d6302a/AppIcon-0-0-1x_U007emarketing-0-8-0-85-220.png/100x100bb.png,2026-06-30,jp,toppaid,7012,解谜
29,6746137187,Poppy Playtime Chapter 4,"Mob Entertainment, Inc",https://apps.apple.com/jp/app/poppy-playtime-chapter-4/id6746137187?uo=2,https://is1-ssl.mzstatic.com/image/thumb/Purple211/v4/15/96/da/1596da58-cb6b-d99b-cea4-91dceadc79fd/AppIcon-1x_U007emarketing-0-8-0-85-220-0.png/100x100bb.png,2026-06-30,jp,toppaid,7012,解谜
30,6504009384,Primee!,SOFT DEVICE INC.,https://apps.apple.com/jp/app/primee/id6504009384?uo=2,https://is1-ssl.mzstatic.com/image/thumb/Purple221/v4/2e/c8/03/2ec80353-6160-011b-87de-2e6e2d54f6f4/AppIcon-1x_U007emarketing-0-8-0-85-220-0.png/100x100bb.png,2026-06-30,jp,toppaid,7012,解谜
31,1524371466,Poly Bridge 2,Dry Cactus,https://apps.apple.com/jp/app/poly-bridge-2/id1524371466?uo=2,https://is1-ssl.mzstatic.com/image/thumb/Purple116/v4/cc/b7/ce/ccb7ce03-7f0d-9bc8-0d34-5b84d0272c7f/AppIcon-0-0-1x_U007emarketing-0-0-0-7-0-0-sRGB-0-0-0-GLES2_U002c0-512MB-85-220-0-0.png/100x100bb.png,2026-06-30,jp,toppaid,7012,解谜
32,6757761741,マナがもうない,Tepes Ovidiu,https://apps.apple.com/jp/app/%E3%83%9E%E3%83%8A%E3%81%8C%E3%82%82%E3%81%86%E3%81%AA%E3%81%84/id6757761741?uo=2,https://is1-ssl.mzstatic.com/image/thumb/Purple211/v4/4e/5c/e6/4e5ce634-9f6e-8d0c-3418-b9af2bb34305/AppIcon-0-0-1x_U007emarketing-0-8-0-0-85-220.png/100x100bb.png,2026-06-30,jp,toppaid,7012,解谜
33,6760619719,マージパズル：リーナの錬金工房（有料版）,Ryogo Oka,https://apps.apple.com/jp/app/%E3%83%9E%E3%83%BC%E3%82%B8%E3%83%91%E3%82%BA%E3%83%AB-%E3%83%AA%E3%83%BC%E3%83%8A%E3%81%AE%E9%8C%AC%E9%87%91%E5%B7%A5%E6%88%BF-%E6%9C%89%E6%96%99%E7%89%88/id6760619719?uo=2,https://is1-ssl.mzstatic.com/image/thumb/Purple211/v4/f9/1b/dd/f91bddce-6ea8-d3aa-9406-249e6eea3886/AppIcon-1x_U007emarketing-0-8-0-85-220-0.png/100x100bb.png,2026-06-30,jp,toppaid,7012,解谜
34,555947949,レイトンブラザーズ・ミステリールーム　コンプリートパック,Level-5 Inc.,https://apps.apple.com/jp/app/%E3%83%AC%E3%82%A4%E3%83%88%E3%83%B3%E3%83%96%E3%83%A9%E3%82%B6%E3%83%BC%E3%82%BA-%E3%83%9F%E3%82%B9%E3%83%86%E3%83%AA%E3%83%BC%E3%83%AB%E3%83%BC%E3%83%A0-%E3%82%B3%E3%83%B3%E3%83%97%E3%83%AA%E3%83%BC%E3%83%88%E3%83%91%E3%83%83%E3%82%AF/id555947949?uo=2,https://is1-ssl.mzstatic.com/image/thumb/Purple127/v4/75/52/26/75522640-7e31-7da9-e7b4-13986bfb5b75/mzl.ikffpmqt.jpg/100x100bb.png,2026-06-30,jp,toppaid,7012,解谜
35,656951157,Playdead's LIMBO,Playdead,https://apps.apple.com/jp/app/playdeads-limbo/id656951157?uo=2,https://is1-ssl.mzstatic.com/image/thumb/Purple221/v4/27/93/37/27933752-b38e-368a-c72f-ecab44dc2ccd/AppIcon-0-0-1x_U007emarketing-0-10-0-85-220.png/100x100bb.png,2026-06-30,jp,toppaid,7012,解谜
36,315021242,Unblock Me Premium,"Kiragames Co., Ltd.",https://apps.apple.com/jp/app/unblock-me-premium/id315021242?uo=2,https://is1-ssl.mzstatic.com/image/thumb/Purple221/v4/62/67/0b/62670ba4-f780-fd74-c5ac-93f993d81407/AppIcon-0-0-1x_U007emarketing-0-11-0-85-220.png/100x100bb.png,2026-06-30,jp,toppaid,7012,解谜
37,1031545098,ウボンゴ – ダス・ワイルド・レゲスピエル,USM,https://apps.apple.com/jp/app/%E3%82%A6%E3%83%9C%E3%83%B3%E3%82%B4-%E3%83%80%E3%82%B9-%E3%83%AF%E3%82%A4%E3%83%AB%E3%83%89-%E3%83%AC%E3%82%B2%E3%82%B9%E3%83%94%E3%82%A8%E3%83%AB/id1031545098?uo=2,https://is1-ssl.mzstatic.com/image/thumb/Purple114/v4/17/b1/77/17b17783-b4c8-e47f-c559-63201700199b/AppIcon-0-0-1x_U007emarketing-0-0-0-7-0-85-220.png/100x100bb.png,2026-06-30,jp,toppaid,7012,解谜
38,284943962,Moonlight Mahjong,Midnight Martian,https://apps.apple.com/jp/app/moonlight-mahjong/id284943962?uo=2,https://is1-ssl.mzstatic.com/image/thumb/Purple211/v4/a5/f2/7c/a5f27cee-3f20-3c11-c2d9-c022d4661814/AppIcon-0-0-1x_U007emarketing-0-4-85-220.png/100x100bb.png,2026-06-30,jp,toppaid,7012,解谜
39,1605443856,戦闘機リアルテクニック【AA判定トレーニング】,Takaaki Urano,https://apps.apple.com/jp/app/%E6%88%A6%E9%97%98%E6%A9%9F%E3%83%AA%E3%82%A2%E3%83%AB%E3%83%86%E3%82%AF%E3%83%8B%E3%83%83%E3%82%AF-aa%E5%88%A4%E5%AE%9A%E3%83%88%E3%83%AC%E3%83%BC%E3%83%8B%E3%83%B3%E3%82%B0/id1605443856?uo=2,https://is1-ssl.mzstatic.com/image/thumb/Purple116/v4/e5/54/e5/e554e567-4670-2288-3af5-f3a035a5c930/AppIcon-0-0-1x_U007emarketing-0-0-0-7-0-0-sRGB-0-0-0-GLES2_U002c0-512MB-85-220-0-0.png/100x100bb.png,2026-06-30,jp,toppaid,7012,解谜
40,6744170498,Shotgun King,Plug In Digital,https://apps.apple.com/jp/app/shotgun-king/id6744170498?uo=2,https://is1-ssl.mzstatic.com/image/thumb/Purple221/v4/7d/33/3c/7d333c06-bef9-918d-fe6e-aac08f874091/AppIcon-0-0-1x_U007epad-0-1-GLES2_U002c0-85-220.jpeg/100x100bb.png,2026-06-30,jp,toppaid,7012,解谜
41,6503954810,Poppy Playtime Chapter 3,"Mob Entertainment, Inc",https://apps.apple.com/jp/app/poppy-playtime-chapter-3/id6503954810?uo=2,https://is1-ssl.mzstatic.com/image/thumb/Purple211/v4/25/36/d6/2536d64d-a4e1-ffdc-5dc7-258b1fbfff84/AppIcon-1x_U007emarketing-0-8-0-85-220-0.png/100x100bb.png,2026-06-30,jp,toppaid,7012,解谜
42,6749684876,アルキオネ：化学パズル,Boil Studio Inc.,https://apps.apple.com/jp/app/%E3%82%A2%E3%83%AB%E3%82%AD%E3%82%AA%E3%83%8D-%E5%8C%96%E5%AD%A6%E3%83%91%E3%82%BA%E3%83%AB/id6749684876?uo=2,https://is1-ssl.mzstatic.com/image/thumb/Purple211/v4/00/41/ac/0041ac0e-42e0-bf28-3ff4-1520ccfd6127/AppIcon-0-0-1x_U007emarketing-0-8-0-85-220.png/100x100bb.png,2026-06-30,jp,toppaid,7012,解谜
43,449735650,スワンピーのお風呂パニック！,Disney,https://apps.apple.com/jp/app/%E3%82%B9%E3%83%AF%E3%83%B3%E3%83%94%E3%83%BC%E3%81%AE%E3%81%8A%E9%A2%A8%E5%91%82%E3%83%91%E3%83%8B%E3%83%83%E3%82%AF/id449735650?uo=2,https://is1-ssl.mzstatic.com/image/thumb/Purple126/v4/3b/61/31/3b61311b-af40-6af9-83c6-c8eb7ca4ad93/AppIcon-0-0-1x_U007emarketing-0-0-0-9-0-0-sRGB-0-0-0-GLES2_U002c0-512MB-85-220-0-0.png/100x100bb.png,2026-06-30,jp,toppaid,7012,解谜
44,1187265767,Monument Valley 2,ustwo games,https://apps.apple.com/jp/app/monument-valley-2/id1187265767?uo=2,https://is1-ssl.mzstatic.com/image/thumb/Purple221/v4/97/f1/15/97f11538-719a-d660-41d2-d1cde2c59258/AppIcon-0-0-1x_U007emarketing-0-8-0-85-220.png/100x100bb.png,2026-06-30,jp,toppaid,7012,解谜
45,1238247658,Cluedo：Hasbro ミステリーゲーム,Marmalade Game Studio,https://apps.apple.com/jp/app/cluedo-hasbro-%E3%83%9F%E3%82%B9%E3%83%86%E3%83%AA%E3%83%BC%E3%82%B2%E3%83%BC%E3%83%A0/id1238247658?uo=2,https://is1-ssl.mzstatic.com/image/thumb/Purple211/v4/fb/4e/f8/fb4ef821-28f8-69a5-8579-7ec6d212bec2/AppIcon-0-0-1x_U007emarketing-0-8-0-85-220.png/100x100bb.png,2026-06-30,jp,toppaid,7012,解谜
46,6747814605,Is This Seat Taken?,Poti Poti Studio,https://apps.apple.com/jp/app/is-this-seat-taken/id6747814605?uo=2,https://is1-ssl.mzstatic.com/image/thumb/Purple211/v4/16/24/d5/1624d5e2-611f-9cee-cb5e-e596962c809f/AppIcon-0-0-1x_U007emarketing-0-8-0-85-220.png/100x100bb.png,2026-06-30,jp,toppaid,7012,解谜
47,1435140819,ベリーリトルナイトメア,BANDAI NAMCO Entertainment Europe,https://apps.apple.com/jp/app/%E3%83%99%E3%83%AA%E3%83%BC%E3%83%AA%E3%83%88%E3%83%AB%E3%83%8A%E3%82%A4%E3%83%88%E3%83%A1%E3%82%A2/id1435140819?uo=2,https://is1-ssl.mzstatic.com/image/thumb/Purple124/v4/d3/14/27/d31427c5-5fa2-b234-43dc-f47ffc9ada8a/AppIcon-0-0-1x_U007emarketing-0-0-0-7-0-0-sRGB-0-0-0-GLES2_U002c0-512MB-85-220-0-0.png/100x100bb.png,2026-06-30,jp,toppaid,7012,解谜
48,1479162134,Song of Bloom,Philipp Stollenmayer,https://apps.apple.com/jp/app/song-of-bloom/id1479162134?uo=2,https://is1-ssl.mzstatic.com/image/thumb/Purple116/v4/f2/9c/dd/f29cddc2-1528-62d6-a867-c916347aa9f6/AppIcon-1x_U007emarketing-0-7-85-220-0.png/100x100bb.png,2026-06-30,jp,toppaid,7012,解谜
49,1567355347,HUE²,Artem Trembach,https://apps.apple.com/jp/app/hue/id1567355347?uo=2,https://is1-ssl.mzstatic.com/image/thumb/Purple116/v4/aa/92/0f/aa920f58-e104-97fc-b130-ee4d35b8e7a6/AppIcon-1x_U007emarketing-0-7-0-85-220.png/100x100bb.png,2026-06-30,jp,toppaid,7012,解谜
50,6761413198,That's not my Neighbor.,Jurre Vos,https://apps.apple.com/jp/app/thats-not-my-neighbor/id6761413198?uo=2,https://is1-ssl.mzstatic.com/image/thumb/Purple221/v4/38/b8/9e/38b89edf-0453-ed1f-46ce-0666c040b23f/AppIcon-1x_U007emarketing-0-8-0-85-220-0.png/100x100bb.png,2026-06-30,jp,toppaid,7012,解谜
1,6759634099,L 少女 歌劇 レヴュースタァライト -The SLOT-,DORASU CORPORATION,https://apps.apple.com/jp/app/l-%E5%B0%91%E5%A5%B3-%E6%AD%8C%E5%8A%87-%E3%83%AC%E3%83%B4%E3%83%A5%E3%83%BC%E3%82%B9%E3%82%BF%E3%82%A1%E3%83%A9%E3%82%A4%E3%83%88-the-slot/id6759634099?uo=2,https://is1-ssl.mzstatic.com/image/thumb/Purple221/v4/78/3f/93/783f93cf-5fe1-edd0-5d58-645ea6f4d2fb/AppIcon-1x_U007emarketing-0-9-0-85-220-0.png/100x100bb.png,2026-06-30,jp,toppaid,6014,游戏
2,479516143,Minecraft: クラフト、建築、サバイバル,Mojang,https://apps.apple.com/jp/app/minecraft-%E3%82%AF%E3%83%A9%E3%83%95%E3%83%88-%E5%BB%BA%E7%AF%89-%E3%82%B5%E3%83%90%E3%82%A4%E3%83%90%E3%83%AB/id479516143?uo=2,https://is1-ssl.mzstatic.com/image/thumb/Purple211/v4/fd/17/8c/fd178c91-f3fb-a48a-cd60-1c927536220f/AppIcon-0-0-1x_U007emarketing-0-10-0-85-220.png/100x100bb.png,2026-06-30,jp,toppaid,6014,游戏
3,6469114836,スイカゲーム-Aladdin X,XGIMI LIMITED,https://apps.apple.com/jp/app/%E3%82%B9%E3%82%A4%E3%82%AB%E3%82%B2%E3%83%BC%E3%83%A0-aladdin-x/id6469114836?uo=2,https://is1-ssl.mzstatic.com/image/thumb/Purple221/v4/2b/d2/de/2bd2deca-2c89-9133-2609-baa013d0c020/AppIcon-0-0-1x_U007emarketing-0-8-0-85-220.png/100x100bb.png,2026-06-30,jp,toppaid,6014,游戏
4,1542957396,妖怪ウォッチ1 スマホ,Level-5 Inc.,https://apps.apple.com/jp/app/%E5%A6%96%E6%80%AA%E3%82%A6%E3%82%A9%E3%83%83%E3%83%811-%E3%82%B9%E3%83%9E%E3%83%9B/id1542957396?uo=2,https://is1-ssl.mzstatic.com/image/thumb/Purple211/v4/8e/e3/29/8ee32958-5f80-0325-0911-c5ac66552a5b/AppIcon-0-0-1x_U007emarketing-0-8-0-0-85-220.png/100x100bb.png,2026-06-30,jp,toppaid,6014,游戏
5,1496918059,ドラゴンクエストモンスターズ2　イルとルカの不思議な鍵SP,SQUARE ENIX,https://apps.apple.com/jp/app/%E3%83%89%E3%83%A9%E3%82%B4%E3%83%B3%E3%82%AF%E3%82%A8%E3%82%B9%E3%83%88%E3%83%A2%E3%83%B3%E3%82%B9%E3%82%BF%E3%83%BC%E3%82%BA2-%E3%82%A4%E3%83%AB%E3%81%A8%E3%83%AB%E3%82%AB%E3%81%AE%E4%B8%8D%E6%80%9D%E8%AD%B0%E3%81%AA%E9%8D%B5sp/id1496918059?uo=2,https://is1-ssl.mzstatic.com/image/thumb/Purple211/v4/75/0c/f6/750cf65e-6f32-ccaa-66cc-abb8648e59b1/AppIcon-0-0-1x_U007emarketing-0-8-0-85-220.png/100x100bb.png,2026-06-30,jp,toppaid,6014,游戏
6,1491530147,Slay the Spire,Balor Games,https://apps.apple.com/jp/app/slay-the-spire/id1491530147?uo=2,https://is1-ssl.mzstatic.com/image/thumb/Purple221/v4/91/0c/92/910c920a-0ab6-1939-e297-083995b640c7/AppIcon-1x_U007emarketing-0-11-0-0-85-220-0.png/100x100bb.png,2026-06-30,jp,toppaid,6014,游戏
7,6760749740,[パチスロ]真打 吉宗,PAON DP Inc.,https://apps.apple.com/jp/app/%E3%83%91%E3%83%81%E3%82%B9%E3%83%AD-%E7%9C%9F%E6%89%93-%E5%90%89%E5%AE%97/id6760749740?uo=2,https://is1-ssl.mzstatic.com/image/thumb/Purple221/v4/d5/5d/84/d55d84a2-ec3a-a147-2168-25f4827f70f3/AppIcon_sim-0-0-1x_U007ephone-0-11-0-85-220.png/100x100bb.png,2026-06-30,jp,toppaid,6014,游戏
8,1361473095,MuseDash,hasuhasu,https://apps.apple.com/jp/app/musedash/id1361473095?uo=2,https://is1-ssl.mzstatic.com/image/thumb/Purple211/v4/e8/3e/7c/e83e7cc8-1490-cd38-72dd-cd9da5220713/AppIcon-0-0-1x_U007emarketing-0-8-0-85-220.png/100x100bb.png,2026-06-30,jp,toppaid,6014,游戏
9,6752765295,スマスロ マギアレコード 魔法少女まどかマギカ外伝,Universal Entertainment Corporation,https://apps.apple.com/jp/app/%E3%82%B9%E3%83%9E%E3%82%B9%E3%83%AD-%E3%83%9E%E3%82%AE%E3%82%A2%E3%83%AC%E3%82%B3%E3%83%BC%E3%83%89-%E9%AD%94%E6%B3%95%E5%B0%91%E5%A5%B3%E3%81%BE%E3%81%A9%E3%81%8B%E3%83%9E%E3%82%AE%E3%82%AB%E5%A4%96%E4%BC%9D/id6752765295?uo=2,https://is1-ssl.mzstatic.com/image/thumb/Purple211/v4/77/c3/03/77c303cd-b277-45d6-2779-ed7373cd9f31/AppIcon-0-0-1x_U007emarketing-0-8-0-85-220.png/100x100bb.png,2026-06-30,jp,toppaid,6014,游戏
10,933111586,ドラゴンクエストV 天空の花嫁,SQUARE ENIX,https://apps.apple.com/jp/app/%E3%83%89%E3%83%A9%E3%82%B4%E3%83%B3%E3%82%AF%E3%82%A8%E3%82%B9%E3%83%88v-%E5%A4%A9%E7%A9%BA%E3%81%AE%E8%8A%B1%E5%AB%81/id933111586?uo=2,https://is1-ssl.mzstatic.com/image/thumb/Purple221/v4/bb/49/61/bb4961c0-e011-fe61-e4b9-04eb2b17b037/AppIcon-0-0-1x_U007emarketing-0-8-0-85-220.png/100x100bb.png,2026-06-30,jp,toppaid,6014,游戏
11,1456547302,A Dance of Fire and Ice,7th Beat Games S.A.C.,https://apps.apple.com/jp/app/a-dance-of-fire-and-ice/id1456547302?uo=2,https://is1-ssl.mzstatic.com/image/thumb/Purple211/v4/8b/c8/aa/8bc8aaff-81ed-7261-d2bc-e84717b1c6b1/AppIcon-0-0-1x_U007epad-0-9-0-85-220.png/100x100bb.png,2026-06-30,jp,toppaid,6014,游戏
12,6761328517,ダンジョンウィズイン,GameCoaster,https://apps.apple.com/jp/app/%E3%83%80%E3%83%B3%E3%82%B8%E3%83%A7%E3%83%B3%E3%82%A6%E3%82%A3%E3%82%BA%E3%82%A4%E3%83%B3/id6761328517?uo=2,https://is1-ssl.mzstatic.com/image/thumb/Purple211/v4/32/7d/69/327d69e3-e299-a4d5-94c4-703be2e9f68f/AppIcon-0-0-1x_U007emarketing-0-8-0-85-220.png/100x100bb.png,2026-06-30,jp,toppaid,6014,游戏
13,6759147233,スマスロ 北斗の拳 転生の章2,"Sammy Networks Co., Ltd.",https://apps.apple.com/jp/app/%E3%82%B9%E3%83%9E%E3%82%B9%E3%83%AD-%E5%8C%97%E6%96%97%E3%81%AE%E6%8B%B3-%E8%BB%A2%E7%94%9F%E3%81%AE%E7%AB%A02/id6759147233?uo=2,https://is1-ssl.mzstatic.com/image/thumb/Purple221/v4/13/2c/fb/132cfba5-efbf-4ead-65f6-0dc01cc3c879/AppIcon-0-0-1x_U007ephone-0-1-85-220.png/100x100bb.png,2026-06-30,jp,toppaid,6014,游戏
14,6463375487,L戦国乙女4 戦乱に閃く炯眼の軍師,CommSeed Corporation,https://apps.apple.com/jp/app/l%E6%88%A6%E5%9B%BD%E4%B9%99%E5%A5%B34-%E6%88%A6%E4%B9%B1%E3%81%AB%E9%96%83%E3%81%8F%E7%82%AF%E7%9C%BC%E3%81%AE%E8%BB%8D%E5%B8%AB/id6463375487?uo=2,https://is1-ssl.mzstatic.com/image/thumb/Purple211/v4/3a/35/c1/3a35c183-d2ee-f5dc-71c0-56bbedeb7fc8/AppIcon-0-0-1x_U007epad-0-10-0-85-220.png/100x100bb.png,2026-06-30,jp,toppaid,6014,游戏
15,6746189288,存在/しないあなた、と私,上海霓诺网络科技有限公司,https://apps.apple.com/jp/app/%E5%AD%98%E5%9C%A8-%E3%81%97%E3%81%AA%E3%81%84%E3%81%82%E3%81%AA%E3%81%9F-%E3%81%A8%E7%A7%81/id6746189288?uo=2,https://is1-ssl.mzstatic.com/image/thumb/Purple211/v4/ac/38/31/ac38317d-f2dc-c3fb-9b10-2ee37a8982f2/AppIcon-0-0-1x_U007emarketing-0-8-0-85-220.png/100x100bb.png,2026-06-30,jp,toppaid,6014,游戏
16,6754894237,CloverPit,Future Friends Games,https://apps.apple.com/jp/app/cloverpit/id6754894237?uo=2,https://is1-ssl.mzstatic.com/image/thumb/Purple221/v4/3d/83/4f/3d834fff-7e41-dbe7-06ff-e91fd0422963/AppIcon-0-0-1x_U007emarketing-0-8-0-85-220.png/100x100bb.png,2026-06-30,jp,toppaid,6014,游戏
17,6761811652,ダレカレ,Kodansha Ltd.,https://apps.apple.com/jp/app/%E3%83%80%E3%83%AC%E3%82%AB%E3%83%AC/id6761811652?uo=2,https://is1-ssl.mzstatic.com/image/thumb/Purple221/v4/9a/07/ae/9a07aeab-7f8d-502f-b248-9450bf2e7817/AppIcon-0-0-1x_U007emarketing-0-8-0-85-220.png/100x100bb.png,2026-06-30,jp,toppaid,6014,游戏
18,6547834967,どうぶつの森 ポケットキャンプ コンプリート,"Nintendo Co., Ltd.",https://apps.apple.com/jp/app/%E3%81%A9%E3%81%86%E3%81%B6%E3%81%A4%E3%81%AE%E6%A3%AE-%E3%83%9D%E3%82%B1%E3%83%83%E3%83%88%E3%82%AD%E3%83%A3%E3%83%B3%E3%83%97-%E3%82%B3%E3%83%B3%E3%83%97%E3%83%AA%E3%83%BC%E3%83%88/id6547834967?uo=2,https://is1-ssl.mzstatic.com/image/thumb/Purple211/v4/2e/d8/cb/2ed8cbc4-e7dc-ec02-bfa3-e4f5641c9a97/AppIcon-1x_U007emarketing-0-7-0-85-220-0.png/100x100bb.png,2026-06-30,jp,toppaid,6014,游戏
19,6747067433,e女神のカフェテラス,SUNSOFT,https://apps.apple.com/jp/app/e%E5%A5%B3%E7%A5%9E%E3%81%AE%E3%82%AB%E3%83%95%E3%82%A7%E3%83%86%E3%83%A9%E3%82%B9/id6747067433?uo=2,https://is1-ssl.mzstatic.com/image/thumb/Purple211/v4/b0/e8/80/b0e88002-3a40-bf50-61d9-5cb1ffd46f99/AppIcon-0-0-1x_U007epad-0-1-85-220.png/100x100bb.png,2026-06-30,jp,toppaid,6014,游戏
20,6747757142,パチスロ かぐや様は告らせたい,CommSeed Corporation,https://apps.apple.com/jp/app/%E3%83%91%E3%83%81%E3%82%B9%E3%83%AD-%E3%81%8B%E3%81%90%E3%82%84%E6%A7%98%E3%81%AF%E5%91%8A%E3%82%89%E3%81%9B%E3%81%9F%E3%81%84/id6747757142?uo=2,https://is1-ssl.mzstatic.com/image/thumb/Purple211/v4/09/22/b7/0922b753-4c8a-975a-d0e2-f91e09c94ebc/AppIcon-0-0-1x_U007epad-0-1-85-220.png/100x100bb.png,2026-06-30,jp,toppaid,6014,游戏
21,6476544023,【激J slot】スマスロモンキーターンⅤ,DORASU CORPORATION,https://apps.apple.com/jp/app/%E6%BF%80j-slot-%E3%82%B9%E3%83%9E%E3%82%B9%E3%83%AD%E3%83%A2%E3%83%B3%E3%82%AD%E3%83%BC%E3%82%BF%E3%83%BC%E3%83%B3/id6476544023?uo=2,https://is1-ssl.mzstatic.com/image/thumb/Purple211/v4/d2/1e/83/d21e83a5-d5b7-8209-78d4-7f71f76473f6/AppIcon-1x_U007emarketing-0-9-0-85-220-0.png/100x100bb.png,2026-06-30,jp,toppaid,6014,游戏
22,381477230,ゲーム発展国＋＋,"Kairosoft Co.,Ltd",https://apps.apple.com/jp/app/%E3%82%B2%E3%83%BC%E3%83%A0%E7%99%BA%E5%B1%95%E5%9B%BD/id381477230?uo=2,https://is1-ssl.mzstatic.com/image/thumb/Purple112/v4/af/7c/94/af7c948f-dc94-0018-0118-25428b59133c/AppIcon-0-0-1x_U007emarketing-0-0-0-7-0-0-sRGB-0-0-0-GLES2_U002c0-512MB-85-220-0-0.png/100x100bb.png,2026-06-30,jp,toppaid,6014,游戏
23,1372670435,ドラゴンクエストモンスターズ　テリーのワンダーランドSP,SQUARE ENIX,https://apps.apple.com/jp/app/%E3%83%89%E3%83%A9%E3%82%B4%E3%83%B3%E3%82%AF%E3%82%A8%E3%82%B9%E3%83%88%E3%83%A2%E3%83%B3%E3%82%B9%E3%82%BF%E3%83%BC%E3%82%BA-%E3%83%86%E3%83%AA%E3%83%BC%E3%81%AE%E3%83%AF%E3%83%B3%E3%83%80%E3%83%BC%E3%83%A9%E3%83%B3%E3%83%89sp/id1372670435?uo=2,https://is1-ssl.mzstatic.com/image/thumb/Purple211/v4/29/e0/1e/29e01e45-679f-bcc9-aef0-7930643ee575/AppIcon-0-0-1x_U007emarketing-0-8-0-85-220.png/100x100bb.png,2026-06-30,jp,toppaid,6014,游戏
24,949737947,ドラゴンクエストVI 幻の大地,SQUARE ENIX,https://apps.apple.com/jp/app/%E3%83%89%E3%83%A9%E3%82%B4%E3%83%B3%E3%82%AF%E3%82%A8%E3%82%B9%E3%83%88vi-%E5%B9%BB%E3%81%AE%E5%A4%A7%E5%9C%B0/id949737947?uo=2,https://is1-ssl.mzstatic.com/image/thumb/Purple211/v4/8d/94/88/8d94882d-7d3a-680f-b3ec-9f1478070862/AppIcon-0-0-1x_U007emarketing-0-8-0-85-220.png/100x100bb.png,2026-06-30,jp,toppaid,6014,游戏
25,6648792175,1/8192,Yoshifumi Uzawa,https://apps.apple.com/jp/app/1-8192/id6648792175?uo=2,https://is1-ssl.mzstatic.com/image/thumb/Purple221/v4/52/a1/da/52a1da8a-a815-4d3a-0e1d-14d85d4a34c7/AppIcon-0-0-1x_U007emarketing-0-8-0-85-220.png/100x100bb.png,2026-06-30,jp,toppaid,6014,游戏
26,793749059,ドラゴンクエストIV 導かれし者たち,SQUARE ENIX,https://apps.apple.com/jp/app/%E3%83%89%E3%83%A9%E3%82%B4%E3%83%B3%E3%82%AF%E3%82%A8%E3%82%B9%E3%83%88iv-%E5%B0%8E%E3%81%8B%E3%82%8C%E3%81%97%E8%80%85%E3%81%9F%E3%81%A1/id793749059?uo=2,https://is1-ssl.mzstatic.com/image/thumb/Purple221/v4/f1/5b/fb/f15bfbab-cf0c-309a-d574-3135fb5de5c6/AppIcon-0-0-1x_U007emarketing-0-8-0-85-220.png/100x100bb.png,2026-06-30,jp,toppaid,6014,游戏
27,525818839,Plague Inc. -伝染病株式会社-,Ndemic Creations,https://apps.apple.com/jp/app/plague-inc-%E4%BC%9D%E6%9F%93%E7%97%85%E6%A0%AA%E5%BC%8F%E4%BC%9A%E7%A4%BE/id525818839?uo=2,https://is1-ssl.mzstatic.com/image/thumb/Purple221/v4/4c/2e/05/4c2e05a3-8809-22db-0d9b-ded70f5b3cd1/AppIcon-0-0-1x_U007emarketing-0-8-0-0-sRGB-85-220.png/100x100bb.png,2026-06-30,jp,toppaid,6014,游戏
28,1406710800,Stardew Valley 「スターデューバレー」,ConcernedApe,https://apps.apple.com/jp/app/stardew-valley-%E3%82%B9%E3%82%BF%E3%83%BC%E3%83%87%E3%83%A5%E3%83%BC%E3%83%90%E3%83%AC%E3%83%BC/id1406710800?uo=2,https://is1-ssl.mzstatic.com/image/thumb/Purple211/v4/0e/df/12/0edf1230-3f6e-fbb3-7f72-f2aa844d100a/AppIcons-0-0-1x_U007emarketing-0-8-0-85-220.png/100x100bb.png,2026-06-30,jp,toppaid,6014,游戏
29,6741251510,スマスロ モンスターハンターライズ,CommSeed Corporation,https://apps.apple.com/jp/app/%E3%82%B9%E3%83%9E%E3%82%B9%E3%83%AD-%E3%83%A2%E3%83%B3%E3%82%B9%E3%82%BF%E3%83%BC%E3%83%8F%E3%83%B3%E3%82%BF%E3%83%BC%E3%83%A9%E3%82%A4%E3%82%BA/id6741251510?uo=2,https://is1-ssl.mzstatic.com/image/thumb/Purple211/v4/96/2c/e1/962ce147-61d3-9267-47b0-ee679630debe/AppIcon-0-0-1x_U007epad-0-1-85-220.png/100x100bb.png,2026-06-30,jp,toppaid,6014,游戏
30,408854559,ゆけむり温泉郷,"Kairosoft Co.,Ltd",https://apps.apple.com/jp/app/%E3%82%86%E3%81%91%E3%82%80%E3%82%8A%E6%B8%A9%E6%B3%89%E9%83%B7/id408854559?uo=2,https://is1-ssl.mzstatic.com/image/thumb/Purple211/v4/2d/94/4e/2d944e17-d097-4481-3e81-c0bc418e2611/AppIcon-0-0-1x_U007emarketing-0-7-0-85-220.png/100x100bb.png,2026-06-30,jp,toppaid,6014,游戏
31,1468034815,ヒューマン フォール フラット,"505 Games (US), Inc.",https://apps.apple.com/jp/app/%E3%83%92%E3%83%A5%E3%83%BC%E3%83%9E%E3%83%B3-%E3%83%95%E3%82%A9%E3%83%BC%E3%83%AB-%E3%83%95%E3%83%A9%E3%83%83%E3%83%88/id1468034815?uo=2,https://is1-ssl.mzstatic.com/image/thumb/Purple221/v4/fb/23/0d/fb230d11-48cd-fbef-8955-7b996434d43f/AppIcon-1x_U007emarketing-0-8-0-85-220-0.png/100x100bb.png,2026-06-30,jp,toppaid,6014,游戏
32,721623681,G1牧場ステークス,"Kairosoft Co.,Ltd",https://apps.apple.com/jp/app/g1%E7%89%A7%E5%A0%B4%E3%82%B9%E3%83%86%E3%83%BC%E3%82%AF%E3%82%B9/id721623681?uo=2,https://is1-ssl.mzstatic.com/image/thumb/Purple211/v4/cf/b4/ab/cfb4ab8c-b39b-3a22-50ef-306ab30e313c/AppIcon-0-0-1x_U007emarketing-0-8-0-85-220.png/100x100bb.png,2026-06-30,jp,toppaid,6014,游戏
33,6572290447,バックパック・バトル,Yaozuo Games Ltd,https://apps.apple.com/jp/app/%E3%83%90%E3%83%83%E3%82%AF%E3%83%91%E3%83%83%E3%82%AF-%E3%83%90%E3%83%88%E3%83%AB/id6572290447?uo=2,https://is1-ssl.mzstatic.com/image/thumb/Purple211/v4/3f/d2/da/3fd2da64-c925-6fd6-d7fd-b476ed80644a/AppIcon-0-0-1x_U007emarketing-0-6-0-0-85-220.png/100x100bb.png,2026-06-30,jp,toppaid,6014,游戏
34,479428095,クロノ・トリガー （アップグレード版）,SQUARE ENIX,https://apps.apple.com/jp/app/%E3%82%AF%E3%83%AD%E3%83%8E-%E3%83%88%E3%83%AA%E3%82%AC%E3%83%BC-%E3%82%A2%E3%83%83%E3%83%97%E3%82%B0%E3%83%AC%E3%83%BC%E3%83%89%E7%89%88/id479428095?uo=2,https://is1-ssl.mzstatic.com/image/thumb/Purple126/v4/e5/53/15/e5531522-461a-724a-3411-2d6922fc4caa/AppIcon-0-0-1x_U007emarketing-0-0-0-5-0-0-sRGB-0-0-0-GLES2_U002c0-512MB-85-220-0-0.png/100x100bb.png,2026-06-30,jp,toppaid,6014,游戏
35,1552176109,聖剣伝説3 トライアルズオブマナ,SQUARE ENIX,https://apps.apple.com/jp/app/%E8%81%96%E5%89%A3%E4%BC%9D%E8%AA%AC3-%E3%83%88%E3%83%A9%E3%82%A4%E3%82%A2%E3%83%AB%E3%82%BA%E3%82%AA%E3%83%96%E3%83%9E%E3%83%8A/id1552176109?uo=2,https://is1-ssl.mzstatic.com/image/thumb/Purple221/v4/35/17/7b/35177bad-699d-1a61-7d9e-c214909bcd01/AppIcon-0-0-1x_U007emarketing-0-7-0-85-220.png/100x100bb.png,2026-06-30,jp,toppaid,6014,游戏
36,6502453075,Balatro,Playstack Ltd,https://apps.apple.com/jp/app/balatro/id6502453075?uo=2,https://is1-ssl.mzstatic.com/image/thumb/Purple211/v4/6d/d3/0c/6dd30caf-f830-22d5-ba44-448cdff0df30/iOS_AppIcon_Premium-0-0-1x_U007epad-0-1-85-220.png/100x100bb.png,2026-06-30,jp,toppaid,6014,游戏
37,6755099956,スマスロ ゴッドイーターリザレクション,"Sammy Networks Co., Ltd.",https://apps.apple.com/jp/app/%E3%82%B9%E3%83%9E%E3%82%B9%E3%83%AD-%E3%82%B4%E3%83%83%E3%83%89%E3%82%A4%E3%83%BC%E3%82%BF%E3%83%BC%E3%83%AA%E3%82%B6%E3%83%AC%E3%82%AF%E3%82%B7%E3%83%A7%E3%83%B3/id6755099956?uo=2,https://is1-ssl.mzstatic.com/image/thumb/Purple221/v4/d3/22/a4/d322a490-96e6-c9ce-764f-f9764446d282/AppIcon-1x_U007emarketing-0-7-0-85-220-0.png/100x100bb.png,2026-06-30,jp,toppaid,6014,游戏
38,730263398,ドラゴンクエストVIII 空と海と大地と呪われし姫君,SQUARE ENIX,https://apps.apple.com/jp/app/%E3%83%89%E3%83%A9%E3%82%B4%E3%83%B3%E3%82%AF%E3%82%A8%E3%82%B9%E3%83%88viii-%E7%A9%BA%E3%81%A8%E6%B5%B7%E3%81%A8%E5%A4%A7%E5%9C%B0%E3%81%A8%E5%91%AA%E3%82%8F%E3%82%8C%E3%81%97%E5%A7%AB%E5%90%9B/id730263398?uo=2,https://is1-ssl.mzstatic.com/image/thumb/Purple221/v4/dc/3e/84/dc3e846a-19f2-e301-53d9-2b8ce9b72a74/AppIcon-0-0-1x_U007emarketing-0-8-0-85-220.png/100x100bb.png,2026-06-30,jp,toppaid,6014,游戏
39,6463374016,パチスロ 革命機ヴァルヴレイヴ,CommSeed Corporation,https://apps.apple.com/jp/app/%E3%83%91%E3%83%81%E3%82%B9%E3%83%AD-%E9%9D%A9%E5%91%BD%E6%A9%9F%E3%83%B4%E3%82%A1%E3%83%AB%E3%83%B4%E3%83%AC%E3%82%A4%E3%83%B4/id6463374016?uo=2,https://is1-ssl.mzstatic.com/image/thumb/Purple221/v4/2b/d2/0b/2bd20bf0-249a-b013-21da-c66da6648561/AppIcon-0-0-1x_U007epad-0-85-220.png/100x100bb.png,2026-06-30,jp,toppaid,6014,游戏
40,407949800,聖剣伝説2,SQUARE ENIX,https://apps.apple.com/jp/app/%E8%81%96%E5%89%A3%E4%BC%9D%E8%AA%AC2/id407949800?uo=2,https://is1-ssl.mzstatic.com/image/thumb/Purple123/v4/30/11/b3/3011b39d-24aa-6f95-dc73-a3828e18c104/AppIcon-0-0-1x_U007emarketing-0-0-0-7-0-0-sRGB-0-0-0-GLES2_U002c0-512MB-85-220-0-0.png/100x100bb.png,2026-06-30,jp,toppaid,6014,游戏
41,793660476,テラリア,"Spike-Chunsoft CO, LTD.",https://apps.apple.com/jp/app/%E3%83%86%E3%83%A9%E3%83%AA%E3%82%A2/id793660476?uo=2,https://is1-ssl.mzstatic.com/image/thumb/Purple211/v4/04/56/14/045614c3-cdf0-a54c-a13b-9be25cb11424/AppIcon-1x_U007emarketing-0-8-0-85-220-0.png/100x100bb.png,2026-06-30,jp,toppaid,6014,游戏
42,6749560544,魔王城ものがたり,"Kairosoft Co.,Ltd",https://apps.apple.com/jp/app/%E9%AD%94%E7%8E%8B%E5%9F%8E%E3%82%82%E3%81%AE%E3%81%8C%E3%81%9F%E3%82%8A/id6749560544?uo=2,https://is1-ssl.mzstatic.com/image/thumb/Purple221/v4/56/21/f8/5621f802-8a67-981f-1bbb-350c36535dd3/AppIcon-0-0-1x_U007emarketing-0-8-0-85-220.png/100x100bb.png,2026-06-30,jp,toppaid,6014,游戏
43,1642707350,ドラゴンクエストモンスターズ３　魔族の王子とエルフの旅,SQUARE ENIX,https://apps.apple.com/jp/app/%E3%83%89%E3%83%A9%E3%82%B4%E3%83%B3%E3%82%AF%E3%82%A8%E3%82%B9%E3%83%88%E3%83%A2%E3%83%B3%E3%82%B9%E3%82%BF%E3%83%BC%E3%82%BA%EF%BC%93-%E9%AD%94%E6%97%8F%E3%81%AE%E7%8E%8B%E5%AD%90%E3%81%A8%E3%82%A8%E3%83%AB%E3%83%95%E3%81%AE%E6%97%85/id1642707350?uo=2,https://is1-ssl.mzstatic.com/image/thumb/Purple221/v4/87/98/cb/8798cba8-fc96-84f8-dd51-a83a5bba4b4e/AppIcon-0-0-1x_U007emarketing-0-8-0-85-220.png/100x100bb.png,2026-06-30,jp,toppaid,6014,游戏
44,6755030141,ダンジョン崩し,Phoenixx Inc.,https://apps.apple.com/jp/app/%E3%83%80%E3%83%B3%E3%82%B8%E3%83%A7%E3%83%B3%E5%B4%A9%E3%81%97/id6755030141?uo=2,https://is1-ssl.mzstatic.com/image/thumb/Purple211/v4/a3/a4/dd/a3a4dd5b-d1fc-bff7-eb31-5981ae35326c/AppIcon-0-0-1x_U007epad-0-1-85-220.png/100x100bb.png,2026-06-30,jp,toppaid,6014,游戏
45,1199832388,野球部ものがたり,"Kairosoft Co.,Ltd",https://apps.apple.com/jp/app/%E9%87%8E%E7%90%83%E9%83%A8%E3%82%82%E3%81%AE%E3%81%8C%E3%81%9F%E3%82%8A/id1199832388?uo=2,https://is1-ssl.mzstatic.com/image/thumb/Purple221/v4/49/8c/12/498c129c-a40b-6d71-b305-e46c45395f95/AppIcon-0-0-1x_U007emarketing-0-8-0-85-220.png/100x100bb.png,2026-06-30,jp,toppaid,6014,游戏
46,6756707224,都市伝説解体センター,SHUEISHA GAMES,https://apps.apple.com/jp/app/%E9%83%BD%E5%B8%82%E4%BC%9D%E8%AA%AC%E8%A7%A3%E4%BD%93%E3%82%BB%E3%83%B3%E3%82%BF%E3%83%BC/id6756707224?uo=2,https://is1-ssl.mzstatic.com/image/thumb/Purple221/v4/ba/76/55/ba7655ea-e079-bced-77b9-25a3a769d7d9/AppIcon-0-0-1x_U007epad-0-1-85-220.png/100x100bb.png,2026-06-30,jp,toppaid,6014,游戏
47,6670434812,パチスロ からくりサーカス,CommSeed Corporation,https://apps.apple.com/jp/app/%E3%83%91%E3%83%81%E3%82%B9%E3%83%AD-%E3%81%8B%E3%82%89%E3%81%8F%E3%82%8A%E3%82%B5%E3%83%BC%E3%82%AB%E3%82%B9/id6670434812?uo=2,https://is1-ssl.mzstatic.com/image/thumb/Purple221/v4/62/8e/03/628e0341-0c06-b2bb-764e-7d42ca06a892/AppIcon-0-0-1x_U007epad-0-85-220.png/100x100bb.png,2026-06-30,jp,toppaid,6014,游戏
48,6757693216,ネコピペ,Erabit Studios,https://apps.apple.com/jp/app/%E3%83%8D%E3%82%B3%E3%83%94%E3%83%9A/id6757693216?uo=2,https://is1-ssl.mzstatic.com/image/thumb/Purple221/v4/81/8f/c5/818fc514-6b59-f47d-5cdc-5ec27a864c98/AppIcon-0-0-1x_U007emarketing-0-8-0-85-220.png/100x100bb.png,2026-06-30,jp,toppaid,6014,游戏
49,6670469064,８番出口,ACTIVE GAMING MEDIA Inc.,https://apps.apple.com/jp/app/%EF%BC%98%E7%95%AA%E5%87%BA%E5%8F%A3/id6670469064?uo=2,https://is1-ssl.mzstatic.com/image/thumb/Purple221/v4/e8/d9/f6/e8d9f62f-cd37-b132-9166-45241defaf4e/AppIcon-0-0-1x_U007emarketing-0-4-85-220.png/100x100bb.png,2026-06-30,jp,toppaid,6014,游戏
50,6758508981,スマスロ 化物語,"Sammy Networks Co., Ltd.",https://apps.apple.com/jp/app/%E3%82%B9%E3%83%9E%E3%82%B9%E3%83%AD-%E5%8C%96%E7%89%A9%E8%AA%9E/id6758508981?uo=2,https://is1-ssl.mzstatic.com/image/thumb/Purple221/v4/a4/ae/5b/a4ae5bab-b3f1-8d6b-a275-606435a180a5/AppIcon-1x_U007ephone-0-1-85-220-0.png/100x100bb.png,2026-06-30,jp,toppaid,6014,游戏
1,6738670095,あたまおしりゲーム,G-MODE Corporation,https://apps.apple.com/jp/app/%E3%81%82%E3%81%9F%E3%81%BE%E3%81%8A%E3%81%97%E3%82%8A%E3%82%B2%E3%83%BC%E3%83%A0/id6738670095?uo=2,https://is1-ssl.mzstatic.com/image/thumb/Purple221/v4/cd/4e/a3/cd4ea35b-9de7-ff56-59c9-2649a07564c3/AppIcon-0-0-1x_U007emarketing-0-8-0-85-220.png/100x100bb.png,2026-06-30,jp,toppaid,7019,文字
2,1349292121,supertype,Philipp Stollenmayer,https://apps.apple.com/jp/app/supertype/id1349292121?uo=2,https://is1-ssl.mzstatic.com/image/thumb/Purple221/v4/49/98/0e/49980e24-3627-b7bd-8615-60e7786a641b/AppIcon-1x_U007emarketing-0-7-85-220-0.png/100x100bb.png,2026-06-30,jp,toppaid,7019,文字
3,6749684876,アルキオネ：化学パズル,Boil Studio Inc.,https://apps.apple.com/jp/app/%E3%82%A2%E3%83%AB%E3%82%AD%E3%82%AA%E3%83%8D-%E5%8C%96%E5%AD%A6%E3%83%91%E3%82%BA%E3%83%AB/id6749684876?uo=2,https://is1-ssl.mzstatic.com/image/thumb/Purple211/v4/00/41/ac/0041ac0e-42e0-bf28-3ff4-1520ccfd6127/AppIcon-0-0-1x_U007emarketing-0-8-0-85-220.png/100x100bb.png,2026-06-30,jp,toppaid,7019,文字
4,6633426600,完全版 常識力診断 常識力クイズ,"YANASE GAMES, INC.",https://apps.apple.com/jp/app/%E5%AE%8C%E5%85%A8%E7%89%88-%E5%B8%B8%E8%AD%98%E5%8A%9B%E8%A8%BA%E6%96%AD-%E5%B8%B8%E8%AD%98%E5%8A%9B%E3%82%AF%E3%82%A4%E3%82%BA/id6633426600?uo=2,https://is1-ssl.mzstatic.com/image/thumb/Purple221/v4/58/30/67/583067dc-cd4b-08ed-8cf8-a0169a26f3cc/AppIcon-1x_U007emarketing-0-7-0-85-220-0.png/100x100bb.png,2026-06-30,jp,toppaid,7019,文字
5,623592465,Heads Up!,Warner Bros.,https://apps.apple.com/jp/app/heads-up/id623592465?uo=2,https://is1-ssl.mzstatic.com/image/thumb/Purple211/v4/a3/27/33/a32733ef-8c13-9c09-4a43-085476244d57/AppIcon-0-0-1x_U007emarketing-0-8-0-85-220.png/100x100bb.png,2026-06-30,jp,toppaid,7019,文字
6,859802575,官能基 : 有機化学と有機化合物のクラスについてのクイズ,Andrey Solovyev,https://apps.apple.com/jp/app/%E5%AE%98%E8%83%BD%E5%9F%BA-%E6%9C%89%E6%A9%9F%E5%8C%96%E5%AD%A6%E3%81%A8%E6%9C%89%E6%A9%9F%E5%8C%96%E5%90%88%E7%89%A9%E3%81%AE%E3%82%AF%E3%83%A9%E3%82%B9%E3%81%AB%E3%81%A4%E3%81%84%E3%81%A6%E3%81%AE%E3%82%AF%E3%82%A4%E3%82%BA/id859802575?uo=2,https://is1-ssl.mzstatic.com/image/thumb/Purple118/v4/97/fb/71/97fb7192-8c26-1b20-444c-ebf6373dc64a/AppIcon-1x_U007emarketing-85-220-6.png/100x100bb.png,2026-06-30,jp,toppaid,7019,文字
7,6770101449,五道門：文字江湖,qiang li,https://apps.apple.com/jp/app/%E4%BA%94%E9%81%93%E9%96%80-%E6%96%87%E5%AD%97%E6%B1%9F%E6%B9%96/id6770101449?uo=2,https://is1-ssl.mzstatic.com/image/thumb/Purple221/v4/c0/b0/f2/c0b0f2f4-6260-5643-1a14-0ad4c5e656f5/AppIcon-1x_U007ephone-0-1-85-220-0.png/100x100bb.png,2026-06-30,jp,toppaid,7019,文字
8,953719697,百人一首わかなつむ,Yosuke Oki,https://apps.apple.com/jp/app/%E7%99%BE%E4%BA%BA%E4%B8%80%E9%A6%96%E3%82%8F%E3%81%8B%E3%81%AA%E3%81%A4%E3%82%80/id953719697?uo=2,https://is1-ssl.mzstatic.com/image/thumb/Purple211/v4/62/28/c2/6228c2a0-a3e7-be97-414a-d8d7fdf3313d/AppIcon-0-0-1x_U007emarketing-0-4-85-220.png/100x100bb.png,2026-06-30,jp,toppaid,7019,文字
9,475687587,アインシュタイン式論理脳ドリル,"Enfour, Inc.",https://apps.apple.com/jp/app/%E3%82%A2%E3%82%A4%E3%83%B3%E3%82%B7%E3%83%A5%E3%82%BF%E3%82%A4%E3%83%B3%E5%BC%8F%E8%AB%96%E7%90%86%E8%84%B3%E3%83%89%E3%83%AA%E3%83%AB/id475687587?uo=2,https://is1-ssl.mzstatic.com/image/thumb/Purple/cc/50/2f/mzl.bhuyrjms.png/100x100bb.png,2026-06-30,jp,toppaid,7019,文字
10,972039463,にゃんこフリック道場,Nouris Inc.,https://apps.apple.com/jp/app/%E3%81%AB%E3%82%83%E3%82%93%E3%81%93%E3%83%95%E3%83%AA%E3%83%83%E3%82%AF%E9%81%93%E5%A0%B4/id972039463?uo=2,https://is1-ssl.mzstatic.com/image/thumb/Purple211/v4/00/3b/0f/003b0f85-9cb0-d26d-7f20-de05f8550e5c/AppIcon-0-0-1x_U007emarketing-0-6-0-85-220.png/100x100bb.png,2026-06-30,jp,toppaid,7019,文字
11,444844790,Scribblenauts Remix,Warner Bros.,https://apps.apple.com/jp/app/scribblenauts-remix/id444844790?uo=2,https://is1-ssl.mzstatic.com/image/thumb/Purple115/v4/3c/75/a7/3c75a7da-fdd3-3d8a-a2bc-121c47a1302f/mzl.oyovosxr.png/100x100bb.png,2026-06-30,jp,toppaid,7019,文字
12,952658953,Her Story,Sam Barlow,https://apps.apple.com/jp/app/her-story/id952658953?uo=2,https://is1-ssl.mzstatic.com/image/thumb/Purple1/v4/f9/50/21/f950219d-90d5-a804-077c-459d6284ffbe/mzl.ngujptgp.png/100x100bb.png,2026-06-30,jp,toppaid,7019,文字
13,294536447,First Words Animals,Learning Touch LLC,https://apps.apple.com/jp/app/first-words-animals/id294536447?uo=2,https://is1-ssl.mzstatic.com/image/thumb/Purple126/v4/26/48/28/2648282a-f93b-4152-f607-fbfb02e6f7b2/AppIcon-0-0-1x_U007emarketing-0-0-0-5-0-0-sRGB-0-0-0-GLES2_U002c0-512MB-85-220-0-0.png/100x100bb.png,2026-06-30,jp,toppaid,7019,文字
14,1261458837,Telling Lies,Annapurna Interactive,https://apps.apple.com/jp/app/telling-lies/id1261458837?uo=2,https://is1-ssl.mzstatic.com/image/thumb/Purple113/v4/a0/56/ba/a056baac-d087-3d00-4bf0-59f9db53c7c2/AppIcon-0-1x_U007emarketing-0-0-GLES2_U002c0-512MB-sRGB-0-0-0-85-220-0-0-0-7.png/100x100bb.png,2026-06-30,jp,toppaid,7019,文字
15,929089228,Phonetic Cards 英語発音パズル,Fuminori Homma,https://apps.apple.com/jp/app/phonetic-cards-%E8%8B%B1%E8%AA%9E%E7%99%BA%E9%9F%B3%E3%83%91%E3%82%BA%E3%83%AB/id929089228?uo=2,https://is1-ssl.mzstatic.com/image/thumb/Purple211/v4/5b/75/1b/5b751b31-782a-3beb-e163-01160e63c3ce/AppIcon-0-0-1x_U007emarketing-0-8-0-85-220.png/100x100bb.png,2026-06-30,jp,toppaid,7019,文字
16,1020521274,ひらがな覚えよう！国語海賊,Fantamstick,https://apps.apple.com/jp/app/%E3%81%B2%E3%82%89%E3%81%8C%E3%81%AA%E8%A6%9A%E3%81%88%E3%82%88%E3%81%86-%E5%9B%BD%E8%AA%9E%E6%B5%B7%E8%B3%8A/id1020521274?uo=2,https://is1-ssl.mzstatic.com/image/thumb/Purple7/v4/46/32/4c/46324ce2-adf9-d240-7353-d62a654518a5/mzl.yddrwjvn.png/100x100bb.png,2026-06-30,jp,toppaid,7019,文字
17,1392948321,フォトグラフ·パズル·ストーリー,EightyEight Games LTD,https://apps.apple.com/jp/app/%E3%83%95%E3%82%A9%E3%83%88%E3%82%B0%E3%83%A9%E3%83%95-%E3%83%91%E3%82%BA%E3%83%AB-%E3%82%B9%E3%83%88%E3%83%BC%E3%83%AA%E3%83%BC/id1392948321?uo=2,https://is1-ssl.mzstatic.com/image/thumb/Purple123/v4/d7/3d/bb/d73dbb5a-4744-5bc9-5db2-a4a2d0389f89/AppIcon-0-1x_U007emarketing-0-85-220-0-7.png/100x100bb.png,2026-06-30,jp,toppaid,7019,文字
18,1286522347,タイピングHi 2 - フリック練習,bbcddc,https://apps.apple.com/jp/app/%E3%82%BF%E3%82%A4%E3%83%94%E3%83%B3%E3%82%B0hi-2-%E3%83%95%E3%83%AA%E3%83%83%E3%82%AF%E7%B7%B4%E7%BF%92/id1286522347?uo=2,https://is1-ssl.mzstatic.com/image/thumb/Purple211/v4/77/65/3b/77653bce-66f5-7636-6169-3db407800534/AppIcon-0-0-1x_U007emarketing-0-6-0-85-220.png/100x100bb.png,2026-06-30,jp,toppaid,7019,文字
19,1153281475,一つの世界2 (The Same World 2),Rinzz Co. Ltd.,https://apps.apple.com/jp/app/%E4%B8%80%E3%81%A4%E3%81%AE%E4%B8%96%E7%95%8C2-the-same-world-2/id1153281475?uo=2,https://is1-ssl.mzstatic.com/image/thumb/Purple125/v4/1f/21/cc/1f21ccef-d539-e4e9-00a5-cc3d4cf75a4e/AppIcon-1x_U007emarketing-0-7-0-85-220.png/100x100bb.png,2026-06-30,jp,toppaid,7019,文字
20,937976391,Heads Up! Charades for Kids,Warner Bros.,https://apps.apple.com/jp/app/heads-up-charades-for-kids/id937976391?uo=2,https://is1-ssl.mzstatic.com/image/thumb/Purple125/v4/98/04/84/9804842b-9773-85b5-1fda-8c801e03f16b/AppIconBETA-1x_U007emarketing-0-5-0-85-220.png/100x100bb.png,2026-06-30,jp,toppaid,7019,文字
21,6470958985,完璧な一日,Littoral Games,https://apps.apple.com/jp/app/%E5%AE%8C%E7%92%A7%E3%81%AA%E4%B8%80%E6%97%A5/id6470958985?uo=2,https://is1-ssl.mzstatic.com/image/thumb/Purple211/v4/ba/b3/24/bab32420-889a-bcad-859c-18bc885a9498/AppIcon-0-0-1x_U007emarketing-0-8-0-85-220.png/100x100bb.png,2026-06-30,jp,toppaid,7019,文字
22,1614795077,オタク アドベンチャー,X.D. Network Inc.,https://apps.apple.com/jp/app/%E3%82%AA%E3%82%BF%E3%82%AF-%E3%82%A2%E3%83%89%E3%83%99%E3%83%B3%E3%83%81%E3%83%A3%E3%83%BC/id1614795077?uo=2,https://is1-ssl.mzstatic.com/image/thumb/Purple112/v4/81/10/23/8110232f-4e1c-8a11-8f2a-5fbfc0bea55d/AppIcon-0-0-1x_U007emarketing-0-0-0-9-0-0-sRGB-0-0-0-GLES2_U002c0-512MB-85-220-0-0.png/100x100bb.png,2026-06-30,jp,toppaid,7019,文字
23,980016643,Word Master - Pro,Luis Gualandi,https://apps.apple.com/jp/app/word-master-pro/id980016643?uo=2,https://is1-ssl.mzstatic.com/image/thumb/Purple221/v4/45/23/ee/4523ee0d-f6b0-63c6-babd-cfd76f423742/AppIcon-0-0-1x_U007emarketing-0-5-85-220.png/100x100bb.png,2026-06-30,jp,toppaid,7019,文字
24,284036524,Crosswords Classic,"Stand Alone, Inc.",https://apps.apple.com/jp/app/crosswords-classic/id284036524?uo=2,https://is1-ssl.mzstatic.com/image/thumb/Purple221/v4/1c/da/a9/1cdaa995-b1ea-c07d-1541-9bbb8abc0e57/AppIcon-0-0-1x_U007emarketing-0-7-85-220.png/100x100bb.png,2026-06-30,jp,toppaid,7019,文字
25,846195114,PRY,Tender Claws LLC,https://apps.apple.com/jp/app/pry/id846195114?uo=2,https://is1-ssl.mzstatic.com/image/thumb/Purple20/v4/f0/ea/6e/f0ea6e61-9325-6d49-fae3-457e3899e066/mzl.fjbawgen.png/100x100bb.png,2026-06-30,jp,toppaid,7019,文字
26,333262544,Whirly Word,Mighty Mighty Good Games,https://apps.apple.com/jp/app/whirly-word/id333262544?uo=2,https://is1-ssl.mzstatic.com/image/thumb/Purple115/v4/1b/e8/8b/1be88bb3-108e-207d-eb11-dad7ee1ac1c6/AppIcon-0-0-1x_U007emarketing-0-0-0-6-0-0-sRGB-0-0-0-GLES2_U002c0-512MB-85-220-0-0.jpeg/100x100bb.png,2026-06-30,jp,toppaid,7019,文字
27,672002602,Blackbar,Mrgan LLC,https://apps.apple.com/jp/app/blackbar/id672002602?uo=2,https://is1-ssl.mzstatic.com/image/thumb/Purple122/v4/63/e0/3e/63e03ead-abd2-09ae-0958-c9dfdd93887d/AppIcon-1x_U007emarketing-0-6-0-85-220.png/100x100bb.png,2026-06-30,jp,toppaid,7019,文字
28,288688365,Word Search Unlimited,元 李,https://apps.apple.com/jp/app/word-search-unlimited/id288688365?uo=2,https://is1-ssl.mzstatic.com/image/thumb/Purple118/v4/9a/28/83/9a2883e1-438b-98f2-69d4-e690daeaa593/AppIcon-1x_U007emarketing-85-220-0-3.png/100x100bb.png,2026-06-30,jp,toppaid,7019,文字
29,467327200,Amazing Match for kids,Jia Ningrui,https://apps.apple.com/jp/app/amazing-match-for-kids/id467327200?uo=2,https://is1-ssl.mzstatic.com/image/thumb/Purple125/v4/23/54/f9/2354f981-e76e-5095-0e1d-1aa324580802/AppIcon-1x_U007emarketing-0-7-0-85-220.png/100x100bb.png,2026-06-30,jp,toppaid,7019,文字
30,1242654932,放置江湖：隐世门派现武林,翔 谢,https://apps.apple.com/jp/app/%E6%94%BE%E7%BD%AE%E6%B1%9F%E6%B9%96-%E9%9A%90%E4%B8%96%E9%97%A8%E6%B4%BE%E7%8E%B0%E6%AD%A6%E6%9E%97/id1242654932?uo=2,https://is1-ssl.mzstatic.com/image/thumb/Purple221/v4/8f/24/71/8f2471f3-8589-b11b-5baf-ca2e2a71b031/AppIcon-0-0-1x_U007emarketing-0-10-0-85-220.png/100x100bb.png,2026-06-30,jp,toppaid,7019,文字
31,1523539543,Ord.,Crescent Moon Games,https://apps.apple.com/jp/app/ord/id1523539543?uo=2,https://is1-ssl.mzstatic.com/image/thumb/Purple124/v4/59/b3/b4/59b3b4e3-0aa6-d875-2591-b463ce4593b3/AppIcon-1x_U007emarketing-0-7-0-85-220.png/100x100bb.png,2026-06-30,jp,toppaid,7019,文字
32,301027036,WordSearch Kids,AFKSoft,https://apps.apple.com/jp/app/wordsearch-kids/id301027036?uo=2,https://is1-ssl.mzstatic.com/image/thumb/Purple62/v4/68/69/45/68694554-a22d-4556-a2af-4e6ef77467b5/mzl.biguolkw.jpg/100x100bb.png,2026-06-30,jp,toppaid,7019,文字
33,315322445,Lexulous Word Game,RJS Tech Solutions LLP,https://apps.apple.com/jp/app/lexulous-word-game/id315322445?uo=2,https://is1-ssl.mzstatic.com/image/thumb/Purple211/v4/fb/cc/e5/fbcce51d-d16b-235a-a080-b33681393009/AppIcon-0-0-1x_U007emarketing-0-8-0-0-85-220.png/100x100bb.png,2026-06-30,jp,toppaid,7019,文字
34,1223257768,Sidewords,Milkbag Games,https://apps.apple.com/jp/app/sidewords/id1223257768?uo=2,https://is1-ssl.mzstatic.com/image/thumb/Purple128/v4/f2/fc/2d/f2fc2df0-f09e-e97d-7497-3f963aa7e2f6/mzl.rpbeqavq.png/100x100bb.png,2026-06-30,jp,toppaid,7019,文字
35,1308038634,修真风云录,威 周,https://apps.apple.com/jp/app/%E4%BF%AE%E7%9C%9F%E9%A3%8E%E4%BA%91%E5%BD%95/id1308038634?uo=2,https://is1-ssl.mzstatic.com/image/thumb/Purple116/v4/c4/a7/38/c4a738b6-f218-5d40-16b8-5cadee6ca063/IosAppIcon-1x_U007emarketing-0-7-0-85-220.png/100x100bb.png,2026-06-30,jp,toppaid,7019,文字
36,1282896869,Letter²,Philipp Stollenmayer,https://apps.apple.com/jp/app/letter/id1282896869?uo=2,https://is1-ssl.mzstatic.com/image/thumb/Purple115/v4/e3/74/c1/e374c191-4d65-a279-24b5-12254dea5909/AppIcon-1x_U007emarketing-85-220-6.png/100x100bb.png,2026-06-30,jp,toppaid,7019,文字
37,327456838,Hangman Pro,Optime Software LLC,https://apps.apple.com/jp/app/hangman-pro/id327456838?uo=2,https://is1-ssl.mzstatic.com/image/thumb/Purple122/v4/e5/11/df/e511dfca-0c72-0315-6454-7e11dcb72a0c/mzl.gxxnnhsl.png/100x100bb.png,2026-06-30,jp,toppaid,7019,文字
38,301295390,WordJong,Gameblend Studios,https://apps.apple.com/jp/app/wordjong/id301295390?uo=2,https://is1-ssl.mzstatic.com/image/thumb/Purple118/v4/19/b1/07/19b10724-a43d-565c-dc76-ab1dfd3dc4d8/mzl.zjrxfgpl.png/100x100bb.png,2026-06-30,jp,toppaid,7019,文字
39,6741360584,Mandarin Challenge,洋 李,https://apps.apple.com/jp/app/mandarin-challenge/id6741360584?uo=2,https://is1-ssl.mzstatic.com/image/thumb/Purple211/v4/9e/3a/72/9e3a722b-9bf9-4c27-6665-22cfff5760d0/AppIcon-1x_U007emarketing-0-8-0-85-220-0.png/100x100bb.png,2026-06-30,jp,toppaid,7019,文字
40,1123436822,五色學倉頡 (1500 字),Kotech Services Co.,https://apps.apple.com/jp/app/%E4%BA%94%E8%89%B2%E5%AD%B8%E5%80%89%E9%A0%A1-1500-%E5%AD%97/id1123436822?uo=2,https://is1-ssl.mzstatic.com/image/thumb/Purple115/v4/73/31/ed/7331ed4e-72a1-6803-4db3-2ec3f3c71802/AppIcon_offline-1x_U007emarketing-0-10-0-0-85-220.png/100x100bb.png,2026-06-30,jp,toppaid,7019,文字
41,1486770257,全部が反対語,TIWI s.r.l,https://apps.apple.com/jp/app/%E5%85%A8%E9%83%A8%E3%81%8C%E5%8F%8D%E5%AF%BE%E8%AA%9E/id1486770257?uo=2,https://is1-ssl.mzstatic.com/image/thumb/Purple221/v4/e4/ce/0d/e4ce0d94-9450-b501-204c-21e8bbd6c138/AppIcon-0-1x_U007emarketing-0-85-220-7.png/100x100bb.png,2026-06-30,jp,toppaid,7019,文字
42,6740706816,完全版 うつろにっき,"YANASE GAMES, INC.",https://apps.apple.com/jp/app/%E5%AE%8C%E5%85%A8%E7%89%88-%E3%81%86%E3%81%A4%E3%82%8D%E3%81%AB%E3%81%A3%E3%81%8D/id6740706816?uo=2,https://is1-ssl.mzstatic.com/image/thumb/Purple211/v4/43/8c/b3/438cb34a-2fdd-1809-8bcd-3cec22cb1c85/AppIcon-1x_U007emarketing-0-8-0-85-220-0.png/100x100bb.png,2026-06-30,jp,toppaid,7019,文字
43,393819590,Word Seek HD,"Idealix, Inc.",https://apps.apple.com/jp/app/word-seek-hd/id393819590?uo=2,https://is1-ssl.mzstatic.com/image/thumb/Purple128/v4/1b/fc/50/1bfc50c4-2bb3-474b-0eb5-3f03b8ef70a3/AppIcon-1x_U007emarketing-85-220-9.png/100x100bb.png,2026-06-30,jp,toppaid,7019,文字
44,1205201517,Subwords: Word Game & Trivia,Klemens Strasser,https://apps.apple.com/jp/app/subwords-word-game-trivia/id1205201517?uo=2,https://is1-ssl.mzstatic.com/image/thumb/Purple221/v4/d2/0f/31/d20f318c-2901-ecf4-4747-040812a62aa2/AppIcon-0-0-1x_U007emarketing-0-7-0-85-220.png/100x100bb.png,2026-06-30,jp,toppaid,7019,文字
45,6738138603,偶像之路终极版UltimateEdition,敏 胡,https://apps.apple.com/jp/app/%E5%81%B6%E5%83%8F%E4%B9%8B%E8%B7%AF%E7%BB%88%E6%9E%81%E7%89%88ultimateedition/id6738138603?uo=2,https://is1-ssl.mzstatic.com/image/thumb/Purple211/v4/21/56/1d/21561daa-e930-6ac5-06a6-0ae46f8b6d46/AppIcon-1x_U007emarketing-0-6-0-85-220-0.png/100x100bb.png,2026-06-30,jp,toppaid,7019,文字
46,546236058,The Game Gal's Word Generator,Spark Genius,https://apps.apple.com/jp/app/the-game-gals-word-generator/id546236058?uo=2,https://is1-ssl.mzstatic.com/image/thumb/Purple116/v4/28/bf/0e/28bf0e80-54d4-c4a6-81f1-15bdf8fe73a4/AppIcon-0-0-1x_U007emarketing-0-0-0-7-0-0-sRGB-0-0-0-GLES2_U002c0-512MB-85-220-0-0.png/100x100bb.png,2026-06-30,jp,toppaid,7019,文字
47,530466367,パンゴ　のサッカー,Studio Pango,https://apps.apple.com/jp/app/%E3%83%91%E3%83%B3%E3%82%B4-%E3%81%AE%E3%82%B5%E3%83%83%E3%82%AB%E3%83%BC/id530466367?uo=2,https://is1-ssl.mzstatic.com/image/thumb/Purple118/v4/73/91/90/73919026-e351-db19-94be-1901bea174b6/AppIcon-1x_U007emarketing-0-0-GLES2_U002c0-512MB-sRGB-0-0-0-85-220-0-0-0-8.png/100x100bb.png,2026-06-30,jp,toppaid,7019,文字
48,488667779,First & Sight Words Games,JP Game LLC,https://apps.apple.com/jp/app/first-sight-words-games/id488667779?uo=2,https://is1-ssl.mzstatic.com/image/thumb/Purple115/v4/f5/6e/d8/f56ed891-85a0-4dc0-1e18-1445d7c21778/AppIcon-1x_U007emarketing-0-7-0-85-220.png/100x100bb.png,2026-06-30,jp,toppaid,7019,文字
49,1421420656,火水月山,Giuseppe La Torre,https://apps.apple.com/jp/app/%E7%81%AB%E6%B0%B4%E6%9C%88%E5%B1%B1/id1421420656?uo=2,https://is1-ssl.mzstatic.com/image/thumb/Purple123/v4/d1/74/db/d174db45-b640-4824-b704-84fceabf4d9d/AppIcon-0-1x_U007emarketing-0-0-GLES2_U002c0-512MB-sRGB-0-0-0-85-220-0-0-0-10.png/100x100bb.png,2026-06-30,jp,toppaid,7019,文字
50,343077741,Befuddled,Thomas Ricket,https://apps.apple.com/jp/app/befuddled/id343077741?uo=2,https://is1-ssl.mzstatic.com/image/thumb/Purple126/v4/a2/3f/e2/a23fe241-ffc3-38e0-5565-b2311b0e9cc7/AppIcon-0-0-1x_U007epad-0-0-0-5-0-0-sRGB-0-0-0-GLES2_U002c0-512MB-85-220-0-0.png/100x100bb.png,2026-06-30,jp,toppaid,7019,文字
1,493470467,パズル＆ドラゴンズ,"GungHo Online Entertainment, Inc.",https://apps.apple.com/jp/app/%E3%83%91%E3%82%BA%E3%83%AB-%E3%83%89%E3%83%A9%E3%82%B4%E3%83%B3%E3%82%BA/id493470467?uo=2,https://is1-ssl.mzstatic.com/image/thumb/Purple211/v4/ca/88/05/ca880549-d75e-5b3d-321e-b111dbb2fcda/AppIcon-0-0-1x_U007emarketing-0-8-0-85-220.png/100x100bb.png,2026-06-30,jp,topgrossing,7012,解谜
2,951627670,ドラゴンボールZ ドッカンバトル,Bandai Namco Entertainment Inc.,https://apps.apple.com/jp/app/%E3%83%89%E3%83%A9%E3%82%B4%E3%83%B3%E3%83%9C%E3%83%BC%E3%83%ABz-%E3%83%89%E3%83%83%E3%82%AB%E3%83%B3%E3%83%90%E3%83%88%E3%83%AB/id951627670?uo=2,https://is1-ssl.mzstatic.com/image/thumb/Purple211/v4/56/aa/c5/56aac541-401c-9cec-d654-b08d1d2288ec/AppIcon-0-0-1x_U007emarketing-0-11-0-85-220.png/100x100bb.png,2026-06-30,jp,topgrossing,7012,解谜
3,1623318294,ゴシップハーバー：マージ & ストーリー,Microfun Limited,https://apps.apple.com/jp/app/%E3%82%B4%E3%82%B7%E3%83%83%E3%83%97%E3%83%8F%E3%83%BC%E3%83%90%E3%83%BC-%E3%83%9E%E3%83%BC%E3%82%B8-%E3%82%B9%E3%83%88%E3%83%BC%E3%83%AA%E3%83%BC/id1623318294?uo=2,https://is1-ssl.mzstatic.com/image/thumb/Purple221/v4/d5/d7/02/d5d702dd-af54-09a5-21d1-ed6db319d310/AppIcon-0-0-1x_U007emarketing-0-8-0-85-220.png/100x100bb.png,2026-06-30,jp,topgrossing,7012,解谜
4,1482155847,ロイヤルマッチ（Royal Match),Dream Games,https://apps.apple.com/jp/app/%E3%83%AD%E3%82%A4%E3%83%A4%E3%83%AB%E3%83%9E%E3%83%83%E3%83%81-royal-match/id1482155847?uo=2,https://is1-ssl.mzstatic.com/image/thumb/Purple221/v4/50/3d/ab/503dabf4-c381-e224-5630-5b031703c08d/AppIcon-0-0-1x_U007emarketing-0-8-0-85-220.png/100x100bb.png,2026-06-30,jp,topgrossing,7012,解谜
5,1176027022,トゥーンブラスト,Peak Games,https://apps.apple.com/jp/app/%E3%83%88%E3%82%A5%E3%83%BC%E3%83%B3%E3%83%96%E3%83%A9%E3%82%B9%E3%83%88/id1176027022?uo=2,https://is1-ssl.mzstatic.com/image/thumb/Purple221/v4/7f/e6/49/7fe649cf-138a-a955-2cc7-562b57868077/AppIcon-0-0-1x_U007emarketing-0-8-0-85-220.png/100x100bb.png,2026-06-30,jp,topgrossing,7012,解谜
6,888615473,LINE ポコポコ：3マッチパズルゲーム,LINE Corporation,https://apps.apple.com/jp/app/line-%E3%83%9D%E3%82%B3%E3%83%9D%E3%82%B3-3%E3%83%9E%E3%83%83%E3%83%81%E3%83%91%E3%82%BA%E3%83%AB%E3%82%B2%E3%83%BC%E3%83%A0/id888615473?uo=2,https://is1-ssl.mzstatic.com/image/thumb/Purple221/v4/60/4f/c6/604fc673-9239-8b80-5888-a42ea6ade2f7/AppIcon-0-0-1x_U007emarketing-0-6-0-85-220.png/100x100bb.png,2026-06-30,jp,topgrossing,7012,解谜
7,1105855019,ガーデンスケイプ (Gardenscapes),Playrix,https://apps.apple.com/jp/app/%E3%82%AC%E3%83%BC%E3%83%87%E3%83%B3%E3%82%B9%E3%82%B1%E3%82%A4%E3%83%97-gardenscapes/id1105855019?uo=2,https://is1-ssl.mzstatic.com/image/thumb/Purple211/v4/54/9f/3a/549f3a53-96e5-8dfa-8639-ca30bf676cee/AppIcon-0-0-1x_U007emarketing-0-8-0-85-220.png/100x100bb.png,2026-06-30,jp,topgrossing,7012,解谜
8,724594093,LINE：ディズニー ツムツム,LINE Corporation,https://apps.apple.com/jp/app/line-%E3%83%87%E3%82%A3%E3%82%BA%E3%83%8B%E3%83%BC-%E3%83%84%E3%83%A0%E3%83%84%E3%83%A0/id724594093?uo=2,https://is1-ssl.mzstatic.com/image/thumb/Purple221/v4/0f/79/98/0f799811-5778-7fca-fa61-434c388c31a3/AppIcon-1x_U007emarketing-0-8-0-85-220-0.jpeg/100x100bb.png,2026-06-30,jp,topgrossing,7012,解谜
9,1195621598,ホームスケイプ (Homescapes),Playrix,https://apps.apple.com/jp/app/%E3%83%9B%E3%83%BC%E3%83%A0%E3%82%B9%E3%82%B1%E3%82%A4%E3%83%97-homescapes/id1195621598?uo=2,https://is1-ssl.mzstatic.com/image/thumb/Purple211/v4/c8/ee/2a/c8ee2a9b-49f3-69b8-ca00-e57a83d2ca64/AppIcon-0-0-1x_U007emarketing-0-11-0-85-220.png/100x100bb.png,2026-06-30,jp,topgrossing,7012,解谜
10,6471045672,グルメ・ジャーニー,Century Games Pte. Ltd.,https://apps.apple.com/jp/app/%E3%82%B0%E3%83%AB%E3%83%A1-%E3%82%B8%E3%83%A3%E3%83%BC%E3%83%8B%E3%83%BC/id6471045672?uo=2,https://is1-ssl.mzstatic.com/image/thumb/Purple221/v4/cc/cc/f2/ccccf200-20e5-c0fa-68fc-2ea32d90371c/AppIcon-0-0-1x_U007emarketing-0-8-0-85-220.png/100x100bb.png,2026-06-30,jp,topgrossing,7012,解谜
11,638689075,タウンシップ (Township),Playrix,https://apps.apple.com/jp/app/%E3%82%BF%E3%82%A6%E3%83%B3%E3%82%B7%E3%83%83%E3%83%97-township/id638689075?uo=2,https://is1-ssl.mzstatic.com/image/thumb/Purple211/v4/f3/d3/ab/f3d3abe7-ac2f-d4a3-1683-0873d183913e/AppIcon-0-0-1x_U007emarketing-0-11-0-85-220.png/100x100bb.png,2026-06-30,jp,topgrossing,7012,解谜
12,664575829,フィッシュダム(Fishdom),Playrix,https://apps.apple.com/jp/app/%E3%83%95%E3%82%A3%E3%83%83%E3%82%B7%E3%83%A5%E3%83%80%E3%83%A0-fishdom/id664575829?uo=2,https://is1-ssl.mzstatic.com/image/thumb/Purple211/v4/41/05/aa/4105aaef-9b9c-0ad8-61e0-ad889eccd998/AppIcon-0-0-1x_U007emarketing-0-7-0-85-220.png/100x100bb.png,2026-06-30,jp,topgrossing,7012,解谜
13,1606549505,ロイヤルキングダム (Royal Kingdom),Dream Games,https://apps.apple.com/jp/app/%E3%83%AD%E3%82%A4%E3%83%A4%E3%83%AB%E3%82%AD%E3%83%B3%E3%82%B0%E3%83%80%E3%83%A0-royal-kingdom/id1606549505?uo=2,https://is1-ssl.mzstatic.com/image/thumb/Purple211/v4/5c/c4/75/5cc4753e-cd56-1020-daa7-a09f15857a63/AppIcon-0-0-1x_U007emarketing-0-8-0-85-220.png/100x100bb.png,2026-06-30,jp,topgrossing,7012,解谜
14,6443755785,シーサイド エスケープ：マージ & ストーリー,Microfun Limited,https://apps.apple.com/jp/app/%E3%82%B7%E3%83%BC%E3%82%B5%E3%82%A4%E3%83%89-%E3%82%A8%E3%82%B9%E3%82%B1%E3%83%BC%E3%83%97-%E3%83%9E%E3%83%BC%E3%82%B8-%E3%82%B9%E3%83%88%E3%83%BC%E3%83%AA%E3%83%BC/id6443755785?uo=2,https://is1-ssl.mzstatic.com/image/thumb/Purple211/v4/93/64/f8/9364f8fe-aca6-8b43-d78c-24cd33a2f92d/AppIcon-0-0-1x_U007emarketing-0-8-0-85-220.png/100x100bb.png,2026-06-30,jp,topgrossing,7012,解谜
15,1643509748,マージクッキング テーマレストラン,Happibits,https://apps.apple.com/jp/app/%E3%83%9E%E3%83%BC%E3%82%B8%E3%82%AF%E3%83%83%E3%82%AD%E3%83%B3%E3%82%B0-%E3%83%86%E3%83%BC%E3%83%9E%E3%83%AC%E3%82%B9%E3%83%88%E3%83%A9%E3%83%B3/id1643509748?uo=2,https://is1-ssl.mzstatic.com/image/thumb/Purple211/v4/3c/a6/cf/3ca6cfa1-757b-2632-12a1-652d5a949517/AppIcon-0-0-1x_U007emarketing-0-8-0-85-220.png/100x100bb.png,2026-06-30,jp,topgrossing,7012,解谜
16,553834731,キャンディークラッシュ,King,https://apps.apple.com/jp/app/%E3%82%AD%E3%83%A3%E3%83%B3%E3%83%87%E3%82%A3%E3%83%BC%E3%82%AF%E3%83%A9%E3%83%83%E3%82%B7%E3%83%A5/id553834731?uo=2,https://is1-ssl.mzstatic.com/image/thumb/Purple211/v4/a1/c5/92/a1c59272-aace-ff82-0b16-ca93a87cb33c/AppIcon-0-0-1x_U007emarketing-0-8-0-85-220.png/100x100bb.png,2026-06-30,jp,topgrossing,7012,解谜
17,6503603603,ミステリータウン：マージゲーム (Mystery Town),Cedar Games Studio,https://apps.apple.com/jp/app/%E3%83%9F%E3%82%B9%E3%83%86%E3%83%AA%E3%83%BC%E3%82%BF%E3%82%A6%E3%83%B3-%E3%83%9E%E3%83%BC%E3%82%B8%E3%82%B2%E3%83%BC%E3%83%A0-mystery-town/id6503603603?uo=2,https://is1-ssl.mzstatic.com/image/thumb/Purple221/v4/a7/9d/cc/a79dcc67-26e1-ec7e-a639-6e346d365eec/AppIcon-0-0-1x_U007emarketing-0-5-0-85-220.png/100x100bb.png,2026-06-30,jp,topgrossing,7012,解谜
18,1484442152,マージマンション : パズル & ストーリー,Metacore Games Oy,https://apps.apple.com/jp/app/%E3%83%9E%E3%83%BC%E3%82%B8%E3%83%9E%E3%83%B3%E3%82%B7%E3%83%A7%E3%83%B3-%E3%83%91%E3%82%BA%E3%83%AB-%E3%82%B9%E3%83%88%E3%83%BC%E3%83%AA%E3%83%BC/id1484442152?uo=2,https://is1-ssl.mzstatic.com/image/thumb/Purple221/v4/2b/8f/6c/2b8f6c93-7bb1-292e-698c-c0a0c0c838f9/AppIcon-0-0-1x_U007emarketing-0-8-0-85-220.png/100x100bb.png,2026-06-30,jp,topgrossing,7012,解谜
19,1521236603,Travel Town - マージアドベンチャー,Moon Active,https://apps.apple.com/jp/app/travel-town-%E3%83%9E%E3%83%BC%E3%82%B8%E3%82%A2%E3%83%89%E3%83%99%E3%83%B3%E3%83%81%E3%83%A3%E3%83%BC/id1521236603?uo=2,https://is1-ssl.mzstatic.com/image/thumb/Purple221/v4/47/97/29/479729c4-a2ef-3587-4346-a53c4e4fd4fb/AppIcon-0-0-1x_U007emarketing-0-8-0-85-220.png/100x100bb.png,2026-06-30,jp,topgrossing,7012,解谜
20,865817969,ポコロンダンジョンズ,"Grenge, Inc.",https://apps.apple.com/jp/app/%E3%83%9D%E3%82%B3%E3%83%AD%E3%83%B3%E3%83%80%E3%83%B3%E3%82%B8%E3%83%A7%E3%83%B3%E3%82%BA/id865817969?uo=2,https://is1-ssl.mzstatic.com/image/thumb/Purple211/v4/21/7d/56/217d56e8-1a2d-18f9-7140-69e025dc50b0/AppIcon-0-0-1x_U007emarketing-0-10-0-85-220.png/100x100bb.png,2026-06-30,jp,topgrossing,7012,解谜
21,1032346221,妖怪ウォッチ ぷにぷに,Level-5 Inc.,https://apps.apple.com/jp/app/%E5%A6%96%E6%80%AA%E3%82%A6%E3%82%A9%E3%83%83%E3%83%81-%E3%81%B7%E3%81%AB%E3%81%B7%E3%81%AB/id1032346221?uo=2,https://is1-ssl.mzstatic.com/image/thumb/Purple211/v4/7d/66/51/7d6651fa-536d-11d1-a8fc-42f695437d9f/AppIcon-0-0-1x_U007emarketing-0-10-0-85-220.png/100x100bb.png,2026-06-30,jp,topgrossing,7012,解谜
22,6449094229,マッチファクトリー(Match Factory)!,Peak Games,https://apps.apple.com/jp/app/%E3%83%9E%E3%83%83%E3%83%81%E3%83%95%E3%82%A1%E3%82%AF%E3%83%88%E3%83%AA%E3%83%BC-match-factory/id6449094229?uo=2,https://is1-ssl.mzstatic.com/image/thumb/Purple221/v4/30/65/44/3065447b-4674-7285-954a-4f5db9728e60/AppIcon-0-0-1x_U007emarketing-0-8-0-85-220.png/100x100bb.png,2026-06-30,jp,topgrossing,7012,解谜
23,6755455500,ハリウッドマージ,VoyagerOne,https://apps.apple.com/jp/app/%E3%83%8F%E3%83%AA%E3%82%A6%E3%83%83%E3%83%89%E3%83%9E%E3%83%BC%E3%82%B8/id6755455500?uo=2,https://is1-ssl.mzstatic.com/image/thumb/Purple221/v4/8f/0c/49/8f0c4932-0793-34f8-a7c2-6a873c272d17/AppIcon-0-0-1x_U007emarketing-0-8-0-85-220.png/100x100bb.png,2026-06-30,jp,topgrossing,7012,解谜
24,6618142292,フランベシェフ：マージ＆クッキング,Microfun Limited,https://apps.apple.com/jp/app/%E3%83%95%E3%83%A9%E3%83%B3%E3%83%99%E3%82%B7%E3%82%A7%E3%83%95-%E3%83%9E%E3%83%BC%E3%82%B8-%E3%82%AF%E3%83%83%E3%82%AD%E3%83%B3%E3%82%B0/id6618142292?uo=2,https://is1-ssl.mzstatic.com/image/thumb/Purple221/v4/82/50/d2/8250d24f-8042-b152-706f-caa35fcf24a8/AppIcon-0-0-1x_U007emarketing-0-8-0-85-220.png/100x100bb.png,2026-06-30,jp,topgrossing,7012,解谜
25,6740043080,Screwdom : ボルトパズルゲーム,Zego Global Pte Ltd,https://apps.apple.com/jp/app/screwdom-%E3%83%9C%E3%83%AB%E3%83%88%E3%83%91%E3%82%BA%E3%83%AB%E3%82%B2%E3%83%BC%E3%83%A0/id6740043080?uo=2,https://is1-ssl.mzstatic.com/image/thumb/Purple221/v4/a2/0f/e9/a20fe92f-96c7-013e-9f94-389245518263/AppIcon-0-0-1x_U007emarketing-0-8-0-85-220.png/100x100bb.png,2026-06-30,jp,topgrossing,7012,解谜
26,6736896540,ハローキティ：マイドリームストア,"ACTGames Co., Ltd.",https://apps.apple.com/jp/app/%E3%83%8F%E3%83%AD%E3%83%BC%E3%82%AD%E3%83%86%E3%82%A3-%E3%83%9E%E3%82%A4%E3%83%89%E3%83%AA%E3%83%BC%E3%83%A0%E3%82%B9%E3%83%88%E3%82%A2/id6736896540?uo=2,https://is1-ssl.mzstatic.com/image/thumb/Purple211/v4/cc/b7/61/ccb7615b-7662-85d4-a03a-a430a51adcac/AppIcon-0-0-1x_U007emarketing-0-8-0-85-220.png/100x100bb.png,2026-06-30,jp,topgrossing,7012,解谜
27,878506376,LINE POP2 - 簡単マッチ3パズルゲーム,LINE Corporation,https://apps.apple.com/jp/app/line-pop2-%E7%B0%A1%E5%8D%98%E3%83%9E%E3%83%83%E3%83%813%E3%83%91%E3%82%BA%E3%83%AB%E3%82%B2%E3%83%BC%E3%83%A0/id878506376?uo=2,https://is1-ssl.mzstatic.com/image/thumb/Purple211/v4/00/01/7e/00017ea1-80f5-6bfe-a3b8-367cf9e1f911/AppIcon-0-0-1x_U007emarketing-0-8-0-85-220.png/100x100bb.png,2026-06-30,jp,topgrossing,7012,解谜
28,6752672568,Block Out! - Color Sort Puzzle,Grand Games A.Ş.,https://apps.apple.com/jp/app/block-out-color-sort-puzzle/id6752672568?uo=2,https://is1-ssl.mzstatic.com/image/thumb/Purple211/v4/42/22/df/4222df44-fbaa-9fe1-f732-d1aec055395c/AppIcon-0-0-1x_U007emarketing-0-8-0-85-220.png/100x100bb.png,2026-06-30,jp,topgrossing,7012,解谜
29,6464543369,コナステ メダルコーナー | コナミの メダルゲームが遊べる,KONAMI,https://apps.apple.com/jp/app/%E3%82%B3%E3%83%8A%E3%82%B9%E3%83%86-%E3%83%A1%E3%83%80%E3%83%AB%E3%82%B3%E3%83%BC%E3%83%8A%E3%83%BC-%E3%82%B3%E3%83%8A%E3%83%9F%E3%81%AE-%E3%83%A1%E3%83%80%E3%83%AB%E3%82%B2%E3%83%BC%E3%83%A0%E3%81%8C%E9%81%8A%E3%81%B9%E3%82%8B/id6464543369?uo=2,https://is1-ssl.mzstatic.com/image/thumb/Purple211/v4/94/bf/9b/94bf9b9f-67ac-ea43-83d0-306efd82f438/AppIcon-0-0-1x_U007emarketing-0-8-0-85-220.png/100x100bb.png,2026-06-30,jp,topgrossing,7012,解谜
30,496801169,将棋ウォーズ,HEROZ,https://apps.apple.com/jp/app/%E5%B0%86%E6%A3%8B%E3%82%A6%E3%82%A9%E3%83%BC%E3%82%BA/id496801169?uo=2,https://is1-ssl.mzstatic.com/image/thumb/Purple221/v4/95/18/09/95180962-8980-1717-0b32-2b6ec2d86591/AppIcon-0-0-1x_U007emarketing-0-8-0-85-220.png/100x100bb.png,2026-06-30,jp,topgrossing,7012,解谜
31,6751056652,Pixel Flow!,Loom Games Oyun Yazilim ve Pazarlama Anonim Sirketi,https://apps.apple.com/jp/app/pixel-flow/id6751056652?uo=2,https://is1-ssl.mzstatic.com/image/thumb/Purple221/v4/0a/a1/40/0aa140e6-9524-2453-a1f8-e75bbedc49c0/AppIcon-0-0-1x_U007emarketing-0-8-0-85-220.png/100x100bb.png,2026-06-30,jp,topgrossing,7012,解谜
32,6504332779,Color Block Jam,Rollic Games,https://apps.apple.com/jp/app/color-block-jam/id6504332779?uo=2,https://is1-ssl.mzstatic.com/image/thumb/Purple211/v4/8e/55/86/8e55860d-453a-1daa-04c3-4238a270aa2a/AppIcon-0-0-1x_U007emarketing-0-8-0-85-220.png/100x100bb.png,2026-06-30,jp,topgrossing,7012,解谜
33,6503284107,オールインホール (All in Hole),HOMA GAMES,https://apps.apple.com/jp/app/%E3%82%AA%E3%83%BC%E3%83%AB%E3%82%A4%E3%83%B3%E3%83%9B%E3%83%BC%E3%83%AB-all-in-hole/id6503284107?uo=2,https://is1-ssl.mzstatic.com/image/thumb/Purple221/v4/76/cf/2d/76cf2d8f-2431-e9fc-bda5-bc21d3109fe9/AppIcon-0-0-1x_U007emarketing-0-8-0-85-220.png/100x100bb.png,2026-06-30,jp,topgrossing,7012,解谜
34,895761422,LINE バブル2,LINE Corporation,https://apps.apple.com/jp/app/line-%E3%83%90%E3%83%96%E3%83%AB2/id895761422?uo=2,https://is1-ssl.mzstatic.com/image/thumb/Purple211/v4/94/70/c7/9470c7d3-91a0-f8b8-2ca8-1ca934b283f2/AppIcon-0-0-1x_U007emarketing-0-11-0-85-220.png/100x100bb.png,2026-06-30,jp,topgrossing,7012,解谜
35,1117841866,エンパイア&パズル（エンパズ）：マッチ3RPG,Small Giant Games,https://apps.apple.com/jp/app/%E3%82%A8%E3%83%B3%E3%83%91%E3%82%A4%E3%82%A2-%E3%83%91%E3%82%BA%E3%83%AB-%E3%82%A8%E3%83%B3%E3%83%91%E3%82%BA-%E3%83%9E%E3%83%83%E3%83%813rpg/id1117841866?uo=2,https://is1-ssl.mzstatic.com/image/thumb/Purple211/v4/4f/ab/18/4fab18c7-9334-c736-ed91-2f83c2b1b49f/AppIcon-0-0-1x_U007emarketing-0-8-0-85-220.png/100x100bb.png,2026-06-30,jp,topgrossing,7012,解谜
36,6758334085,ダックスクワッド：バウンドエッグ,HaoPlay Limited,https://apps.apple.com/jp/app/%E3%83%80%E3%83%83%E3%82%AF%E3%82%B9%E3%82%AF%E3%83%AF%E3%83%83%E3%83%89-%E3%83%90%E3%82%A6%E3%83%B3%E3%83%89%E3%82%A8%E3%83%83%E3%82%B0/id6758334085?uo=2,https://is1-ssl.mzstatic.com/image/thumb/Purple221/v4/fb/04/f1/fb04f13c-1bfd-fb9f-a12e-c4d4f42b53f3/AppIcon-0-0-1x_U007emarketing-0-8-0-85-220.png/100x100bb.png,2026-06-30,jp,topgrossing,7012,解谜
37,1483058899,プロジェクトメイクオーバー Project Makeover,"Magic Tavern, Inc.",https://apps.apple.com/jp/app/%E3%83%97%E3%83%AD%E3%82%B8%E3%82%A7%E3%82%AF%E3%83%88%E3%83%A1%E3%82%A4%E3%82%AF%E3%82%AA%E3%83%BC%E3%83%90%E3%83%BC-project-makeover/id1483058899?uo=2,https://is1-ssl.mzstatic.com/image/thumb/Purple211/v4/c3/04/00/c304002f-4ea4-c9e6-a871-9d8b31a04e05/AppIcon-0-0-1x_U007emarketing-0-8-0-85-220.png/100x100bb.png,2026-06-30,jp,topgrossing,7012,解谜
38,6462012491,ぽちゃガチョ！,QCPlay Inc.,https://apps.apple.com/jp/app/%E3%81%BD%E3%81%A1%E3%82%83%E3%82%AC%E3%83%81%E3%83%A7/id6462012491?uo=2,https://is1-ssl.mzstatic.com/image/thumb/Purple211/v4/35/b4/2a/35b42a74-fad9-33e2-a80a-078a0b5ff442/AppIcon-0-0-1x_U007emarketing-0-8-0-85-220.png/100x100bb.png,2026-06-30,jp,topgrossing,7012,解谜
39,850417475,キャンディークラッシュソーダ,King,https://apps.apple.com/jp/app/%E3%82%AD%E3%83%A3%E3%83%B3%E3%83%87%E3%82%A3%E3%83%BC%E3%82%AF%E3%83%A9%E3%83%83%E3%82%B7%E3%83%A5%E3%82%BD%E3%83%BC%E3%83%80/id850417475?uo=2,https://is1-ssl.mzstatic.com/image/thumb/Purple211/v4/e9/fc/cd/e9fccd91-a460-201a-20de-6743da8db590/AppIcon-0-0-1x_U007epad-0-1-85-220.png/100x100bb.png,2026-06-30,jp,topgrossing,7012,解谜
40,6749132002,落ちにゃん！(Drop the Cat),ACTIONFIT,https://apps.apple.com/jp/app/%E8%90%BD%E3%81%A1%E3%81%AB%E3%82%83%E3%82%93-drop-the-cat/id6749132002?uo=2,https://is1-ssl.mzstatic.com/image/thumb/Purple221/v4/32/54/ed/3254ed18-7d57-06af-c6fe-2aa935f613fa/AppIcon-0-0-1x_U007emarketing-0-8-0-85-220.png/100x100bb.png,2026-06-30,jp,topgrossing,7012,解谜
41,1558803930,Matching Story,VERTEX GAMES PTE. LTD.,https://apps.apple.com/jp/app/matching-story/id1558803930?uo=2,https://is1-ssl.mzstatic.com/image/thumb/Purple211/v4/bc/a8/7d/bca87dc9-58f6-216a-5b42-265437c6c68d/AppIcon-0-0-1x_U007emarketing-0-5-85-220.png/100x100bb.png,2026-06-30,jp,topgrossing,7012,解谜
42,6477151796,マージプリズン (Merge Prison),Blue Ultra Game Limited,https://apps.apple.com/jp/app/%E3%83%9E%E3%83%BC%E3%82%B8%E3%83%97%E3%83%AA%E3%82%BA%E3%83%B3-merge-prison/id6477151796?uo=2,https://is1-ssl.mzstatic.com/image/thumb/Purple211/v4/2d/6f/f6/2d6ff6ca-4fa9-fca8-5dcf-94c2fcca577c/AppIcon-gl-0-0-1x_U007emarketing-0-11-0-85-220.png/100x100bb.png,2026-06-30,jp,topgrossing,7012,解谜
43,938095479,夢王国と眠れる100人の王子様　女性向けパズル恋愛ゲーム,Mynet Games Inc.,https://apps.apple.com/jp/app/%E5%A4%A2%E7%8E%8B%E5%9B%BD%E3%81%A8%E7%9C%A0%E3%82%8C%E3%82%8B100%E4%BA%BA%E3%81%AE%E7%8E%8B%E5%AD%90%E6%A7%98-%E5%A5%B3%E6%80%A7%E5%90%91%E3%81%91%E3%83%91%E3%82%BA%E3%83%AB%E6%81%8B%E6%84%9B%E3%82%B2%E3%83%BC%E3%83%A0/id938095479?uo=2,https://is1-ssl.mzstatic.com/image/thumb/Purple211/v4/cb/c9/e1/cbc9e11c-151b-04c3-4a0f-7ecbfa6ed477/AppIcon-1x_U007emarketing-0-6-0-85-220-0.png/100x100bb.png,2026-06-30,jp,topgrossing,7012,解谜
44,1216575026,マッチングトン·マンション,"Magic Tavern, Inc.",https://apps.apple.com/jp/app/%E3%83%9E%E3%83%83%E3%83%81%E3%83%B3%E3%82%B0%E3%83%88%E3%83%B3-%E3%83%9E%E3%83%B3%E3%82%B7%E3%83%A7%E3%83%B3/id1216575026?uo=2,https://is1-ssl.mzstatic.com/image/thumb/Purple221/v4/bb/ea/b3/bbeab3ad-4046-7553-31e8-46a1f92abe3e/AppIcon-1x_U007emarketing-0-8-0-85-220-0.png/100x100bb.png,2026-06-30,jp,topgrossing,7012,解谜
45,1176070496,君の目的はボクを殺すこと３,FUNDOSHI PARADE K.K.,https://apps.apple.com/jp/app/%E5%90%9B%E3%81%AE%E7%9B%AE%E7%9A%84%E3%81%AF%E3%83%9C%E3%82%AF%E3%82%92%E6%AE%BA%E3%81%99%E3%81%93%E3%81%A8%EF%BC%93/id1176070496?uo=2,https://is1-ssl.mzstatic.com/image/thumb/Purple211/v4/ec/7d/56/ec7d56ea-ff32-b0f5-1f68-0bd13448076b/AppIcon-0-0-1x_U007emarketing-0-8-0-85-220.png/100x100bb.png,2026-06-30,jp,topgrossing,7012,解谜
46,890378044,トイブラスト (Toy Blast),Peak Games,https://apps.apple.com/jp/app/%E3%83%88%E3%82%A4%E3%83%96%E3%83%A9%E3%82%B9%E3%83%88-toy-blast/id890378044?uo=2,https://is1-ssl.mzstatic.com/image/thumb/Purple221/v4/3c/36/e3/3c36e3c4-9f2c-68c0-5c90-b8a3be6c07b7/AppIcon-0-0-1x_U007emarketing-0-8-0-85-220.png/100x100bb.png,2026-06-30,jp,topgrossing,7012,解谜
47,1298368256,コトダマン-共闘ことばRPG,"XFLAG, Inc.",https://apps.apple.com/jp/app/%E3%82%B3%E3%83%88%E3%83%80%E3%83%9E%E3%83%B3-%E5%85%B1%E9%97%98%E3%81%93%E3%81%A8%E3%81%B0rpg/id1298368256?uo=2,https://is1-ssl.mzstatic.com/image/thumb/Purple221/v4/2f/b8/05/2fb805f8-991f-57a8-2803-ecb9ed0eea0e/AppIcon-0-0-1x_U007emarketing-0-8-0-85-220.png/100x100bb.png,2026-06-30,jp,topgrossing,7012,解谜
48,6450110217,Triple Match City,Breeze Games L.L.C-FZ,https://apps.apple.com/jp/app/triple-match-city/id6450110217?uo=2,https://is1-ssl.mzstatic.com/image/thumb/Purple211/v4/1f/03/d3/1f03d367-0e4d-678d-54b5-1fd7f6cdb00a/AppIcon-0-0-1x_U007emarketing-0-8-0-85-220.png/100x100bb.png,2026-06-30,jp,topgrossing,7012,解谜
49,6476976929,トラックスターマッチ,Century Games Pte. Ltd.,https://apps.apple.com/jp/app/%E3%83%88%E3%83%A9%E3%83%83%E3%82%AF%E3%82%B9%E3%82%BF%E3%83%BC%E3%83%9E%E3%83%83%E3%83%81/id6476976929?uo=2,https://is1-ssl.mzstatic.com/image/thumb/Purple211/v4/d2/3e/a3/d23ea3b9-f4e9-8ab1-25a8-a323eb602f23/AppIcon-1x_U007emarketing-0-8-0-85-220-0.png/100x100bb.png,2026-06-30,jp,topgrossing,7012,解谜
50,778344884,サモンズボード,"GungHo Online Entertainment, Inc.",https://apps.apple.com/jp/app/%E3%82%B5%E3%83%A2%E3%83%B3%E3%82%BA%E3%83%9C%E3%83%BC%E3%83%89/id778344884?uo=2,https://is1-ssl.mzstatic.com/image/thumb/Purple221/v4/c7/d4/72/c7d4729c-b513-f8d7-dbef-65f2e621fe93/AppIcon-0-0-1x_U007emarketing-0-8-0-85-220.png/100x100bb.png,2026-06-30,jp,topgrossing,7012,解谜
1,6472019540,Shadowverse: Worlds Beyond,"Cygames, Inc.",https://apps.apple.com/jp/app/shadowverse-worlds-beyond/id6472019540?uo=2,https://is1-ssl.mzstatic.com/image/thumb/Purple211/v4/6f/71/4d/6f714d32-c29e-33ab-de6a-9b117f3ccdf8/AppIcon-0-0-1x_U007emarketing-0-8-0-85-220.png/100x100bb.png,2026-06-30,jp,topgrossing,6014,游戏
2,1117270703,eFootball™,KONAMI,https://apps.apple.com/jp/app/efootball/id1117270703?uo=2,https://is1-ssl.mzstatic.com/image/thumb/Purple211/v4/f7/0c/8f/f70c8f63-9613-a144-8f0c-57039d41fc9a/PesMobile-0-0-1x_U007emarketing-0-8-0-85-220.png/100x100bb.png,2026-06-30,jp,topgrossing,6014,游戏
3,1325457827,ウマ娘 プリティーダービー,"Cygames, Inc.",https://apps.apple.com/jp/app/%E3%82%A6%E3%83%9E%E5%A8%98-%E3%83%97%E3%83%AA%E3%83%86%E3%82%A3%E3%83%BC%E3%83%80%E3%83%BC%E3%83%93%E3%83%BC/id1325457827?uo=2,https://is1-ssl.mzstatic.com/image/thumb/Purple221/v4/9d/22/ec/9d22ecf7-c7c3-52b2-753c-bcdf514a01bd/AppIcon-0-0-1x_U007emarketing-0-8-0-85-220.png/100x100bb.png,2026-06-30,jp,topgrossing,6014,游戏
4,6479970832,Pokémon TCG Pocket,The Pokemon Company,https://apps.apple.com/jp/app/pok%C3%A9mon-tcg-pocket/id6479970832?uo=2,https://is1-ssl.mzstatic.com/image/thumb/Purple211/v4/54/12/78/541278bd-ccac-156d-b027-a46e1cd536bb/AppIcon-0-0-1x_U007emarketing-0-8-0-85-220.png/100x100bb.png,2026-06-30,jp,topgrossing,6014,游戏
5,940320341,プロ野球スピリッツＡ,KONAMI,https://apps.apple.com/jp/app/%E3%83%97%E3%83%AD%E9%87%8E%E7%90%83%E3%82%B9%E3%83%94%E3%83%AA%E3%83%83%E3%83%84%EF%BD%81/id940320341?uo=2,https://is1-ssl.mzstatic.com/image/thumb/Purple211/v4/52/90/94/52909400-e953-0dae-00ee-ab2c66ab7c51/AppIcon-0-0-1x_U007epad-0-11-0-85-220.png/100x100bb.png,2026-06-30,jp,topgrossing,6014,游戏
6,6443575749,ホワイトアウト・サバイバル,Century Games Pte. Ltd.,https://apps.apple.com/jp/app/%E3%83%9B%E3%83%AF%E3%82%A4%E3%83%88%E3%82%A2%E3%82%A6%E3%83%88-%E3%82%B5%E3%83%90%E3%82%A4%E3%83%90%E3%83%AB/id6443575749?uo=2,https://is1-ssl.mzstatic.com/image/thumb/Purple221/v4/e5/1e/1d/e51e1db7-4655-6bb8-9441-af76dbfd291c/AppIcon-0-0-1x_U007emarketing-0-8-0-85-220.png/100x100bb.png,2026-06-30,jp,topgrossing,6014,游戏
7,6692611665,SDガンダム ジージェネレーション エターナル,Bandai Namco Entertainment Inc.,https://apps.apple.com/jp/app/sd%E3%82%AC%E3%83%B3%E3%83%80%E3%83%A0-%E3%82%B8%E3%83%BC%E3%82%B8%E3%82%A7%E3%83%8D%E3%83%AC%E3%83%BC%E3%82%B7%E3%83%A7%E3%83%B3-%E3%82%A8%E3%82%BF%E3%83%BC%E3%83%8A%E3%83%AB/id6692611665?uo=2,https://is1-ssl.mzstatic.com/image/thumb/Purple211/v4/5b/c7/6c/5bc76c43-f1dd-1dd9-3278-c878f77529ea/AppIcon-0-0-1x_U007emarketing-0-8-0-85-220.png/100x100bb.png,2026-06-30,jp,topgrossing,6014,游戏
8,658511662,モンスターストライク,"XFLAG, Inc.",https://apps.apple.com/jp/app/%E3%83%A2%E3%83%B3%E3%82%B9%E3%82%BF%E3%83%BC%E3%82%B9%E3%83%88%E3%83%A9%E3%82%A4%E3%82%AF/id658511662?uo=2,https://is1-ssl.mzstatic.com/image/thumb/Purple211/v4/b7/47/39/b7473943-c436-37e9-6b9c-100fa19feff6/AppIcon-0-0-1x_U007emarketing-0-9-0-85-220.png/100x100bb.png,2026-06-30,jp,topgrossing,6014,游戏
9,493470467,パズル＆ドラゴンズ,"GungHo Online Entertainment, Inc.",https://apps.apple.com/jp/app/%E3%83%91%E3%82%BA%E3%83%AB-%E3%83%89%E3%83%A9%E3%82%B4%E3%83%B3%E3%82%BA/id493470467?uo=2,https://is1-ssl.mzstatic.com/image/thumb/Purple211/v4/ca/88/05/ca880549-d75e-5b3d-321e-b111dbb2fcda/AppIcon-0-0-1x_U007emarketing-0-8-0-85-220.png/100x100bb.png,2026-06-30,jp,topgrossing,6014,游戏
10,6448786147,ラストウォー：サバイバル,FUNFLY PTE. LTD.,https://apps.apple.com/jp/app/%E3%83%A9%E3%82%B9%E3%83%88%E3%82%A6%E3%82%A9%E3%83%BC-%E3%82%B5%E3%83%90%E3%82%A4%E3%83%90%E3%83%AB/id6448786147?uo=2,https://is1-ssl.mzstatic.com/image/thumb/Purple211/v4/43/bb/21/43bb21ce-1039-f722-aa4b-b4fd93fb52c5/AppIcon-0-0-1x_U007emarketing-0-8-0-85-220.png/100x100bb.png,2026-06-30,jp,topgrossing,6014,游戏
11,951627670,ドラゴンボールZ ドッカンバトル,Bandai Namco Entertainment Inc.,https://apps.apple.com/jp/app/%E3%83%89%E3%83%A9%E3%82%B4%E3%83%B3%E3%83%9C%E3%83%BC%E3%83%ABz-%E3%83%89%E3%83%83%E3%82%AB%E3%83%B3%E3%83%90%E3%83%88%E3%83%AB/id951627670?uo=2,https://is1-ssl.mzstatic.com/image/thumb/Purple211/v4/56/aa/c5/56aac541-401c-9cec-d654-b08d1d2288ec/AppIcon-0-0-1x_U007emarketing-0-11-0-85-220.png/100x100bb.png,2026-06-30,jp,topgrossing,6014,游戏
12,547145938,にゃんこ大戦争,ponos corporation,https://apps.apple.com/jp/app/%E3%81%AB%E3%82%83%E3%82%93%E3%81%93%E5%A4%A7%E6%88%A6%E4%BA%89/id547145938?uo=2,https://is1-ssl.mzstatic.com/image/thumb/Purple211/v4/9b/1b/74/9b1b74bb-1beb-288d-b3d9-54bf69a1aeae/AppIcon-0-0-1x_U007epad-0-1-85-220.png/100x100bb.png,2026-06-30,jp,topgrossing,6014,游戏
13,6739554056,キングショット,Century Games Pte. Ltd.,https://apps.apple.com/jp/app/%E3%82%AD%E3%83%B3%E3%82%B0%E3%82%B7%E3%83%A7%E3%83%83%E3%83%88/id6739554056?uo=2,https://is1-ssl.mzstatic.com/image/thumb/Purple211/v4/ee/d2/22/eed22297-9313-d8b0-52c8-95f42a2795b2/AppIcon-0-0-1x_U007emarketing-0-8-0-85-220.png/100x100bb.png,2026-06-30,jp,topgrossing,6014,游戏
14,1623318294,ゴシップハーバー：マージ & ストーリー,Microfun Limited,https://apps.apple.com/jp/app/%E3%82%B4%E3%82%B7%E3%83%83%E3%83%97%E3%83%8F%E3%83%BC%E3%83%90%E3%83%BC-%E3%83%9E%E3%83%BC%E3%82%B8-%E3%82%B9%E3%83%88%E3%83%BC%E3%83%AA%E3%83%BC/id1623318294?uo=2,https://is1-ssl.mzstatic.com/image/thumb/Purple221/v4/d5/d7/02/d5d702dd-af54-09a5-21d1-ed6db319d310/AppIcon-0-0-1x_U007emarketing-0-8-0-85-220.png/100x100bb.png,2026-06-30,jp,topgrossing,6014,游戏
15,1482155847,ロイヤルマッチ（Royal Match),Dream Games,https://apps.apple.com/jp/app/%E3%83%AD%E3%82%A4%E3%83%A4%E3%83%AB%E3%83%9E%E3%83%83%E3%83%81-royal-match/id1482155847?uo=2,https://is1-ssl.mzstatic.com/image/thumb/Purple221/v4/50/3d/ab/503dabf4-c381-e224-5630-5b031703c08d/AppIcon-0-0-1x_U007emarketing-0-8-0-85-220.png/100x100bb.png,2026-06-30,jp,topgrossing,6014,游戏
16,1176027022,トゥーンブラスト,Peak Games,https://apps.apple.com/jp/app/%E3%83%88%E3%82%A5%E3%83%BC%E3%83%B3%E3%83%96%E3%83%A9%E3%82%B9%E3%83%88/id1176027022?uo=2,https://is1-ssl.mzstatic.com/image/thumb/Purple221/v4/7f/e6/49/7fe649cf-138a-a955-2cc7-562b57868077/AppIcon-0-0-1x_U007emarketing-0-8-0-85-220.png/100x100bb.png,2026-06-30,jp,topgrossing,6014,游戏
17,852882903,グランブルーファンタジー,"Cygames, Inc.",https://apps.apple.com/jp/app/%E3%82%B0%E3%83%A9%E3%83%B3%E3%83%96%E3%83%AB%E3%83%BC%E3%83%95%E3%82%A1%E3%83%B3%E3%82%BF%E3%82%B8%E3%83%BC/id852882903?uo=2,https://is1-ssl.mzstatic.com/image/thumb/Purple221/v4/f8/9e/5b/f89e5b49-d96a-0efd-9cb0-0b01072a634a/AppIcon-0-0-1x_U007ephone-0-1-0-85-220.png/100x100bb.png,2026-06-30,jp,topgrossing,6014,游戏
18,1517980891,パズル&サバイバル,"BUILDING-BLOCKS NETWORK TECHNOLOGY CO.,LIMITED",https://apps.apple.com/jp/app/%E3%83%91%E3%82%BA%E3%83%AB-%E3%82%B5%E3%83%90%E3%82%A4%E3%83%90%E3%83%AB/id1517980891?uo=2,https://is1-ssl.mzstatic.com/image/thumb/Purple221/v4/2a/5b/31/2a5b3155-fd77-1591-d2f9-055b01c0650b/AppIcon-0-0-1x_U007emarketing-0-8-0-85-220.png/100x100bb.png,2026-06-30,jp,topgrossing,6014,游戏
19,6746465127,セルサバイバー - シューティングゲーム,Snap Brain Games,https://apps.apple.com/jp/app/%E3%82%BB%E3%83%AB%E3%82%B5%E3%83%90%E3%82%A4%E3%83%90%E3%83%BC-%E3%82%B7%E3%83%A5%E3%83%BC%E3%83%86%E3%82%A3%E3%83%B3%E3%82%B0%E3%82%B2%E3%83%BC%E3%83%A0/id6746465127?uo=2,https://is1-ssl.mzstatic.com/image/thumb/Purple221/v4/be/92/db/be92db2e-841b-1479-854e-98f0ce2f28b1/AppIcon-0-0-1x_U007epad-0-1-85-220.png/100x100bb.png,2026-06-30,jp,topgrossing,6014,游戏
20,888615473,LINE ポコポコ：3マッチパズルゲーム,LINE Corporation,https://apps.apple.com/jp/app/line-%E3%83%9D%E3%82%B3%E3%83%9D%E3%82%B3-3%E3%83%9E%E3%83%83%E3%83%81%E3%83%91%E3%82%BA%E3%83%AB%E3%82%B2%E3%83%BC%E3%83%A0/id888615473?uo=2,https://is1-ssl.mzstatic.com/image/thumb/Purple221/v4/60/4f/c6/604fc673-9239-8b80-5888-a42ea6ade2f7/AppIcon-0-0-1x_U007emarketing-0-6-0-85-220.png/100x100bb.png,2026-06-30,jp,topgrossing,6014,游戏
21,1494428618,あんさんぶるスターズ！！Music,Happy Elements K.K,https://apps.apple.com/jp/app/%E3%81%82%E3%82%93%E3%81%95%E3%82%93%E3%81%B6%E3%82%8B%E3%82%B9%E3%82%BF%E3%83%BC%E3%82%BA-music/id1494428618?uo=2,https://is1-ssl.mzstatic.com/image/thumb/Purple221/v4/2e/46/d3/2e46d323-67d2-2af5-02e3-582965b4d595/AppIcon-0-0-1x_U007emarketing-0-8-0-85-220.png/100x100bb.png,2026-06-30,jp,topgrossing,6014,游戏
22,1489932710,プロジェクトセカイ カラフルステージ！ feat. 初音ミク,SEGA CORPORATION,https://apps.apple.com/jp/app/%E3%83%97%E3%83%AD%E3%82%B8%E3%82%A7%E3%82%AF%E3%83%88%E3%82%BB%E3%82%AB%E3%82%A4-%E3%82%AB%E3%83%A9%E3%83%95%E3%83%AB%E3%82%B9%E3%83%86%E3%83%BC%E3%82%B8-feat-%E5%88%9D%E9%9F%B3%E3%83%9F%E3%82%AF/id1489932710?uo=2,https://is1-ssl.mzstatic.com/image/thumb/Purple221/v4/50/06/fb/5006fbd6-e509-5de5-7a95-cc5f0b801796/AppIcon-0-0-1x_U007emarketing-0-8-0-85-220.png/100x100bb.png,2026-06-30,jp,topgrossing,6014,游戏
23,6756994116,イナズマイレブン クロス,Level-5 Inc.,https://apps.apple.com/jp/app/%E3%82%A4%E3%83%8A%E3%82%BA%E3%83%9E%E3%82%A4%E3%83%AC%E3%83%96%E3%83%B3-%E3%82%AF%E3%83%AD%E3%82%B9/id6756994116?uo=2,https://is1-ssl.mzstatic.com/image/thumb/Purple211/v4/3a/30/00/3a30004f-a152-fd0a-e700-bc6b6bea4b71/AppIcon-0-0-1x_U007emarketing-0-8-0-85-220.png/100x100bb.png,2026-06-30,jp,topgrossing,6014,游戏
24,1105855019,ガーデンスケイプ (Gardenscapes),Playrix,https://apps.apple.com/jp/app/%E3%82%AC%E3%83%BC%E3%83%87%E3%83%B3%E3%82%B9%E3%82%B1%E3%82%A4%E3%83%97-gardenscapes/id1105855019?uo=2,https://is1-ssl.mzstatic.com/image/thumb/Purple211/v4/54/9f/3a/549f3a53-96e5-8dfa-8639-ca30bf676cee/AppIcon-0-0-1x_U007emarketing-0-8-0-85-220.png/100x100bb.png,2026-06-30,jp,topgrossing,6014,游戏
25,1094591345,Pokémon GO,"Niantic, Inc.",https://apps.apple.com/jp/app/pok%C3%A9mon-go/id1094591345?uo=2,https://is1-ssl.mzstatic.com/image/thumb/Purple211/v4/c0/15/94/c01594df-94f1-fe64-141d-891e404a22ea/AppIcon-0-0-1x_U007emarketing-0-8-0-85-220.png/100x100bb.png,2026-06-30,jp,topgrossing,6014,游戏
26,1229016807,ブロスタ,Supercell,https://apps.apple.com/jp/app/%E3%83%96%E3%83%AD%E3%82%B9%E3%82%BF/id1229016807?uo=2,https://is1-ssl.mzstatic.com/image/thumb/Purple211/v4/a6/dc/a4/a6dca41e-7385-e8fb-cddf-dcb9751c1454/AppIcon-0-0-1x_U007epad-0-1-85-220.png/100x100bb.png,2026-06-30,jp,topgrossing,6014,游戏
27,6475757306,Disney Solitaire ディズニー ソリティア,SuperPlay,https://apps.apple.com/jp/app/disney-solitaire-%E3%83%87%E3%82%A3%E3%82%BA%E3%83%8B%E3%83%BC-%E3%82%BD%E3%83%AA%E3%83%86%E3%82%A3%E3%82%A2/id6475757306?uo=2,https://is1-ssl.mzstatic.com/image/thumb/Purple211/v4/86/76/5f/86765fea-b7f7-dcd0-6446-0dd01ca74367/AppIcon-0-0-1x_U007emarketing-0-8-0-85-220.png/100x100bb.png,2026-06-30,jp,topgrossing,6014,游戏
28,1585915174,勝利の女神：NIKKE,Level Infinite,https://apps.apple.com/jp/app/%E5%8B%9D%E5%88%A9%E3%81%AE%E5%A5%B3%E7%A5%9E-nikke/id1585915174?uo=2,https://is1-ssl.mzstatic.com/image/thumb/Purple221/v4/92/70/77/92707729-ee50-3103-9171-99436c9acfbd/AppIcon-0-0-1x_U007emarketing-0-8-0-85-220.png/100x100bb.png,2026-06-30,jp,topgrossing,6014,游戏
29,6503272652,ラストZ：サバイバルシューティング,Omnilojo Pte Ltd,https://apps.apple.com/jp/app/%E3%83%A9%E3%82%B9%E3%83%88z-%E3%82%B5%E3%83%90%E3%82%A4%E3%83%90%E3%83%AB%E3%82%B7%E3%83%A5%E3%83%BC%E3%83%86%E3%82%A3%E3%83%B3%E3%82%B0/id6503272652?uo=2,https://is1-ssl.mzstatic.com/image/thumb/Purple211/v4/29/9f/fc/299ffc1f-548c-0c0e-f4be-d60d23269358/AppIcon-0-0-1x_U007emarketing-0-8-0-85-220.png/100x100bb.png,2026-06-30,jp,topgrossing,6014,游戏
30,724594093,LINE：ディズニー ツムツム,LINE Corporation,https://apps.apple.com/jp/app/line-%E3%83%87%E3%82%A3%E3%82%BA%E3%83%8B%E3%83%BC-%E3%83%84%E3%83%A0%E3%83%84%E3%83%A0/id724594093?uo=2,https://is1-ssl.mzstatic.com/image/thumb/Purple221/v4/0f/79/98/0f799811-5778-7fca-fa61-434c388c31a3/AppIcon-1x_U007emarketing-0-8-0-85-220-0.jpeg/100x100bb.png,2026-06-30,jp,topgrossing,6014,游戏
31,1517783697,原神～空月の歌～,COGNOSPHERE PTE. LTD.,https://apps.apple.com/jp/app/%E5%8E%9F%E7%A5%9E-%E7%A9%BA%E6%9C%88%E3%81%AE%E6%AD%8C/id1517783697?uo=2,https://is1-ssl.mzstatic.com/image/thumb/Purple221/v4/df/69/1c/df691ca2-735f-4617-256d-a49202f8db1e/AppIcon-0-0-1x_U007epad-0-1-85-220.png/100x100bb.png,2026-06-30,jp,topgrossing,6014,游戏
32,1195621598,ホームスケイプ (Homescapes),Playrix,https://apps.apple.com/jp/app/%E3%83%9B%E3%83%BC%E3%83%A0%E3%82%B9%E3%82%B1%E3%82%A4%E3%83%97-homescapes/id1195621598?uo=2,https://is1-ssl.mzstatic.com/image/thumb/Purple211/v4/c8/ee/2a/c8ee2a9b-49f3-69b8-ca00-e57a83d2ca64/AppIcon-0-0-1x_U007emarketing-0-11-0-85-220.png/100x100bb.png,2026-06-30,jp,topgrossing,6014,游戏
33,1439417234,ドラゴンクエストウォーク 歩く楽しみが増える位置情報ゲーム,SQUARE ENIX,https://apps.apple.com/jp/app/%E3%83%89%E3%83%A9%E3%82%B4%E3%83%B3%E3%82%AF%E3%82%A8%E3%82%B9%E3%83%88%E3%82%A6%E3%82%A9%E3%83%BC%E3%82%AF-%E6%AD%A9%E3%81%8F%E6%A5%BD%E3%81%97%E3%81%BF%E3%81%8C%E5%A2%97%E3%81%88%E3%82%8B%E4%BD%8D%E7%BD%AE%E6%83%85%E5%A0%B1%E3%82%B2%E3%83%BC%E3%83%A0/id1439417234?uo=2,https://is1-ssl.mzstatic.com/image/thumb/Purple221/v4/79/84/c2/7984c24b-6f8b-b827-e06c-fe98addb0ac5/AppIcon-0-0-1x_U007emarketing-0-8-0-85-220.png/100x100bb.png,2026-06-30,jp,topgrossing,6014,游戏
34,6471045672,グルメ・ジャーニー,Century Games Pte. Ltd.,https://apps.apple.com/jp/app/%E3%82%B0%E3%83%AB%E3%83%A1-%E3%82%B8%E3%83%A3%E3%83%BC%E3%83%8B%E3%83%BC/id6471045672?uo=2,https://is1-ssl.mzstatic.com/image/thumb/Purple221/v4/cc/cc/f2/ccccf200-20e5-c0fa-68fc-2ea32d90371c/AppIcon-0-0-1x_U007emarketing-0-8-0-85-220.png/100x100bb.png,2026-06-30,jp,topgrossing,6014,游戏
35,1322310031,ONE PIECE バウンティラッシュ - アクションゲーム,Bandai Namco Entertainment Inc.,https://apps.apple.com/jp/app/one-piece-%E3%83%90%E3%82%A6%E3%83%B3%E3%83%86%E3%82%A3%E3%83%A9%E3%83%83%E3%82%B7%E3%83%A5-%E3%82%A2%E3%82%AF%E3%82%B7%E3%83%A7%E3%83%B3%E3%82%B2%E3%83%BC%E3%83%A0/id1322310031?uo=2,https://is1-ssl.mzstatic.com/image/thumb/Purple221/v4/3c/84/28/3c842822-5d0e-cf3e-e0d6-8c484a02a196/AppIcon-0-0-1x_U007emarketing-0-8-0-85-220.png/100x100bb.png,2026-06-30,jp,topgrossing,6014,游戏
36,1273064549,eFootball™ウイコレ CHAMPION SQUADS,KONAMI,https://apps.apple.com/jp/app/efootball-%E3%82%A6%E3%82%A4%E3%82%B3%E3%83%AC-champion-squads/id1273064549?uo=2,https://is1-ssl.mzstatic.com/image/thumb/Purple211/v4/b4/47/8d/b4478d38-e143-1246-c94c-e3831a391c9b/AppIcon-0-0-1x_U007emarketing-0-8-0-85-220.png/100x100bb.png,2026-06-30,jp,topgrossing,6014,游戏
37,638689075,タウンシップ (Township),Playrix,https://apps.apple.com/jp/app/%E3%82%BF%E3%82%A6%E3%83%B3%E3%82%B7%E3%83%83%E3%83%97-township/id638689075?uo=2,https://is1-ssl.mzstatic.com/image/thumb/Purple211/v4/f3/d3/ab/f3d3abe7-ac2f-d4a3-1683-0873d183913e/AppIcon-0-0-1x_U007emarketing-0-11-0-85-220.png/100x100bb.png,2026-06-30,jp,topgrossing,6014,游戏
38,6446659989,学園アイドルマスター,Bandai Namco Entertainment Inc.,https://apps.apple.com/jp/app/%E5%AD%A6%E5%9C%92%E3%82%A2%E3%82%A4%E3%83%89%E3%83%AB%E3%83%9E%E3%82%B9%E3%82%BF%E3%83%BC/id6446659989?uo=2,https://is1-ssl.mzstatic.com/image/thumb/Purple221/v4/06/8f/88/068f880b-276d-0c28-b885-b3aea532b477/AppIcon-0-0-1x_U007emarketing-0-8-0-85-220.png/100x100bb.png,2026-06-30,jp,topgrossing,6014,游戏
39,852912420,サマナーズウォー: Sky Arena,Com2uS Corp.,https://apps.apple.com/jp/app/%E3%82%B5%E3%83%9E%E3%83%8A%E3%83%BC%E3%82%BA%E3%82%A6%E3%82%A9%E3%83%BC-sky-arena/id852912420?uo=2,https://is1-ssl.mzstatic.com/image/thumb/Purple211/v4/c8/fc/a5/c8fca5d1-b667-5b1b-185d-c1e38ab9c74e/AppIcon-0-0-1x_U007emarketing-0-11-0-85-220.png/100x100bb.png,2026-06-30,jp,topgrossing,6014,游戏
40,1469186379,雀魂 -じゃんたま-,"Yostar, Inc.",https://apps.apple.com/jp/app/%E9%9B%80%E9%AD%82-%E3%81%98%E3%82%83%E3%82%93%E3%81%9F%E3%81%BE/id1469186379?uo=2,https://is1-ssl.mzstatic.com/image/thumb/Purple221/v4/ca/52/7c/ca527cf2-97d0-5b57-5d7c-3ba1dcccc2a5/AppIcon-0-0-1x_U007emarketing-0-8-0-85-220.png/100x100bb.png,2026-06-30,jp,topgrossing,6014,游戏
41,824116884,ONE PIECE トレジャークルーズ,Bandai Namco Entertainment Inc.,https://apps.apple.com/jp/app/one-piece-%E3%83%88%E3%83%AC%E3%82%B8%E3%83%A3%E3%83%BC%E3%82%AF%E3%83%AB%E3%83%BC%E3%82%BA/id824116884?uo=2,https://is1-ssl.mzstatic.com/image/thumb/Purple221/v4/49/58/15/495815c1-1b5c-9f15-02fa-28749b801326/AppIcon-0-0-1x_U007emarketing-0-8-0-85-220.png/100x100bb.png,2026-06-30,jp,topgrossing,6014,游戏
42,6450953550,トップヒーローズ: キングダムサーガ,River Game HK Limited,https://apps.apple.com/jp/app/%E3%83%88%E3%83%83%E3%83%97%E3%83%92%E3%83%BC%E3%83%AD%E3%83%BC%E3%82%BA-%E3%82%AD%E3%83%B3%E3%82%B0%E3%83%80%E3%83%A0%E3%82%B5%E3%83%BC%E3%82%AC/id6450953550?uo=2,https://is1-ssl.mzstatic.com/image/thumb/Purple221/v4/2d/a5/2d/2da52d46-d957-096f-1bfe-a3550ad94b26/AppIcon-0-0-1x_U007emarketing-0-8-0-85-220.png/100x100bb.png,2026-06-30,jp,topgrossing,6014,游戏
43,1524742294,三國志 真戦,Qookka Games,https://apps.apple.com/jp/app/%E4%B8%89%E5%9C%8B%E5%BF%97-%E7%9C%9F%E6%88%A6/id1524742294?uo=2,https://is1-ssl.mzstatic.com/image/thumb/Purple221/v4/03/2c/9b/032c9bef-54ea-2a3c-d985-d3d95816fe89/AppIcon-jp-1x_U007emarketing-0-8-0-85-220-0.png/100x100bb.png,2026-06-30,jp,topgrossing,6014,游戏
44,1376515087,Age of Origins---ゾンビ・末日戦記,"Hong Kong Ke Mo software Co., Limited",https://apps.apple.com/jp/app/age-of-origins-%E3%82%BE%E3%83%B3%E3%83%93-%E6%9C%AB%E6%97%A5%E6%88%A6%E8%A8%98/id1376515087?uo=2,https://is1-ssl.mzstatic.com/image/thumb/Purple221/v4/2c/a4/7c/2ca47cc0-995c-4e21-8fe6-3984c688c5a8/AppIcon-0-0-1x_U007emarketing-0-8-0-85-220.png/100x100bb.png,2026-06-30,jp,topgrossing,6014,游戏
45,1551798277,呪術廻戦 ファントムパレード,Sumzap Inc.,https://apps.apple.com/jp/app/%E5%91%AA%E8%A1%93%E5%BB%BB%E6%88%A6-%E3%83%95%E3%82%A1%E3%83%B3%E3%83%88%E3%83%A0%E3%83%91%E3%83%AC%E3%83%BC%E3%83%89/id1551798277?uo=2,https://is1-ssl.mzstatic.com/image/thumb/Purple221/v4/6c/14/33/6c143324-552f-2df0-026b-3ff12456b232/AppIcon-0-0-1x_U007emarketing-0-8-0-85-220.png/100x100bb.png,2026-06-30,jp,topgrossing,6014,游戏
46,1164400646,#コンパス【戦闘摂理解析システム】,NHN PlayArt 株式会社,https://apps.apple.com/jp/app/%E3%82%B3%E3%83%B3%E3%83%91%E3%82%B9-%E6%88%A6%E9%97%98%E6%91%82%E7%90%86%E8%A7%A3%E6%9E%90%E3%82%B7%E3%82%B9%E3%83%86%E3%83%A0/id1164400646?uo=2,https://is1-ssl.mzstatic.com/image/thumb/Purple221/v4/ce/1e/28/ce1e28c7-6fa8-4884-6157-c96a6012d6c4/AppIcon-1x_U007emarketing-0-8-0-85-220-0.png/100x100bb.png,2026-06-30,jp,topgrossing,6014,游戏
47,6445906110,モンスターハンターNow,"Niantic, Inc.",https://apps.apple.com/jp/app/%E3%83%A2%E3%83%B3%E3%82%B9%E3%82%BF%E3%83%BC%E3%83%8F%E3%83%B3%E3%82%BF%E3%83%BCnow/id6445906110?uo=2,https://is1-ssl.mzstatic.com/image/thumb/Purple211/v4/fc/e7/8d/fce78d31-42fc-eeab-77a5-4f43328c9376/AppIcon-0-0-1x_U007emarketing-0-6-0-85-220.png/100x100bb.png,2026-06-30,jp,topgrossing,6014,游戏
48,1268959718,七つの大罪 光と闇の交戦 : グラクロ,Netmarble Corporation,https://apps.apple.com/jp/app/%E4%B8%83%E3%81%A4%E3%81%AE%E5%A4%A7%E7%BD%AA-%E5%85%89%E3%81%A8%E9%97%87%E3%81%AE%E4%BA%A4%E6%88%A6-%E3%82%B0%E3%83%A9%E3%82%AF%E3%83%AD/id1268959718?uo=2,https://is1-ssl.mzstatic.com/image/thumb/Purple221/v4/ac/e0/43/ace04379-3557-2f16-4960-f19516efa302/AppIcon-1x_U007emarketing-0-8-0-85-220-0.png/100x100bb.png,2026-06-30,jp,topgrossing,6014,游戏
49,1453840513,東京ディバンカー,ZigZaGame Inc.,https://apps.apple.com/jp/app/%E6%9D%B1%E4%BA%AC%E3%83%87%E3%82%A3%E3%83%90%E3%83%B3%E3%82%AB%E3%83%BC/id1453840513?uo=2,https://is1-ssl.mzstatic.com/image/thumb/Purple211/v4/01/27/34/0127346e-4ced-593d-4a25-708e90d72a64/AppIcon-0-0-1x_U007emarketing-0-8-0-85-220.png/100x100bb.png,2026-06-30,jp,topgrossing,6014,游戏
50,1619722298,信長の野望 覇道,"KOEI TECMO GAMES CO., LTD.",https://apps.apple.com/jp/app/%E4%BF%A1%E9%95%B7%E3%81%AE%E9%87%8E%E6%9C%9B-%E8%A6%87%E9%81%93/id1619722298?uo=2,https://is1-ssl.mzstatic.com/image/thumb/Purple221/v4/84/0d/1f/840d1f40-9687-7c64-475a-1fb6dcb8bdbb/AppIcon-0-0-1x_U007emarketing-0-8-0-85-220.png/100x100bb.png,2026-06-30,jp,topgrossing,6014,游戏
1,6748950306,ソリティア - ワードゲーム,Hitapps Games LTD,https://apps.apple.com/jp/app/%E3%82%BD%E3%83%AA%E3%83%86%E3%82%A3%E3%82%A2-%E3%83%AF%E3%83%BC%E3%83%89%E3%82%B2%E3%83%BC%E3%83%A0/id6748950306?uo=2,https://is1-ssl.mzstatic.com/image/thumb/Purple221/v4/40/a7/d8/40a7d82f-e64f-e659-2616-19712300466a/AppIcon-0-0-1x_U007emarketing-0-8-0-85-220.png/100x100bb.png,2026-06-30,jp,topgrossing,7019,文字
2,1529068001,ウズ - マーダーミステリーアプリ,"Sally, inc.",https://apps.apple.com/jp/app/%E3%82%A6%E3%82%BA-%E3%83%9E%E3%83%BC%E3%83%80%E3%83%BC%E3%83%9F%E3%82%B9%E3%83%86%E3%83%AA%E3%83%BC%E3%82%A2%E3%83%97%E3%83%AA/id1529068001?uo=2,https://is1-ssl.mzstatic.com/image/thumb/Purple221/v4/08/a7/76/08a77649-0268-a1d9-59dd-5d82871b8925/AppIcon-prd-1x_U007emarketing-0-11-0-85-220-0.png/100x100bb.png,2026-06-30,jp,topgrossing,7019,文字
3,1044039663,みんなで早押しクイズ,"Q ONE, Inc.",https://apps.apple.com/jp/app/%E3%81%BF%E3%82%93%E3%81%AA%E3%81%A7%E6%97%A9%E6%8A%BC%E3%81%97%E3%82%AF%E3%82%A4%E3%82%BA/id1044039663?uo=2,https://is1-ssl.mzstatic.com/image/thumb/Purple221/v4/62/24/9a/62249a6c-8a24-6d93-627c-308ecb435e20/AppIcon-2-1x_U007epad-0-1-0-85-220-0.png/100x100bb.png,2026-06-30,jp,topgrossing,7019,文字
4,6532601126,That’s My Seat – 論理パズル,ROOFTOP GAMES OYUN TEKNOLOJILERI ANONIM SIRKETI,https://apps.apple.com/jp/app/thats-my-seat-%E8%AB%96%E7%90%86%E3%83%91%E3%82%BA%E3%83%AB/id6532601126?uo=2,https://is1-ssl.mzstatic.com/image/thumb/Purple211/v4/4f/88/fd/4f88fd1f-bcba-2ac7-7ef8-ebaf53eca4c5/AppIcon-0-0-1x_U007emarketing-0-8-0-85-220.png/100x100bb.png,2026-06-30,jp,topgrossing,7019,文字
5,805477882,英語学習ゲーム （英語物語）TOEIC文法や英検®単語に対応,"FreCre, Inc.",https://apps.apple.com/jp/app/%E8%8B%B1%E8%AA%9E%E5%AD%A6%E7%BF%92%E3%82%B2%E3%83%BC%E3%83%A0-%E8%8B%B1%E8%AA%9E%E7%89%A9%E8%AA%9E-toeic%E6%96%87%E6%B3%95%E3%82%84%E8%8B%B1%E6%A4%9C-%E5%8D%98%E8%AA%9E%E3%81%AB%E5%AF%BE%E5%BF%9C/id805477882?uo=2,https://is1-ssl.mzstatic.com/image/thumb/Purple211/v4/d3/df/68/d3df681c-6a20-57a4-b430-58f8c8faef50/AppIcon-0-0-1x_U007emarketing-0-8-0-85-220.png/100x100bb.png,2026-06-30,jp,topgrossing,7019,文字
6,1565310917,たんクラ - 単語クラッシュ：言葉消し単語パズルゲーム,OAK TECHNOLOGY LIMITED,https://apps.apple.com/jp/app/%E3%81%9F%E3%82%93%E3%82%AF%E3%83%A9-%E5%8D%98%E8%AA%9E%E3%82%AF%E3%83%A9%E3%83%83%E3%82%B7%E3%83%A5-%E8%A8%80%E8%91%89%E6%B6%88%E3%81%97%E5%8D%98%E8%AA%9E%E3%83%91%E3%82%BA%E3%83%AB%E3%82%B2%E3%83%BC%E3%83%A0/id1565310917?uo=2,https://is1-ssl.mzstatic.com/image/thumb/Purple221/v4/2a/83/c5/2a83c5fa-9f81-4d3b-31f0-bdb5c9549d07/AppIcon-1x_U007emarketing-0-11-0-0-85-220-0.png/100x100bb.png,2026-06-30,jp,topgrossing,7019,文字
7,6759077038,Profile Perfect,Lion Studios Plus,https://apps.apple.com/jp/app/profile-perfect/id6759077038?uo=2,https://is1-ssl.mzstatic.com/image/thumb/Purple221/v4/9d/7a/c9/9d7ac98c-2b27-aa66-3621-6bc76e1574fe/AppIcon-0-0-1x_U007emarketing-0-8-0-85-220.png/100x100bb.png,2026-06-30,jp,topgrossing,7019,文字
8,6754839783,Bubble Word Jam,Lion Studios Plus,https://apps.apple.com/jp/app/bubble-word-jam/id6754839783?uo=2,https://is1-ssl.mzstatic.com/image/thumb/Purple221/v4/cf/a2/de/cfa2de64-164c-e3cf-1e2f-f2182d085439/AppIcon-0-0-1x_U007emarketing-0-8-0-85-220.png/100x100bb.png,2026-06-30,jp,topgrossing,7019,文字
9,1546228874,IQテスト 毎日 脳トレ LEVO,Pawel Kieczko,https://apps.apple.com/jp/app/iq%E3%83%86%E3%82%B9%E3%83%88-%E6%AF%8E%E6%97%A5-%E8%84%B3%E3%83%88%E3%83%AC-levo/id1546228874?uo=2,https://is1-ssl.mzstatic.com/image/thumb/Purple211/v4/bc/de/ac/bcdeac7f-fcec-7b14-feb2-e5b6246f8bc1/AppIconDarkGreenGlow-0-0-1x_U007ephone-0-0-0-1-0-0-85-220.png/100x100bb.png,2026-06-30,jp,topgrossing,7019,文字
10,6755815731,Word Screw: ワードパズルゲーム,Astrasen Global,https://apps.apple.com/jp/app/word-screw-%E3%83%AF%E3%83%BC%E3%83%89%E3%83%91%E3%82%BA%E3%83%AB%E3%82%B2%E3%83%BC%E3%83%A0/id6755815731?uo=2,https://is1-ssl.mzstatic.com/image/thumb/Purple221/v4/dd/cf/e2/ddcfe2e2-2d90-a005-ab05-c4e2295b7e88/AppIcon-0-0-1x_U007epad-0-1-85-220.png/100x100bb.png,2026-06-30,jp,topgrossing,7019,文字
11,307569751,NYT Games: Wordle & Crossword,The New York Times Company,https://apps.apple.com/jp/app/nyt-games-wordle-crossword/id307569751?uo=2,https://is1-ssl.mzstatic.com/image/thumb/Purple221/v4/6f/c6/d8/6fc6d80b-80f1-e130-f877-ddf0de04652a/Release-0-0-1x_U007epad-0-1-0-sRGB-0-85-220.png/100x100bb.png,2026-06-30,jp,topgrossing,7019,文字
12,6449149386,いもうとーく | 妹AIチャットアプリ,Keisuke Yoshida,https://apps.apple.com/jp/app/%E3%81%84%E3%82%82%E3%81%86%E3%81%A8%E3%83%BC%E3%81%8F-%E5%A6%B9ai%E3%83%81%E3%83%A3%E3%83%83%E3%83%88%E3%82%A2%E3%83%97%E3%83%AA/id6449149386?uo=2,https://is1-ssl.mzstatic.com/image/thumb/Purple221/v4/bf/27/21/bf2721cf-91e6-08a4-f5e3-d3c7e653528f/AppIcon-1x_U007emarketing-0-8-0-85-220-0.png/100x100bb.png,2026-06-30,jp,topgrossing,7019,文字
13,6759824620,この男、たくやという,"Durian Studio Co., Limited",https://apps.apple.com/jp/app/%E3%81%93%E3%81%AE%E7%94%B7-%E3%81%9F%E3%81%8F%E3%82%84%E3%81%A8%E3%81%84%E3%81%86/id6759824620?uo=2,https://is1-ssl.mzstatic.com/image/thumb/Purple211/v4/fa/59/b8/fa59b8e7-f13d-7a4e-0297-00e5e186dbe8/AppIcon-0-0-1x_U007emarketing-0-7-0-85-220.png/100x100bb.png,2026-06-30,jp,topgrossing,7019,文字
14,6499306754,Code Busters: Word Puzzle Game,Smartronic,https://apps.apple.com/jp/app/code-busters-word-puzzle-game/id6499306754?uo=2,https://is1-ssl.mzstatic.com/image/thumb/Purple221/v4/8c/18/0f/8c180f7d-9367-14c2-dfb5-6b3c7fd4d474/AppIcon-0-0-1x_U007emarketing-0-11-0-85-220.png/100x100bb.png,2026-06-30,jp,topgrossing,7019,文字
15,1226926872,Word Connect ¤,ZenLife Games Pte. Ltd.,https://apps.apple.com/jp/app/word-connect-%C2%A4/id1226926872?uo=2,https://is1-ssl.mzstatic.com/image/thumb/Purple221/v4/55/07/42/5507420d-ef1f-56ca-517c-1e678fbb3270/AppIcon-1x_U007emarketing-0-14-0-85-220-0.png/100x100bb.png,2026-06-30,jp,topgrossing,7019,文字
16,6749012623,Impostor Game — Fakeit,smak apps,https://apps.apple.com/jp/app/impostor-game-fakeit/id6749012623?uo=2,https://is1-ssl.mzstatic.com/image/thumb/Purple221/v4/69/5c/3a/695c3aa2-51a1-0969-4640-d29028de2bae/AppIcon-0-0-1x_U007epad-0-1-85-220.png/100x100bb.png,2026-06-30,jp,topgrossing,7019,文字
17,1453837845,Charades - Family & Party Game,Dmytro Cheverda,https://apps.apple.com/jp/app/charades-family-party-game/id1453837845?uo=2,https://is1-ssl.mzstatic.com/image/thumb/Purple221/v4/63/9e/69/639e6952-1342-2d2d-da79-5375571e2e46/AppIcon-0-0-1x_U007epad-0-1-85-220.png/100x100bb.png,2026-06-30,jp,topgrossing,7019,文字
18,1563168194,真実か挑戦か パーティーゲーム スパイシー 18+,Snash UG (haftungsbeschraenkt),https://apps.apple.com/jp/app/%E7%9C%9F%E5%AE%9F%E3%81%8B%E6%8C%91%E6%88%A6%E3%81%8B-%E3%83%91%E3%83%BC%E3%83%86%E3%82%A3%E3%83%BC%E3%82%B2%E3%83%BC%E3%83%A0-%E3%82%B9%E3%83%91%E3%82%A4%E3%82%B7%E3%83%BC-18/id1563168194?uo=2,https://is1-ssl.mzstatic.com/image/thumb/Purple211/v4/fb/8f/d2/fb8fd267-f43e-3af9-f85a-417d29db7b5e/AppIcon-0-0-1x_U007emarketing-0-7-0-85-220.png/100x100bb.png,2026-06-30,jp,topgrossing,7019,文字
19,6692629257,言葉つなぎ - つなげる言葉パズル,Hitapps Games LTD,https://apps.apple.com/jp/app/%E8%A8%80%E8%91%89%E3%81%A4%E3%81%AA%E3%81%8E-%E3%81%A4%E3%81%AA%E3%81%92%E3%82%8B%E8%A8%80%E8%91%89%E3%83%91%E3%82%BA%E3%83%AB/id6692629257?uo=2,https://is1-ssl.mzstatic.com/image/thumb/Purple211/v4/28/d5/f4/28d5f425-8daa-3408-1792-c75b050774cb/AppIcon-0-0-1x_U007emarketing-0-8-0-85-220.png/100x100bb.png,2026-06-30,jp,topgrossing,7019,文字
20,1526842079,Brain Who? 難解な謎テスト,Teos Oyun,https://apps.apple.com/jp/app/brain-who-%E9%9B%A3%E8%A7%A3%E3%81%AA%E8%AC%8E%E3%83%86%E3%82%B9%E3%83%88/id1526842079?uo=2,https://is1-ssl.mzstatic.com/image/thumb/Purple221/v4/74/bb/c1/74bbc196-9dba-dca1-1e26-63ac757ffa0d/AppIcon-0-0-1x_U007emarketing-0-8-0-85-220.png/100x100bb.png,2026-06-30,jp,topgrossing,7019,文字
21,1253897806,単語パズル-文字つなぎゲーム,ZenLife Games Pte. Ltd.,https://apps.apple.com/jp/app/%E5%8D%98%E8%AA%9E%E3%83%91%E3%82%BA%E3%83%AB-%E6%96%87%E5%AD%97%E3%81%A4%E3%81%AA%E3%81%8E%E3%82%B2%E3%83%BC%E3%83%A0/id1253897806?uo=2,https://is1-ssl.mzstatic.com/image/thumb/Purple221/v4/ae/41/86/ae41863e-c6ec-297e-04be-3af745eb5cd4/AppIcon-1x_U007emarketing-0-11-0-85-220-0.png/100x100bb.png,2026-06-30,jp,topgrossing,7019,文字
22,1369521645,Words of Wonders: 世界パズル＆クロスワード,FUGO BILISIM TEKNOLOJILERI VE YAZILIM TICARET ANONIM SIRKETI,https://apps.apple.com/jp/app/words-of-wonders-%E4%B8%96%E7%95%8C%E3%83%91%E3%82%BA%E3%83%AB-%E3%82%AF%E3%83%AD%E3%82%B9%E3%83%AF%E3%83%BC%E3%83%89/id1369521645?uo=2,https://is1-ssl.mzstatic.com/image/thumb/Purple221/v4/c6/2d/aa/c62daa46-5af1-a339-9580-f239755bf983/AppIcon-0-0-1x_U007emarketing-0-8-0-85-220.png/100x100bb.png,2026-06-30,jp,topgrossing,7019,文字
23,6759088044,Word Solitaire: Match & Play,UNICO STUDIO,https://apps.apple.com/jp/app/word-solitaire-match-play/id6759088044?uo=2,https://is1-ssl.mzstatic.com/image/thumb/Purple221/v4/08/da/6b/08da6b1f-c401-f640-89ad-377fba81321b/AppIcon-0-0-1x_U007emarketing-0-8-0-85-220.png/100x100bb.png,2026-06-30,jp,topgrossing,7019,文字
24,6756910716,Word Match: Card Solitaire,"LE TECH CO.,LIMITED",https://apps.apple.com/jp/app/word-match-card-solitaire/id6756910716?uo=2,https://is1-ssl.mzstatic.com/image/thumb/Purple221/v4/58/3f/92/583f92e0-bd35-dbd6-3c03-6969ee5c4250/AppIcon-0-0-1x_U007epad-0-11-0-85-220.png/100x100bb.png,2026-06-30,jp,topgrossing,7019,文字
25,6737493432,你的江湖,HONGKONG XISHENG LIMITED,https://apps.apple.com/jp/app/%E4%BD%A0%E7%9A%84%E6%B1%9F%E6%B9%96/id6737493432?uo=2,https://is1-ssl.mzstatic.com/image/thumb/Purple221/v4/aa/68/72/aa687214-ce5a-8147-a387-61a954500231/AppIcon-0-0-1x_U007epad-0-1-85-220.png/100x100bb.png,2026-06-30,jp,topgrossing,7019,文字
26,1580064408,Riddle Test: 頭の体操ゲーム,Kidding Box,https://apps.apple.com/jp/app/riddle-test-%E9%A0%AD%E3%81%AE%E4%BD%93%E6%93%8D%E3%82%B2%E3%83%BC%E3%83%A0/id1580064408?uo=2,https://is1-ssl.mzstatic.com/image/thumb/Purple211/v4/72/96/b2/7296b255-1db5-faa1-644f-43967cb7c5cd/AppIcon-0-0-1x_U007emarketing-0-8-0-85-220.png/100x100bb.png,2026-06-30,jp,topgrossing,7019,文字
27,6753799160,Word Solitaire Now!,Arrowise Studio,https://apps.apple.com/jp/app/word-solitaire-now/id6753799160?uo=2,https://is1-ssl.mzstatic.com/image/thumb/Purple211/v4/61/ce/9d/61ce9de8-696c-459f-7d6c-f1441aafeba3/AppIcon-0-0-1x_U007epad-0-11-0-85-220.png/100x100bb.png,2026-06-30,jp,topgrossing,7019,文字
28,6749696890,Associations - Colorwood ゲーム,Burny Games,https://apps.apple.com/jp/app/associations-colorwood-%E3%82%B2%E3%83%BC%E3%83%A0/id6749696890?uo=2,https://is1-ssl.mzstatic.com/image/thumb/Purple211/v4/58/4c/9c/584c9c66-64ea-bcc0-c66e-3f2064035fc3/AppIcon-0-0-1x_U007emarketing-0-8-0-85-220.png/100x100bb.png,2026-06-30,jp,topgrossing,7019,文字
29,1321357169,侠客の天下,Dust Gaming,https://apps.apple.com/jp/app/%E4%BE%A0%E5%AE%A2%E3%81%AE%E5%A4%A9%E4%B8%8B/id1321357169?uo=2,https://is1-ssl.mzstatic.com/image/thumb/Purple211/v4/a8/38/1b/a8381b90-1e36-a153-9c80-b5bf710b21dc/AppIcon-1x_U007emarketing-0-8-0-0-85-220-0.png/100x100bb.png,2026-06-30,jp,topgrossing,7019,文字
30,1660171117,Zen Word® - Relax Puzzle Game,Oakever Games,https://apps.apple.com/jp/app/zen-word-relax-puzzle-game/id1660171117?uo=2,https://is1-ssl.mzstatic.com/image/thumb/Purple221/v4/ed/51/84/ed51840c-7bfd-d698-9743-10b3fa693da3/AppIcon-0-0-1x_U007emarketing-0-8-0-85-220.png/100x100bb.png,2026-06-30,jp,topgrossing,7019,文字
31,1312662205,ワードシティ: 単語をつなげるゲーム,UNICO GAMES BILISIM LIMITED SIRKETI,https://apps.apple.com/jp/app/%E3%83%AF%E3%83%BC%E3%83%89%E3%82%B7%E3%83%86%E3%82%A3-%E5%8D%98%E8%AA%9E%E3%82%92%E3%81%A4%E3%81%AA%E3%81%92%E3%82%8B%E3%82%B2%E3%83%BC%E3%83%A0/id1312662205?uo=2,https://is1-ssl.mzstatic.com/image/thumb/Purple221/v4/96/2b/20/962b20de-24b6-f07d-c54d-2b0c482a9ebf/AppIcon-0-0-1x_U007emarketing-0-8-0-85-220.png/100x100bb.png,2026-06-30,jp,topgrossing,7019,文字
32,1207472156,ワードスケープス (Wordscapes),"PeopleFun, Inc.",https://apps.apple.com/jp/app/%E3%83%AF%E3%83%BC%E3%83%89%E3%82%B9%E3%82%B1%E3%83%BC%E3%83%97%E3%82%B9-wordscapes/id1207472156?uo=2,https://is1-ssl.mzstatic.com/image/thumb/Purple221/v4/5d/1c/d5/5d1cd573-f1be-43ba-270a-6c0cca56074d/AppIcon-0-0-1x_U007emarketing-0-8-0-85-220.png/100x100bb.png,2026-06-30,jp,topgrossing,7019,文字
33,1644099880,Cryptogram: 暗号文 単語 検索 パズル ゲーム,Joyteractive,https://apps.apple.com/jp/app/cryptogram-%E6%9A%97%E5%8F%B7%E6%96%87-%E5%8D%98%E8%AA%9E-%E6%A4%9C%E7%B4%A2-%E3%83%91%E3%82%BA%E3%83%AB-%E3%82%B2%E3%83%BC%E3%83%A0/id1644099880?uo=2,https://is1-ssl.mzstatic.com/image/thumb/Purple221/v4/c8/54/e8/c854e876-1d68-4ec6-122a-a55731f7a067/AppIcon-0-0-1x_U007emarketing-0-8-0-85-220.png/100x100bb.png,2026-06-30,jp,topgrossing,7019,文字
34,6443831605,ザ・ケース・オブ ザ・ゴールデン・アイドル,Playstack Ltd,https://apps.apple.com/jp/app/%E3%82%B6-%E3%82%B1%E3%83%BC%E3%82%B9-%E3%82%AA%E3%83%96-%E3%82%B6-%E3%82%B4%E3%83%BC%E3%83%AB%E3%83%87%E3%83%B3-%E3%82%A2%E3%82%A4%E3%83%89%E3%83%AB/id6443831605?uo=2,https://is1-ssl.mzstatic.com/image/thumb/Purple221/v4/70/2e/33/702e3305-30cd-f352-0fab-1ea0aa38e039/AppIcon-0-0-1x_U007emarketing-0-8-0-85-220.png/100x100bb.png,2026-06-30,jp,topgrossing,7019,文字
35,6692628814,コトバサプリ(コトサプ),Ghoonuts Inc.,https://apps.apple.com/jp/app/%E3%82%B3%E3%83%88%E3%83%90%E3%82%B5%E3%83%97%E3%83%AA-%E3%82%B3%E3%83%88%E3%82%B5%E3%83%97/id6692628814?uo=2,https://is1-ssl.mzstatic.com/image/thumb/Purple211/v4/76/6d/38/766d38c8-2683-ff81-5c48-f37a0cd8a4d4/AppIcon-0-0-1x_U007emarketing-0-8-0-85-220.png/100x100bb.png,2026-06-30,jp,topgrossing,7019,文字
36,1602963706,宝くじ1等の確率,Ryosuke Nakamura,https://apps.apple.com/jp/app/%E5%AE%9D%E3%81%8F%E3%81%981%E7%AD%89%E3%81%AE%E7%A2%BA%E7%8E%87/id1602963706?uo=2,https://is1-ssl.mzstatic.com/image/thumb/Purple221/v4/0f/75/f1/0f75f100-4e3a-1d95-caa4-73832386cc17/AppIcon-0-0-1x_U007emarketing-0-8-0-P3-85-220.png/100x100bb.png,2026-06-30,jp,topgrossing,7019,文字
37,6738670095,あたまおしりゲーム,G-MODE Corporation,https://apps.apple.com/jp/app/%E3%81%82%E3%81%9F%E3%81%BE%E3%81%8A%E3%81%97%E3%82%8A%E3%82%B2%E3%83%BC%E3%83%A0/id6738670095?uo=2,https://is1-ssl.mzstatic.com/image/thumb/Purple221/v4/cd/4e/a3/cd4ea35b-9de7-ff56-59c9-2649a07564c3/AppIcon-0-0-1x_U007emarketing-0-8-0-85-220.png/100x100bb.png,2026-06-30,jp,topgrossing,7019,文字
38,6760352189,大喜利茶屋,RamuCode Inc.,https://apps.apple.com/jp/app/%E5%A4%A7%E5%96%9C%E5%88%A9%E8%8C%B6%E5%B1%8B/id6760352189?uo=2,https://is1-ssl.mzstatic.com/image/thumb/Purple211/v4/aa/43/d4/aa43d45e-9d78-00b2-f256-1490200d4826/AppIcon-1x_U007emarketing-0-11-0-85-220-0.png/100x100bb.png,2026-06-30,jp,topgrossing,7019,文字
39,6749684876,アルキオネ：化学パズル,Boil Studio Inc.,https://apps.apple.com/jp/app/%E3%82%A2%E3%83%AB%E3%82%AD%E3%82%AA%E3%83%8D-%E5%8C%96%E5%AD%A6%E3%83%91%E3%82%BA%E3%83%AB/id6749684876?uo=2,https://is1-ssl.mzstatic.com/image/thumb/Purple211/v4/00/41/ac/0041ac0e-42e0-bf28-3ff4-1520ccfd6127/AppIcon-0-0-1x_U007emarketing-0-8-0-85-220.png/100x100bb.png,2026-06-30,jp,topgrossing,7019,文字
40,1554440792,Hit＆Blowオンライン（ヒットアンドブロー）,Amateral Inc.,https://apps.apple.com/jp/app/hit-blow%E3%82%AA%E3%83%B3%E3%83%A9%E3%82%A4%E3%83%B3-%E3%83%92%E3%83%83%E3%83%88%E3%82%A2%E3%83%B3%E3%83%89%E3%83%96%E3%83%AD%E3%83%BC/id1554440792?uo=2,https://is1-ssl.mzstatic.com/image/thumb/Purple221/v4/30/88/d5/3088d549-bc2e-cc0d-a904-1970213967ad/AppIcon-0-0-1x_U007emarketing-0-0-0-7-0-0-sRGB-0-0-0-GLES2_U002c0-512MB-85-220-0-0.png/100x100bb.png,2026-06-30,jp,topgrossing,7019,文字
41,1482750733,熟語消し—単語消しの暇つぶしゲーム,"Togother Many Information Technology Co, Ltd.",https://apps.apple.com/jp/app/%E7%86%9F%E8%AA%9E%E6%B6%88%E3%81%97-%E5%8D%98%E8%AA%9E%E6%B6%88%E3%81%97%E3%81%AE%E6%9A%87%E3%81%A4%E3%81%B6%E3%81%97%E3%82%B2%E3%83%BC%E3%83%A0/id1482750733?uo=2,https://is1-ssl.mzstatic.com/image/thumb/Purple221/v4/3e/c2/5d/3ec25dc3-044d-db22-cb73-af03aaa2e8bf/AppIcon-1x_U007epad-0-1-85-220-0.png/100x100bb.png,2026-06-30,jp,topgrossing,7019,文字
42,6514320038,もじそーと - 言葉の脳トレパズル,keepgamesimple LLC,https://apps.apple.com/jp/app/%E3%82%82%E3%81%98%E3%81%9D%E3%83%BC%E3%81%A8-%E8%A8%80%E8%91%89%E3%81%AE%E8%84%B3%E3%83%88%E3%83%AC%E3%83%91%E3%82%BA%E3%83%AB/id6514320038?uo=2,https://is1-ssl.mzstatic.com/image/thumb/Purple211/v4/30/f5/12/30f512a4-4933-5766-8f17-2574020d107f/AppIcon-0-0-1x_U007emarketing-0-8-0-85-220.png/100x100bb.png,2026-06-30,jp,topgrossing,7019,文字
43,1196764367,Words With Friends Word Game,Zynga Inc.,https://apps.apple.com/jp/app/words-with-friends-word-game/id1196764367?uo=2,https://is1-ssl.mzstatic.com/image/thumb/Purple221/v4/67/97/e5/6797e52d-a56a-75c6-1c06-ebaaba72e5cb/AppIcon-0-0-1x_U007emarketing-0-8-0-85-220.png/100x100bb.png,2026-06-30,jp,topgrossing,7019,文字
44,1349292121,supertype,Philipp Stollenmayer,https://apps.apple.com/jp/app/supertype/id1349292121?uo=2,https://is1-ssl.mzstatic.com/image/thumb/Purple221/v4/49/98/0e/49980e24-3627-b7bd-8615-60e7786a641b/AppIcon-1x_U007emarketing-0-7-85-220-0.png/100x100bb.png,2026-06-30,jp,topgrossing,7019,文字
45,1594314191,歪みの国のアリス～ENCOLE,"NIGHTMARESTUDIO, INC.",https://apps.apple.com/jp/app/%E6%AD%AA%E3%81%BF%E3%81%AE%E5%9B%BD%E3%81%AE%E3%82%A2%E3%83%AA%E3%82%B9-encole/id1594314191?uo=2,https://is1-ssl.mzstatic.com/image/thumb/Purple126/v4/9c/53/21/9c5321e4-79bd-b85a-ee6a-029ae47cbf46/AppIcon-0-0-1x_U007emarketing-0-0-0-7-0-0-sRGB-0-0-0-GLES2_U002c0-512MB-85-220-0-0.png/100x100bb.png,2026-06-30,jp,topgrossing,7019,文字
46,6746620779,伝言ゲーム ジェスチャーゲーム,"Shenzhen Force Mars Technology Co., Ltd.",https://apps.apple.com/jp/app/%E4%BC%9D%E8%A8%80%E3%82%B2%E3%83%BC%E3%83%A0-%E3%82%B8%E3%82%A7%E3%82%B9%E3%83%81%E3%83%A3%E3%83%BC%E3%82%B2%E3%83%BC%E3%83%A0/id6746620779?uo=2,https://is1-ssl.mzstatic.com/image/thumb/Purple221/v4/b3/91/ec/b391ec58-e28f-8d26-04bc-952be1e9f87a/AppIcon-0-0-1x_U007epad-0-1-0-85-220.png/100x100bb.png,2026-06-30,jp,topgrossing,7019,文字
47,6760290000,Word Associations Now!,Arrowise Studio,https://apps.apple.com/jp/app/word-associations-now/id6760290000?uo=2,https://is1-ssl.mzstatic.com/image/thumb/Purple221/v4/e8/5e/72/e85e7233-ff5c-4083-01ab-aca91c8b4b6c/AppIcon-0-0-1x_U007epad-0-11-0-85-220.png/100x100bb.png,2026-06-30,jp,topgrossing,7019,文字
48,1222278363,ワードウルフ決定版【新・人狼ゲーム】ワード人狼アプリ,Qdan Inc.,https://apps.apple.com/jp/app/%E3%83%AF%E3%83%BC%E3%83%89%E3%82%A6%E3%83%AB%E3%83%95%E6%B1%BA%E5%AE%9A%E7%89%88-%E6%96%B0-%E4%BA%BA%E7%8B%BC%E3%82%B2%E3%83%BC%E3%83%A0-%E3%83%AF%E3%83%BC%E3%83%89%E4%BA%BA%E7%8B%BC%E3%82%A2%E3%83%97%E3%83%AA/id1222278363?uo=2,https://is1-ssl.mzstatic.com/image/thumb/Purple211/v4/89/5f/00/895f00c5-f35c-aaef-c174-bab9cd61697f/AppIcon-0-0-1x_U007emarketing-0-8-0-85-220.png/100x100bb.png,2026-06-30,jp,topgrossing,7019,文字
49,6476513210,LOK Digital,Draknek Limited,https://apps.apple.com/jp/app/lok-digital/id6476513210?uo=2,https://is1-ssl.mzstatic.com/image/thumb/Purple221/v4/13/21/93/132193b0-f24f-47f4-9611-fc1899e2a792/AppIcon-0-0-1x_U007emarketing-0-7-0-85-220.png/100x100bb.png,2026-06-30,jp,topgrossing,7019,文字
50,6745590874,イケメンAIキャラチャット: プリズムチャット,Lamlin Inc.,https://apps.apple.com/jp/app/%E3%82%A4%E3%82%B1%E3%83%A1%E3%83%B3ai%E3%82%AD%E3%83%A3%E3%83%A9%E3%83%81%E3%83%A3%E3%83%83%E3%83%88-%E3%83%97%E3%83%AA%E3%82%BA%E3%83%A0%E3%83%81%E3%83%A3%E3%83%83%E3%83%88/id6745590874?uo=2,https://is1-ssl.mzstatic.com/image/thumb/Purple211/v4/47/87/71/4787716d-812d-c3bd-6bc6-32e4442ee9e4/AppIcon-0-0-1x_U007epad-0-1-85-220.png/100x100bb.png,2026-06-30,jp,topgrossing,7019,文字
1,6748289603,머지여제: 궁중 판타지 스토리 퍼즐,promotion games inc.,https://apps.apple.com/kr/app/%EB%A8%B8%EC%A7%80%EC%97%AC%EC%A0%9C-%EA%B6%81%EC%A4%91-%ED%8C%90%ED%83%80%EC%A7%80-%EC%8A%A4%ED%86%A0%EB%A6%AC-%ED%8D%BC%EC%A6%90/id6748289603?uo=2,https://is1-ssl.mzstatic.com/image/thumb/Purple221/v4/28/8e/32/288e32c0-5e9b-3036-4773-ad55589ff3b0/AppIcon-0-0-1x_U007emarketing-0-8-0-85-220.png/100x100bb.png,2026-06-30,kr,topfree,7012,解谜
2,6761760135,Meowdoku!,Oakever Games,https://apps.apple.com/kr/app/meowdoku/id6761760135?uo=2,https://is1-ssl.mzstatic.com/image/thumb/Purple221/v4/fc/fe/6d/fcfe6dcf-aa1d-ef3f-e01d-e5eac2d16178/AppIcon-0-0-1x_U007ephone-0-11-0-85-220.png/100x100bb.png,2026-06-30,kr,topfree,7012,解谜
3,6759763476,Bus Traffic Fever!,"GOODROID,Inc.",https://apps.apple.com/kr/app/bus-traffic-fever/id6759763476?uo=2,https://is1-ssl.mzstatic.com/image/thumb/Purple211/v4/b0/85/8c/b0858cef-e647-671a-19e6-c0d17dd02d45/AppIcon-1x_U007emarketing-0-8-0-85-220-0.png/100x100bb.png,2026-06-30,kr,topfree,7012,解谜
4,6759081967,Jewel Coloring,Ta Ta Game Technology Limited,https://apps.apple.com/kr/app/jewel-coloring/id6759081967?uo=2,https://is1-ssl.mzstatic.com/image/thumb/Purple211/v4/62/f1/cf/62f1cf1a-3f79-100e-3708-66b3fb582a17/AppIcon-0-0-1x_U007emarketing-0-8-0-85-220.png/100x100bb.png,2026-06-30,kr,topfree,7012,解谜
5,6499209744,마법의 정렬 (Magic Sort!),Grand Games A.Ş.,https://apps.apple.com/kr/app/%EB%A7%88%EB%B2%95%EC%9D%98-%EC%A0%95%EB%A0%AC-magic-sort/id6499209744?uo=2,https://is1-ssl.mzstatic.com/image/thumb/Purple211/v4/61/df/dc/61dfdca9-6c81-db86-1756-5b63b642a0a8/AppIcon-0-0-1x_U007emarketing-0-8-0-85-220.png/100x100bb.png,2026-06-30,kr,topfree,7012,解谜
6,1617391485,블록 블라스트 (Block Blast),Hungry Studio,https://apps.apple.com/kr/app/%EB%B8%94%EB%A1%9D-%EB%B8%94%EB%9D%BC%EC%8A%A4%ED%8A%B8-block-blast/id1617391485?uo=2,https://is1-ssl.mzstatic.com/image/thumb/Purple211/v4/3a/c3/b3/3ac3b3bb-a768-8bc1-b1b2-fcc291a55b43/AppIcon-0-0-1x_U007emarketing-0-11-0-sRGB-85-220.png/100x100bb.png,2026-06-30,kr,topfree,7012,解谜
7,6757844491,Tricky Story 2: Brain Twist,Tang Thi Thuy,https://apps.apple.com/kr/app/tricky-story-2-brain-twist/id6757844491?uo=2,https://is1-ssl.mzstatic.com/image/thumb/Purple221/v4/f2/8e/10/f28e10b1-c469-8428-ff89-f580a991498a/AppIcon-0-0-1x_U007emarketing-0-8-0-85-220.png/100x100bb.png,2026-06-30,kr,topfree,7012,解谜
8,6752672568,Block Out! - Color Sort Puzzle,Grand Games A.Ş.,https://apps.apple.com/kr/app/block-out-color-sort-puzzle/id6752672568?uo=2,https://is1-ssl.mzstatic.com/image/thumb/Purple211/v4/42/22/df/4222df44-fbaa-9fe1-f732-d1aec055395c/AppIcon-0-0-1x_U007emarketing-0-8-0-85-220.png/100x100bb.png,2026-06-30,kr,topfree,7012,解谜
9,6471045672,테이스티 트레블: 합성 게임,Century Games Pte. Ltd.,https://apps.apple.com/kr/app/%ED%85%8C%EC%9D%B4%EC%8A%A4%ED%8B%B0-%ED%8A%B8%EB%A0%88%EB%B8%94-%ED%95%A9%EC%84%B1-%EA%B2%8C%EC%9E%84/id6471045672?uo=2,https://is1-ssl.mzstatic.com/image/thumb/Purple221/v4/cc/cc/f2/ccccf200-20e5-c0fa-68fc-2ea32d90371c/AppIcon-0-0-1x_U007emarketing-0-8-0-85-220.png/100x100bb.png,2026-06-30,kr,topfree,7012,解谜
10,6768495257,꿈꾸는 가구점: 합성 & 스토리 게임,K8GAMES,https://apps.apple.com/kr/app/%EA%BF%88%EA%BE%B8%EB%8A%94-%EA%B0%80%EA%B5%AC%EC%A0%90-%ED%95%A9%EC%84%B1-%EC%8A%A4%ED%86%A0%EB%A6%AC-%EA%B2%8C%EC%9E%84/id6768495257?uo=2,https://is1-ssl.mzstatic.com/image/thumb/Purple221/v4/95/83/c1/9583c157-b895-5b71-44c9-1591acc55dfb/AppIcon-0-0-1x_U007emarketing-0-5-85-220.png/100x100bb.png,2026-06-30,kr,topfree,7012,解谜
11,6756185760,Search It - Hidden Objects,LEAP BILISIM TEKNOLOJILERI VE YAZILIM TICARET ANONIM SIRKETI,https://apps.apple.com/kr/app/search-it-hidden-objects/id6756185760?uo=2,https://is1-ssl.mzstatic.com/image/thumb/Purple221/v4/ca/ed/fb/caedfbcf-8572-16cd-2009-6828ace25270/AppIcon-0-0-1x_U007emarketing-0-8-0-85-220.png/100x100bb.png,2026-06-30,kr,topfree,7012,解谜
12,6756482832,Brain Puzzle 3: Crazy Mind,SmallStep Dev Team,https://apps.apple.com/kr/app/brain-puzzle-3-crazy-mind/id6756482832?uo=2,https://is1-ssl.mzstatic.com/image/thumb/Purple221/v4/19/ed/f5/19edf5ae-ab7a-1274-cce7-cf6dd9e42804/AppIcon-0-0-1x_U007emarketing-0-8-0-85-220.png/100x100bb.png,2026-06-30,kr,topfree,7012,解谜
13,1623318294,가십하버: 합성 & 스토리 게임,Microfun Limited,https://apps.apple.com/kr/app/%EA%B0%80%EC%8B%AD%ED%95%98%EB%B2%84-%ED%95%A9%EC%84%B1-%EC%8A%A4%ED%86%A0%EB%A6%AC-%EA%B2%8C%EC%9E%84/id1623318294?uo=2,https://is1-ssl.mzstatic.com/image/thumb/Purple221/v4/d5/d7/02/d5d702dd-af54-09a5-21d1-ed6db319d310/AppIcon-0-0-1x_U007emarketing-0-8-0-85-220.png/100x100bb.png,2026-06-30,kr,topfree,7012,解谜
14,6748397500,Arrows – Puzzle Escape,Lessmore GmbH,https://apps.apple.com/kr/app/arrows-puzzle-escape/id6748397500?uo=2,https://is1-ssl.mzstatic.com/image/thumb/Purple221/v4/8d/12/50/8d12503f-10ab-e482-7ec1-5088c4af8cd8/AppIcon-0-0-1x_U007emarketing-0-8-0-85-220.png/100x100bb.png,2026-06-30,kr,topfree,7012,解谜
15,880047117,앵그리버드 2 (Angry Birds 2),Rovio Entertainment Oyj,https://apps.apple.com/kr/app/%EC%95%B5%EA%B7%B8%EB%A6%AC%EB%B2%84%EB%93%9C-2-angry-birds-2/id880047117?uo=2,https://is1-ssl.mzstatic.com/image/thumb/Purple221/v4/9e/4c/4c/9e4c4cd1-c2a6-b88c-9e76-e4d5cfb5fd3c/AppIcon-0-0-1x_U007emarketing-0-8-0-85-220.png/100x100bb.png,2026-06-30,kr,topfree,7012,解谜
16,6758326278,Amaze GO! - 화살표 퍼즐,Oakever Games,https://apps.apple.com/kr/app/amaze-go-%ED%99%94%EC%82%B4%ED%91%9C-%ED%8D%BC%EC%A6%90/id6758326278?uo=2,https://is1-ssl.mzstatic.com/image/thumb/Purple221/v4/69/a2/57/69a25772-6707-b207-50a6-dbe244ea8442/AppIcon-0-0-1x_U007emarketing-0-8-0-85-220.png/100x100bb.png,2026-06-30,kr,topfree,7012,解谜
17,1546845921,멜론 메이커 : 머지,SUPERBOX. Inc,https://apps.apple.com/kr/app/%EB%A9%9C%EB%A1%A0-%EB%A9%94%EC%9D%B4%EC%BB%A4-%EB%A8%B8%EC%A7%80/id1546845921?uo=2,https://is1-ssl.mzstatic.com/image/thumb/Purple211/v4/75/a8/eb/75a8eb34-91bc-6d9f-91bd-b2b802d1bbea/AppIcon-0-0-1x_U007emarketing-0-8-0-85-220.png/100x100bb.png,2026-06-30,kr,topfree,7012,解谜
18,1482155847,로얄 매치 (Royal Match),Dream Games,https://apps.apple.com/kr/app/%EB%A1%9C%EC%96%84-%EB%A7%A4%EC%B9%98-royal-match/id1482155847?uo=2,https://is1-ssl.mzstatic.com/image/thumb/Purple221/v4/50/3d/ab/503dabf4-c381-e224-5630-5b031703c08d/AppIcon-0-0-1x_U007emarketing-0-8-0-85-220.png/100x100bb.png,2026-06-30,kr,topfree,7012,解谜
19,1643509748,머지 쿠킹 테마 레스토랑（Merge Cooking）,Happibits,https://apps.apple.com/kr/app/%EB%A8%B8%EC%A7%80-%EC%BF%A0%ED%82%B9-%ED%85%8C%EB%A7%88-%EB%A0%88%EC%8A%A4%ED%86%A0%EB%9E%91-merge-cooking/id1643509748?uo=2,https://is1-ssl.mzstatic.com/image/thumb/Purple211/v4/3c/a6/cf/3ca6cfa1-757b-2632-12a1-652d5a949517/AppIcon-0-0-1x_U007emarketing-0-8-0-85-220.png/100x100bb.png,2026-06-30,kr,topfree,7012,解谜
20,1193508329,스도쿠 - 클래식 로직 퍼즐 게임,Easybrain Ltd,https://apps.apple.com/kr/app/%EC%8A%A4%EB%8F%84%EC%BF%A0-%ED%81%B4%EB%9E%98%EC%8B%9D-%EB%A1%9C%EC%A7%81-%ED%8D%BC%EC%A6%90-%EA%B2%8C%EC%9E%84/id1193508329?uo=2,https://is1-ssl.mzstatic.com/image/thumb/Purple211/v4/a7/4e/e9/a74ee927-ad1d-0278-e1e2-7707aa271bb3/AppIcon-0-0-1x_U007emarketing-0-8-0-85-220.png/100x100bb.png,2026-06-30,kr,topfree,7012,解谜
21,6504332779,Color Block Jam,Rollic Games,https://apps.apple.com/kr/app/color-block-jam/id6504332779?uo=2,https://is1-ssl.mzstatic.com/image/thumb/Purple211/v4/8e/55/86/8e55860d-453a-1daa-04c3-4238a270aa2a/AppIcon-0-0-1x_U007emarketing-0-8-0-85-220.png/100x100bb.png,2026-06-30,kr,topfree,7012,解谜
22,6689516366,Bus Escape: Traffic Jam,ABI GLOBAL LTD.,https://apps.apple.com/kr/app/bus-escape-traffic-jam/id6689516366?uo=2,https://is1-ssl.mzstatic.com/image/thumb/Purple221/v4/80/dc/ba/80dcba30-ff29-4763-9d12-ea709ae7b08e/AppIcon-0-0-1x_U007emarketing-0-8-0-85-220.png/100x100bb.png,2026-06-30,kr,topfree,7012,解谜
23,6755509102,단어 연상 - 단어잇기 퍼즐게임,Astrasen Global,https://apps.apple.com/kr/app/%EB%8B%A8%EC%96%B4-%EC%97%B0%EC%83%81-%EB%8B%A8%EC%96%B4%EC%9E%87%EA%B8%B0-%ED%8D%BC%EC%A6%90%EA%B2%8C%EC%9E%84/id6755509102?uo=2,https://is1-ssl.mzstatic.com/image/thumb/Purple211/v4/23/ee/8b/23ee8b6a-2e15-785c-a420-6c671456dc08/AppIcon-0-0-1x_U007epad-0-1-85-220.png/100x100bb.png,2026-06-30,kr,topfree,7012,解谜
24,6758080238,Tricky Mean2,FTY LLC.,https://apps.apple.com/kr/app/tricky-mean2/id6758080238?uo=2,https://is1-ssl.mzstatic.com/image/thumb/Purple221/v4/61/69/74/61697420-dde6-3d19-45cc-2fbae85d8898/AppIcon-0-0-1x_U007emarketing-0-8-0-85-220.png/100x100bb.png,2026-06-30,kr,topfree,7012,解谜
25,6755455500,할리우드 머지,VoyagerOne,https://apps.apple.com/kr/app/%ED%95%A0%EB%A6%AC%EC%9A%B0%EB%93%9C-%EB%A8%B8%EC%A7%80/id6755455500?uo=2,https://is1-ssl.mzstatic.com/image/thumb/Purple221/v4/8f/0c/49/8f0c4932-0793-34f8-a7c2-6a873c272d17/AppIcon-0-0-1x_U007emarketing-0-8-0-85-220.png/100x100bb.png,2026-06-30,kr,topfree,7012,解谜
26,638689075,꿈의 마을 (Township),Playrix,https://apps.apple.com/kr/app/%EA%BF%88%EC%9D%98-%EB%A7%88%EC%9D%84-township/id638689075?uo=2,https://is1-ssl.mzstatic.com/image/thumb/Purple211/v4/f3/d3/ab/f3d3abe7-ac2f-d4a3-1683-0873d183913e/AppIcon-0-0-1x_U007emarketing-0-11-0-85-220.png/100x100bb.png,2026-06-30,kr,topfree,7012,解谜
27,1606549505,로얄 킹덤 (Royal Kingdom),Dream Games,https://apps.apple.com/kr/app/%EB%A1%9C%EC%96%84-%ED%82%B9%EB%8D%A4-royal-kingdom/id1606549505?uo=2,https://is1-ssl.mzstatic.com/image/thumb/Purple211/v4/5c/c4/75/5cc4753e-cd56-1020-daa7-a09f15857a63/AppIcon-0-0-1x_U007emarketing-0-8-0-85-220.png/100x100bb.png,2026-06-30,kr,topfree,7012,解谜
28,6751056652,Pixel Flow!,Loom Games Oyun Yazilim ve Pazarlama Anonim Sirketi,https://apps.apple.com/kr/app/pixel-flow/id6751056652?uo=2,https://is1-ssl.mzstatic.com/image/thumb/Purple221/v4/0a/a1/40/0aa140e6-9524-2453-a1f8-e75bbedc49c0/AppIcon-0-0-1x_U007emarketing-0-8-0-85-220.png/100x100bb.png,2026-06-30,kr,topfree,7012,解谜
29,6499306754,Code Busters: Word Puzzle Game,Smartronic,https://apps.apple.com/kr/app/code-busters-word-puzzle-game/id6499306754?uo=2,https://is1-ssl.mzstatic.com/image/thumb/Purple221/v4/8c/18/0f/8c180f7d-9367-14c2-dfb5-6b3c7fd4d474/AppIcon-0-0-1x_U007emarketing-0-11-0-85-220.png/100x100bb.png,2026-06-30,kr,topfree,7012,解谜
30,6747063674,Brain Puzzle 2: Logic Twist,SmallStep Dev Team,https://apps.apple.com/kr/app/brain-puzzle-2-logic-twist/id6747063674?uo=2,https://is1-ssl.mzstatic.com/image/thumb/Purple211/v4/9a/a6/a6/9aa6a63e-3f5b-e75f-abf0-cfc7005b46a5/AppIcon-0-0-1x_U007emarketing-0-8-0-85-220.png/100x100bb.png,2026-06-30,kr,topfree,7012,解谜
31,6743385713,털실 마스터 - 마법의 정렬 버스주차퍼즐게임,Astrasen Global,https://apps.apple.com/kr/app/%ED%84%B8%EC%8B%A4-%EB%A7%88%EC%8A%A4%ED%84%B0-%EB%A7%88%EB%B2%95%EC%9D%98-%EC%A0%95%EB%A0%AC-%EB%B2%84%EC%8A%A4%EC%A3%BC%EC%B0%A8%ED%8D%BC%EC%A6%90%EA%B2%8C%EC%9E%84/id6743385713?uo=2,https://is1-ssl.mzstatic.com/image/thumb/Purple211/v4/f9/f0/c6/f9f0c6ad-e8e1-1036-d889-e6212b48dda5/AppIcon-0-0-1x_U007epad-0-1-85-220.png/100x100bb.png,2026-06-30,kr,topfree,7012,解谜
32,6503603603,미스터리 타운: 합성 게임 (Mystery Town),Cedar Games Studio,https://apps.apple.com/kr/app/%EB%AF%B8%EC%8A%A4%ED%84%B0%EB%A6%AC-%ED%83%80%EC%9A%B4-%ED%95%A9%EC%84%B1-%EA%B2%8C%EC%9E%84-mystery-town/id6503603603?uo=2,https://is1-ssl.mzstatic.com/image/thumb/Purple221/v4/a7/9d/cc/a79dcc67-26e1-ec7e-a639-6e346d365eec/AppIcon-0-0-1x_U007emarketing-0-5-0-85-220.png/100x100bb.png,2026-06-30,kr,topfree,7012,解谜
33,6448104157,데이터 필요없는 게임 - 와이파이 필요없는 게임,Moreno Maio,https://apps.apple.com/kr/app/%EB%8D%B0%EC%9D%B4%ED%84%B0-%ED%95%84%EC%9A%94%EC%97%86%EB%8A%94-%EA%B2%8C%EC%9E%84-%EC%99%80%EC%9D%B4%ED%8C%8C%EC%9D%B4-%ED%95%84%EC%9A%94%EC%97%86%EB%8A%94-%EA%B2%8C%EC%9E%84/id6448104157?uo=2,https://is1-ssl.mzstatic.com/image/thumb/Purple221/v4/57/ca/9f/57ca9f7d-dc49-7415-2370-99548f83969a/AppIcon-0-0-1x_U007emarketing-0-8-0-85-220.png/100x100bb.png,2026-06-30,kr,topfree,7012,解谜
34,6670789598,Brain Puzzle: Tricky Quest,SmallStep Dev Team,https://apps.apple.com/kr/app/brain-puzzle-tricky-quest/id6670789598?uo=2,https://is1-ssl.mzstatic.com/image/thumb/Purple221/v4/15/b2/18/15b2182a-ea85-67e9-cebf-86581c211d6d/AppIcon-0-0-1x_U007emarketing-0-8-0-85-220.png/100x100bb.png,2026-06-30,kr,topfree,7012,解谜
35,1566126120,사과게임 - 화제의 인싸게임,JIEUNK,https://apps.apple.com/kr/app/%EC%82%AC%EA%B3%BC%EA%B2%8C%EC%9E%84-%ED%99%94%EC%A0%9C%EC%9D%98-%EC%9D%B8%EC%8B%B8%EA%B2%8C%EC%9E%84/id1566126120?uo=2,https://is1-ssl.mzstatic.com/image/thumb/Purple221/v4/b4/1c/e5/b41ce50b-0d43-7905-c6b7-03ceda6fa489/AppIcon-0-0-1x_U007emarketing-0-11-0-85-220.png/100x100bb.png,2026-06-30,kr,topfree,7012,解谜
36,6482849843,상품 정렬: 매치 3 퍼즐 - Goods Sorting,ONESOFT GLOBAL PTE. LTD.,https://apps.apple.com/kr/app/%EC%83%81%ED%92%88-%EC%A0%95%EB%A0%AC-%EB%A7%A4%EC%B9%98-3-%ED%8D%BC%EC%A6%90-goods-sorting/id6482849843?uo=2,https://is1-ssl.mzstatic.com/image/thumb/Purple211/v4/f9/5d/0f/f95d0fc6-8a90-940b-1b2e-88d1ed027fb2/AppIcon-0-0-1x_U007emarketing-0-8-0-85-220.png/100x100bb.png,2026-06-30,kr,topfree,7012,解谜
37,6749300334,나사 3D 퍼즐: 핀 풀기 게임,Kiwi Fun HK Limited,https://apps.apple.com/kr/app/%EB%82%98%EC%82%AC-3d-%ED%8D%BC%EC%A6%90-%ED%95%80-%ED%92%80%EA%B8%B0-%EA%B2%8C%EC%9E%84/id6749300334?uo=2,https://is1-ssl.mzstatic.com/image/thumb/Purple211/v4/ac/59/37/ac593771-46d7-2d54-e9d5-2e6e9e303c37/AppIcon-0-0-1x_U007emarketing-0-8-0-85-220.png/100x100bb.png,2026-06-30,kr,topfree,7012,解谜
38,6749919145,Color Cube Match: 정렬 게임,Samfinaco LLC,https://apps.apple.com/kr/app/color-cube-match-%EC%A0%95%EB%A0%AC-%EA%B2%8C%EC%9E%84/id6749919145?uo=2,https://is1-ssl.mzstatic.com/image/thumb/Purple221/v4/ab/48/e5/ab48e590-5b3a-e4ea-1938-3ab2611f1657/AppIcon-0-0-1x_U007emarketing-0-8-0-85-220.png/100x100bb.png,2026-06-30,kr,topfree,7012,解谜
39,6752886832,호텔 레거시,Century Games Innovation Pte. Ltd.,https://apps.apple.com/kr/app/%ED%98%B8%ED%85%94-%EB%A0%88%EA%B1%B0%EC%8B%9C/id6752886832?uo=2,https://is1-ssl.mzstatic.com/image/thumb/Purple211/v4/ca/66/99/ca6699f0-b0dd-74fc-31f2-d80b72e87905/AppIcon-0-0-1x_U007emarketing-0-8-0-85-220.png/100x100bb.png,2026-06-30,kr,topfree,7012,解谜
40,6740043080,Screwdom : 나사와 볼트 퍼즐,Zego Global Pte Ltd,https://apps.apple.com/kr/app/screwdom-%EB%82%98%EC%82%AC%EC%99%80-%EB%B3%BC%ED%8A%B8-%ED%8D%BC%EC%A6%90/id6740043080?uo=2,https://is1-ssl.mzstatic.com/image/thumb/Purple221/v4/a2/0f/e9/a20fe92f-96c7-013e-9f94-389245518263/AppIcon-0-0-1x_U007emarketing-0-8-0-85-220.png/100x100bb.png,2026-06-30,kr,topfree,7012,解谜
41,6754862574,Sheep Dash- 양목장 주차장 분류 게임,Snap Brain Games,https://apps.apple.com/kr/app/sheep-dash-%EC%96%91%EB%AA%A9%EC%9E%A5-%EC%A3%BC%EC%B0%A8%EC%9E%A5-%EB%B6%84%EB%A5%98-%EA%B2%8C%EC%9E%84/id6754862574?uo=2,https://is1-ssl.mzstatic.com/image/thumb/Purple211/v4/8c/6a/8f/8c6a8f41-d14f-ac7d-c405-b30726fb4325/AppIcon-1x_U007epad-0-1-85-220-0.png/100x100bb.png,2026-06-30,kr,topfree,7012,解谜
42,6759077038,Profile Perfect,Lion Studios Plus,https://apps.apple.com/kr/app/profile-perfect/id6759077038?uo=2,https://is1-ssl.mzstatic.com/image/thumb/Purple221/v4/9d/7a/c9/9d7ac98c-2b27-aa66-3621-6bc76e1574fe/AppIcon-0-0-1x_U007emarketing-0-8-0-85-220.png/100x100bb.png,2026-06-30,kr,topfree,7012,解谜
43,6746246179,Foodie Sizzle: 미식 시즐,ABI GLOBAL LTD.,https://apps.apple.com/kr/app/foodie-sizzle-%EB%AF%B8%EC%8B%9D-%EC%8B%9C%EC%A6%90/id6746246179?uo=2,https://is1-ssl.mzstatic.com/image/thumb/Purple221/v4/d7/e2/21/d7e22172-037b-e4bf-d71c-8d98d4288b68/AppIcon-0-0-1x_U007emarketing-0-8-0-85-220.png/100x100bb.png,2026-06-30,kr,topfree,7012,解谜
44,6747560860,Screw Out 3D: Nut Sort Jam,UNICO STUDIO,https://apps.apple.com/kr/app/screw-out-3d-nut-sort-jam/id6747560860?uo=2,https://is1-ssl.mzstatic.com/image/thumb/Purple221/v4/a6/90/19/a69019ff-75f1-22b9-212b-ab97ce45d5bf/AppIcon-0-0-1x_U007emarketing-0-8-0-85-220.png/100x100bb.png,2026-06-30,kr,topfree,7012,解谜
45,6618142292,핫레스토랑: 머지&쿠킹,Microfun Limited,https://apps.apple.com/kr/app/%ED%95%AB%EB%A0%88%EC%8A%A4%ED%86%A0%EB%9E%91-%EB%A8%B8%EC%A7%80-%EC%BF%A0%ED%82%B9/id6618142292?uo=2,https://is1-ssl.mzstatic.com/image/thumb/Purple221/v4/82/50/d2/8250d24f-8042-b152-706f-caa35fcf24a8/AppIcon-0-0-1x_U007emarketing-0-8-0-85-220.png/100x100bb.png,2026-06-30,kr,topfree,7012,解谜
46,6753862216,푸드스타（Foodstars）: 합쳐서 요리하기,Happibits,https://apps.apple.com/kr/app/%ED%91%B8%EB%93%9C%EC%8A%A4%ED%83%80-foodstars-%ED%95%A9%EC%B3%90%EC%84%9C-%EC%9A%94%EB%A6%AC%ED%95%98%EA%B8%B0/id6753862216?uo=2,https://is1-ssl.mzstatic.com/image/thumb/Purple221/v4/70/82/b5/7082b5f7-b790-1a4e-458e-ddf7230695ef/AppIcon-0-0-1x_U007emarketing-0-8-0-85-220.png/100x100bb.png,2026-06-30,kr,topfree,7012,解谜
47,6749132002,빠지냥! (Drop the Cat),ACTIONFIT,https://apps.apple.com/kr/app/%EB%B9%A0%EC%A7%80%EB%83%A5-drop-the-cat/id6749132002?uo=2,https://is1-ssl.mzstatic.com/image/thumb/Purple221/v4/32/54/ed/3254ed18-7d57-06af-c6fe-2aa935f613fa/AppIcon-0-0-1x_U007emarketing-0-8-0-85-220.png/100x100bb.png,2026-06-30,kr,topfree,7012,解谜
48,6737874398,Merge Fashion: Romance Story,Wind's Choice Tech Limited,https://apps.apple.com/kr/app/merge-fashion-romance-story/id6737874398?uo=2,https://is1-ssl.mzstatic.com/image/thumb/Purple211/v4/b7/b7/45/b7b745f7-4d4f-f88a-c121-c512179e51c3/AppIcon-0-0-1x_U007emarketing-0-8-0-85-220.png/100x100bb.png,2026-06-30,kr,topfree,7012,解谜
49,6752624756,덴버의 숲: 머지&코지,Tan Choi,https://apps.apple.com/kr/app/%EB%8D%B4%EB%B2%84%EC%9D%98-%EC%88%B2-%EB%A8%B8%EC%A7%80-%EC%BD%94%EC%A7%80/id6752624756?uo=2,https://is1-ssl.mzstatic.com/image/thumb/Purple211/v4/e7/ff/f8/e7fff8a9-73c8-8d23-d797-85478c2b0674/AppIcon-0-0-1x_U007emarketing-0-8-0-85-220.png/100x100bb.png,2026-06-30,kr,topfree,7012,解谜
50,1613352146,A Little to the Left,Secret Mode,https://apps.apple.com/kr/app/a-little-to-the-left/id1613352146?uo=2,https://is1-ssl.mzstatic.com/image/thumb/Purple221/v4/12/36/c8/1236c8c1-7d8e-2afe-047a-4e88cc069164/AppIcon-0-0-1x_U007emarketing-0-8-0-85-220.png/100x100bb.png,2026-06-30,kr,topfree,7012,解谜
1,6748289603,머지여제: 궁중 판타지 스토리 퍼즐,promotion games inc.,https://apps.apple.com/kr/app/%EB%A8%B8%EC%A7%80%EC%97%AC%EC%A0%9C-%EA%B6%81%EC%A4%91-%ED%8C%90%ED%83%80%EC%A7%80-%EC%8A%A4%ED%86%A0%EB%A6%AC-%ED%8D%BC%EC%A6%90/id6748289603?uo=2,https://is1-ssl.mzstatic.com/image/thumb/Purple221/v4/28/8e/32/288e32c0-5e9b-3036-4773-ad55589ff3b0/AppIcon-0-0-1x_U007emarketing-0-8-0-85-220.png/100x100bb.png,2026-06-30,kr,topfree,6014,游戏
2,6749404408,스타 세일러,Com2uS Holdings,https://apps.apple.com/kr/app/%EC%8A%A4%ED%83%80-%EC%84%B8%EC%9D%BC%EB%9F%AC/id6749404408?uo=2,https://is1-ssl.mzstatic.com/image/thumb/Purple221/v4/ea/07/99/ea079947-53c8-e8c0-fc95-c5d26578b62a/AppIcon-0-0-1x_U007emarketing-0-8-0-85-220.png/100x100bb.png,2026-06-30,kr,topfree,6014,游戏
3,6760745556,오늘도 환생 2,ekkorr,https://apps.apple.com/kr/app/%EC%98%A4%EB%8A%98%EB%8F%84-%ED%99%98%EC%83%9D-2/id6760745556?uo=2,https://is1-ssl.mzstatic.com/image/thumb/Purple221/v4/ba/d0/1b/bad01b9e-9b59-1d65-1ec4-6fca95ab06d4/AppIcon-0-0-1x_U007epad-0-1-85-220.png/100x100bb.png,2026-06-30,kr,topfree,6014,游戏
4,6757416807,렐리온: NPC들의 생존기,DAERI SOFT,https://apps.apple.com/kr/app/%EB%A0%90%EB%A6%AC%EC%98%A8-npc%EB%93%A4%EC%9D%98-%EC%83%9D%EC%A1%B4%EA%B8%B0/id6757416807?uo=2,https://is1-ssl.mzstatic.com/image/thumb/Purple221/v4/d6/5c/1c/d65c1c8f-f7bf-391a-2dd6-8d1f9e937770/AppIcon-0-0-1x_U007emarketing-0-8-0-85-220.png/100x100bb.png,2026-06-30,kr,topfree,6014,游戏
5,6741503079,Pokémon Champions,The Pokemon Company,https://apps.apple.com/kr/app/pok%C3%A9mon-champions/id6741503079?uo=2,https://is1-ssl.mzstatic.com/image/thumb/Purple221/v4/10/0a/92/100a9291-5b49-3875-786a-65ee6a115ba0/AppIcon-0-0-1x_U007emarketing-0-8-0-85-220.png/100x100bb.png,2026-06-30,kr,topfree,6014,游戏
6,6755166200,그레이 사가,Leniu Games,https://apps.apple.com/kr/app/%EA%B7%B8%EB%A0%88%EC%9D%B4-%EC%82%AC%EA%B0%80/id6755166200?uo=2,https://is1-ssl.mzstatic.com/image/thumb/Purple211/v4/9a/b1/81/9ab181c4-e904-f1e2-6844-8893412167f0/AppIcon-0-0-1x_U007emarketing-0-11-0-85-220.png/100x100bb.png,2026-06-30,kr,topfree,6014,游戏
7,6747634441,취준생 키우기 : 취업 시뮬레이션 게임,Junyeop Kim,https://apps.apple.com/kr/app/%EC%B7%A8%EC%A4%80%EC%83%9D-%ED%82%A4%EC%9A%B0%EA%B8%B0-%EC%B7%A8%EC%97%85-%EC%8B%9C%EB%AE%AC%EB%A0%88%EC%9D%B4%EC%85%98-%EA%B2%8C%EC%9E%84/id6747634441?uo=2,https://is1-ssl.mzstatic.com/image/thumb/Purple211/v4/30/f7/15/30f71525-5cc4-e2c4-5ada-273035393c6e/AppIcon-0-0-1x_U007emarketing-0-8-0-85-220.png/100x100bb.png,2026-06-30,kr,topfree,6014,游戏
8,6759585981,별별 히어로: 영웅 다있소,NADDIC GAMES Co Ltd.,https://apps.apple.com/kr/app/%EB%B3%84%EB%B3%84-%ED%9E%88%EC%96%B4%EB%A1%9C-%EC%98%81%EC%9B%85-%EB%8B%A4%EC%9E%88%EC%86%8C/id6759585981?uo=2,https://is1-ssl.mzstatic.com/image/thumb/Purple211/v4/e0/4a/c5/e04ac5d3-5fb2-ea25-670d-d500111d1b26/AppIcon-0-0-1x_U007emarketing-0-8-0-85-220.png/100x100bb.png,2026-06-30,kr,topfree,6014,游戏
9,6761760135,Meowdoku!,Oakever Games,https://apps.apple.com/kr/app/meowdoku/id6761760135?uo=2,https://is1-ssl.mzstatic.com/image/thumb/Purple221/v4/fc/fe/6d/fcfe6dcf-aa1d-ef3f-e01d-e5eac2d16178/AppIcon-0-0-1x_U007ephone-0-11-0-85-220.png/100x100bb.png,2026-06-30,kr,topfree,6014,游戏
10,6499562253,드래곤빌리지3,Highbrow,https://apps.apple.com/kr/app/%EB%93%9C%EB%9E%98%EA%B3%A4%EB%B9%8C%EB%A6%AC%EC%A7%803/id6499562253?uo=2,https://is1-ssl.mzstatic.com/image/thumb/Purple221/v4/c8/56/f5/c856f5b3-4c9d-f380-a598-87d1cb4094c5/AppIcon-0-0-1x_U007emarketing-0-11-0-85-220.png/100x100bb.png,2026-06-30,kr,topfree,6014,游戏
11,6760822948,더 코지 플로리스트,RiftSky Games,https://apps.apple.com/kr/app/%EB%8D%94-%EC%BD%94%EC%A7%80-%ED%94%8C%EB%A1%9C%EB%A6%AC%EC%8A%A4%ED%8A%B8/id6760822948?uo=2,https://is1-ssl.mzstatic.com/image/thumb/Purple211/v4/6c/15/05/6c150506-d8ec-04f0-252d-870923db55d8/AppIcon-0-0-1x_U007epad-0-11-0-85-220.png/100x100bb.png,2026-06-30,kr,topfree,6014,游戏
12,6759763476,Bus Traffic Fever!,"GOODROID,Inc.",https://apps.apple.com/kr/app/bus-traffic-fever/id6759763476?uo=2,https://is1-ssl.mzstatic.com/image/thumb/Purple211/v4/b0/85/8c/b0858cef-e647-671a-19e6-c0d17dd02d45/AppIcon-1x_U007emarketing-0-8-0-85-220-0.png/100x100bb.png,2026-06-30,kr,topfree,6014,游戏
13,6759081967,Jewel Coloring,Ta Ta Game Technology Limited,https://apps.apple.com/kr/app/jewel-coloring/id6759081967?uo=2,https://is1-ssl.mzstatic.com/image/thumb/Purple211/v4/62/f1/cf/62f1cf1a-3f79-100e-3708-66b3fb582a17/AppIcon-0-0-1x_U007emarketing-0-8-0-85-220.png/100x100bb.png,2026-06-30,kr,topfree,6014,游戏
14,6752376232,레퀴엠M,"GRAVITY Co., Ltd.",https://apps.apple.com/kr/app/%EB%A0%88%ED%80%B4%EC%97%A0m/id6752376232?uo=2,https://is1-ssl.mzstatic.com/image/thumb/Purple211/v4/84/e8/66/84e866dc-ed0b-ce4e-6a24-a64792e0af02/AppIcon-0-0-1x_U007emarketing-0-8-0-85-220.png/100x100bb.png,2026-06-30,kr,topfree,6014,游戏
15,6748084174,Smash Fest!,Flow Games Bilisim Yazilim ve Pazarlama Anonim Sirketi,https://apps.apple.com/kr/app/smash-fest/id6748084174?uo=2,https://is1-ssl.mzstatic.com/image/thumb/Purple211/v4/2b/08/a3/2b08a3fc-17de-ea89-b12c-da20274add92/AppIcon-0-0-1x_U007emarketing-0-8-0-85-220.png/100x100bb.png,2026-06-30,kr,topfree,6014,游戏
16,6499209744,마법의 정렬 (Magic Sort!),Grand Games A.Ş.,https://apps.apple.com/kr/app/%EB%A7%88%EB%B2%95%EC%9D%98-%EC%A0%95%EB%A0%AC-magic-sort/id6499209744?uo=2,https://is1-ssl.mzstatic.com/image/thumb/Purple211/v4/61/df/dc/61dfdca9-6c81-db86-1756-5b63b642a0a8/AppIcon-0-0-1x_U007emarketing-0-8-0-85-220.png/100x100bb.png,2026-06-30,kr,topfree,6014,游戏
17,431946152,로블록스(Roblox),Roblox Corporation,https://apps.apple.com/kr/app/%EB%A1%9C%EB%B8%94%EB%A1%9D%EC%8A%A4-roblox/id431946152?uo=2,https://is1-ssl.mzstatic.com/image/thumb/Purple221/v4/ae/d6/57/aed65717-e85f-212b-21e0-f57112aa8c02/AppIcon-0-0-1x_U007epad-0-1-0-85-220.png/100x100bb.png,2026-06-30,kr,topfree,6014,游戏
18,1617391485,블록 블라스트 (Block Blast),Hungry Studio,https://apps.apple.com/kr/app/%EB%B8%94%EB%A1%9D-%EB%B8%94%EB%9D%BC%EC%8A%A4%ED%8A%B8-block-blast/id1617391485?uo=2,https://is1-ssl.mzstatic.com/image/thumb/Purple211/v4/3a/c3/b3/3ac3b3bb-a768-8bc1-b1b2-fcc291a55b43/AppIcon-0-0-1x_U007emarketing-0-11-0-sRGB-85-220.png/100x100bb.png,2026-06-30,kr,topfree,6014,游戏
19,6451279326,수험생 키우기 : 수능 시뮬레이션 게임,Junyeop Kim,https://apps.apple.com/kr/app/%EC%88%98%ED%97%98%EC%83%9D-%ED%82%A4%EC%9A%B0%EA%B8%B0-%EC%88%98%EB%8A%A5-%EC%8B%9C%EB%AE%AC%EB%A0%88%EC%9D%B4%EC%85%98-%EA%B2%8C%EC%9E%84/id6451279326?uo=2,https://is1-ssl.mzstatic.com/image/thumb/Purple211/v4/02/e3/4d/02e34d79-25f2-c3d0-6ad5-0555b9b74807/AppIcon-0-0-1x_U007emarketing-0-11-0-85-220.png/100x100bb.png,2026-06-30,kr,topfree,6014,游戏
20,6757844491,Tricky Story 2: Brain Twist,Tang Thi Thuy,https://apps.apple.com/kr/app/tricky-story-2-brain-twist/id6757844491?uo=2,https://is1-ssl.mzstatic.com/image/thumb/Purple221/v4/f2/8e/10/f28e10b1-c469-8428-ff89-f580a991498a/AppIcon-0-0-1x_U007emarketing-0-8-0-85-220.png/100x100bb.png,2026-06-30,kr,topfree,6014,游戏
21,1597760047,OneState RP: 온라인 롤플레잉,CHILLBASE LTD,https://apps.apple.com/kr/app/onestate-rp-%EC%98%A8%EB%9D%BC%EC%9D%B8-%EB%A1%A4%ED%94%8C%EB%A0%88%EC%9E%89/id1597760047?uo=2,https://is1-ssl.mzstatic.com/image/thumb/Purple221/v4/ca/33/3a/ca333ac7-a352-a299-0573-f56482041977/AppIcon-0-0-1x_U007emarketing-0-8-0-85-220.png/100x100bb.png,2026-06-30,kr,topfree,6014,游戏
22,1094591345,Pokémon GO,"Niantic, Inc.",https://apps.apple.com/kr/app/pok%C3%A9mon-go/id1094591345?uo=2,https://is1-ssl.mzstatic.com/image/thumb/Purple211/v4/c0/15/94/c01594df-94f1-fe64-141d-891e404a22ea/AppIcon-0-0-1x_U007emarketing-0-8-0-85-220.png/100x100bb.png,2026-06-30,kr,topfree,6014,游戏
23,1478371252,FC 모바일,NEXON Company,https://apps.apple.com/kr/app/fc-%EB%AA%A8%EB%B0%94%EC%9D%BC/id1478371252?uo=2,https://is1-ssl.mzstatic.com/image/thumb/Purple221/v4/21/3d/de/213dde4c-9347-e163-a8b0-46a31ad8f764/AppIcon-1x_U007emarketing-0-8-0-85-220-0.png/100x100bb.png,2026-06-30,kr,topfree,6014,游戏
24,6443575749,WOS: 화이트아웃 서바이벌,Century Games Pte. Ltd.,https://apps.apple.com/kr/app/wos-%ED%99%94%EC%9D%B4%ED%8A%B8%EC%95%84%EC%9B%83-%EC%84%9C%EB%B0%94%EC%9D%B4%EB%B2%8C/id6443575749?uo=2,https://is1-ssl.mzstatic.com/image/thumb/Purple221/v4/e5/1e/1d/e51e1db7-4655-6bb8-9441-af76dbfd291c/AppIcon-0-0-1x_U007emarketing-0-8-0-85-220.png/100x100bb.png,2026-06-30,kr,topfree,6014,游戏
25,6761347382,드래곤 라이즈: 3인 닥공 RPG,STORMRISE Inc.,https://apps.apple.com/kr/app/%EB%93%9C%EB%9E%98%EA%B3%A4-%EB%9D%BC%EC%9D%B4%EC%A6%88-3%EC%9D%B8-%EB%8B%A5%EA%B3%B5-rpg/id6761347382?uo=2,https://is1-ssl.mzstatic.com/image/thumb/Purple221/v4/c3/05/fb/c305fb39-1d17-7edc-971d-a426e92a6b25/AppIcon-1x_U007emarketing-0-8-0-85-220-0.png/100x100bb.png,2026-06-30,kr,topfree,6014,游戏
26,6752672568,Block Out! - Color Sort Puzzle,Grand Games A.Ş.,https://apps.apple.com/kr/app/block-out-color-sort-puzzle/id6752672568?uo=2,https://is1-ssl.mzstatic.com/image/thumb/Purple211/v4/42/22/df/4222df44-fbaa-9fe1-f732-d1aec055395c/AppIcon-0-0-1x_U007emarketing-0-8-0-85-220.png/100x100bb.png,2026-06-30,kr,topfree,6014,游戏
27,6761049663,STYLZ(스타일즈): 데일리 런웨이,NAVER Z Japan Corp.,https://apps.apple.com/kr/app/stylz-%EC%8A%A4%ED%83%80%EC%9D%BC%EC%A6%88-%EB%8D%B0%EC%9D%BC%EB%A6%AC-%EB%9F%B0%EC%9B%A8%EC%9D%B4/id6761049663?uo=2,https://is1-ssl.mzstatic.com/image/thumb/Purple211/v4/77/a4/19/77a41978-2290-895f-f7b8-5166c73fc0b1/AppIcon-0-0-1x_U007emarketing-0-8-0-85-220.png/100x100bb.png,2026-06-30,kr,topfree,6014,游戏
28,6471045672,테이스티 트레블: 합성 게임,Century Games Pte. Ltd.,https://apps.apple.com/kr/app/%ED%85%8C%EC%9D%B4%EC%8A%A4%ED%8B%B0-%ED%8A%B8%EB%A0%88%EB%B8%94-%ED%95%A9%EC%84%B1-%EA%B2%8C%EC%9E%84/id6471045672?uo=2,https://is1-ssl.mzstatic.com/image/thumb/Purple221/v4/cc/cc/f2/ccccf200-20e5-c0fa-68fc-2ea32d90371c/AppIcon-0-0-1x_U007emarketing-0-8-0-85-220.png/100x100bb.png,2026-06-30,kr,topfree,6014,游戏
29,6749759672,산너머 도원마을,"Shimmer Joy Technology Co., Limited",https://apps.apple.com/kr/app/%EC%82%B0%EB%84%88%EB%A8%B8-%EB%8F%84%EC%9B%90%EB%A7%88%EC%9D%84/id6749759672?uo=2,https://is1-ssl.mzstatic.com/image/thumb/Purple221/v4/c3/ee/b6/c3eeb619-41bd-07d7-771c-8ddfdbb25a98/AppIcon-0-0-1x_U007emarketing-0-8-0-85-220.png/100x100bb.png,2026-06-30,kr,topfree,6014,游戏
30,6768495257,꿈꾸는 가구점: 합성 & 스토리 게임,K8GAMES,https://apps.apple.com/kr/app/%EA%BF%88%EA%BE%B8%EB%8A%94-%EA%B0%80%EA%B5%AC%EC%A0%90-%ED%95%A9%EC%84%B1-%EC%8A%A4%ED%86%A0%EB%A6%AC-%EA%B2%8C%EC%9E%84/id6768495257?uo=2,https://is1-ssl.mzstatic.com/image/thumb/Purple221/v4/95/83/c1/9583c157-b895-5b71-44c9-1591acc55dfb/AppIcon-0-0-1x_U007emarketing-0-5-85-220.png/100x100bb.png,2026-06-30,kr,topfree,6014,游戏
31,6745933175,갓갓갓,"OBLIQUE GAMES, Corp.",https://apps.apple.com/kr/app/%EA%B0%93%EA%B0%93%EA%B0%93/id6745933175?uo=2,https://is1-ssl.mzstatic.com/image/thumb/Purple221/v4/8f/15/b0/8f15b0e4-37f4-b722-7bb2-eb266d0e96a9/AppIcon-0-0-1x_U007emarketing-0-8-0-85-220.png/100x100bb.png,2026-06-30,kr,topfree,6014,游戏
32,6756185760,Search It - Hidden Objects,LEAP BILISIM TEKNOLOJILERI VE YAZILIM TICARET ANONIM SIRKETI,https://apps.apple.com/kr/app/search-it-hidden-objects/id6756185760?uo=2,https://is1-ssl.mzstatic.com/image/thumb/Purple221/v4/ca/ed/fb/caedfbcf-8572-16cd-2009-6828ace25270/AppIcon-0-0-1x_U007emarketing-0-8-0-85-220.png/100x100bb.png,2026-06-30,kr,topfree,6014,游戏
33,1441742921,마비노기 모바일,NEXON Company,https://apps.apple.com/kr/app/%EB%A7%88%EB%B9%84%EB%85%B8%EA%B8%B0-%EB%AA%A8%EB%B0%94%EC%9D%BC/id1441742921?uo=2,https://is1-ssl.mzstatic.com/image/thumb/Purple211/v4/55/d8/4e/55d84e44-cf05-4685-050b-022826e91eef/AppIcon-0-0-1x_U007emarketing-0-8-0-85-220.png/100x100bb.png,2026-06-30,kr,topfree,6014,游戏
34,1550945606,사커 슈퍼스타 - 축구,Real Free Soccer,https://apps.apple.com/kr/app/%EC%82%AC%EC%BB%A4-%EC%8A%88%ED%8D%BC%EC%8A%A4%ED%83%80-%EC%B6%95%EA%B5%AC/id1550945606?uo=2,https://is1-ssl.mzstatic.com/image/thumb/Purple211/v4/6f/33/f3/6f33f30b-be06-13d9-8ac1-620fdf9094ce/AppIcon-1x_U007emarketing-0-8-0-85-220-0.png/100x100bb.png,2026-06-30,kr,topfree,6014,游戏
35,6739616715,메이플 키우기,NEXON Company,https://apps.apple.com/kr/app/%EB%A9%94%EC%9D%B4%ED%94%8C-%ED%82%A4%EC%9A%B0%EA%B8%B0/id6739616715?uo=2,https://is1-ssl.mzstatic.com/image/thumb/Purple221/v4/6c/bd/8e/6cbd8ee4-d86c-5183-b119-79a518cc0586/AppIcon-0-0-1x_U007emarketing-0-8-0-85-220.png/100x100bb.png,2026-06-30,kr,topfree,6014,游戏
36,6759822089,오늘의 꽃 : 진짜 꽃을 키우는 게임,Ujoy Games Limited,https://apps.apple.com/kr/app/%EC%98%A4%EB%8A%98%EC%9D%98-%EA%BD%83-%EC%A7%84%EC%A7%9C-%EA%BD%83%EC%9D%84-%ED%82%A4%EC%9A%B0%EB%8A%94-%EA%B2%8C%EC%9E%84/id6759822089?uo=2,https://is1-ssl.mzstatic.com/image/thumb/Purple221/v4/cc/74/42/cc744263-0e93-75f5-9e03-3ef96af16816/AppIcon-0-0-1x_U007emarketing-0-8-0-85-220.png/100x100bb.png,2026-06-30,kr,topfree,6014,游戏
37,6756482832,Brain Puzzle 3: Crazy Mind,SmallStep Dev Team,https://apps.apple.com/kr/app/brain-puzzle-3-crazy-mind/id6756482832?uo=2,https://is1-ssl.mzstatic.com/image/thumb/Purple221/v4/19/ed/f5/19edf5ae-ab7a-1274-cce7-cf6dd9e42804/AppIcon-0-0-1x_U007emarketing-0-8-0-85-220.png/100x100bb.png,2026-06-30,kr,topfree,6014,游戏
38,1623318294,가십하버: 합성 & 스토리 게임,Microfun Limited,https://apps.apple.com/kr/app/%EA%B0%80%EC%8B%AD%ED%95%98%EB%B2%84-%ED%95%A9%EC%84%B1-%EC%8A%A4%ED%86%A0%EB%A6%AC-%EA%B2%8C%EC%9E%84/id1623318294?uo=2,https://is1-ssl.mzstatic.com/image/thumb/Purple221/v4/d5/d7/02/d5d702dd-af54-09a5-21d1-ed6db319d310/AppIcon-0-0-1x_U007emarketing-0-8-0-85-220.png/100x100bb.png,2026-06-30,kr,topfree,6014,游戏
39,6754899403,킹방치: 빵쓰런,NEWLEAP SOFT,https://apps.apple.com/kr/app/%ED%82%B9%EB%B0%A9%EC%B9%98-%EB%B9%B5%EC%93%B0%EB%9F%B0/id6754899403?uo=2,https://is1-ssl.mzstatic.com/image/thumb/Purple221/v4/6e/e4/93/6ee493f9-fab0-4bf9-9732-d32b4b908b13/AppIcon-0-0-1x_U007emarketing-0-11-0-85-220.png/100x100bb.png,2026-06-30,kr,topfree,6014,游戏
40,6739554056,킹샷:Kingshot,Century Games Pte. Ltd.,https://apps.apple.com/kr/app/%ED%82%B9%EC%83%B7-kingshot/id6739554056?uo=2,https://is1-ssl.mzstatic.com/image/thumb/Purple211/v4/ee/d2/22/eed22297-9313-d8b0-52c8-95f42a2795b2/AppIcon-0-0-1x_U007emarketing-0-8-0-85-220.png/100x100bb.png,2026-06-30,kr,topfree,6014,游戏
41,1366526331,배틀그라운드,KRAFTON Inc,https://apps.apple.com/kr/app/%EB%B0%B0%ED%8B%80%EA%B7%B8%EB%9D%BC%EC%9A%B4%EB%93%9C/id1366526331?uo=2,https://is1-ssl.mzstatic.com/image/thumb/Purple211/v4/b2/b1/73/b2b173c2-26fd-3d18-ba5e-83acaa1bfe3d/AppIcon-0-0-1x_U007emarketing-0-7-0-85-220.png/100x100bb.png,2026-06-30,kr,topfree,6014,游戏
42,6748397500,Arrows – Puzzle Escape,Lessmore GmbH,https://apps.apple.com/kr/app/arrows-puzzle-escape/id6748397500?uo=2,https://is1-ssl.mzstatic.com/image/thumb/Purple221/v4/8d/12/50/8d12503f-10ab-e482-7ec1-5088c4af8cd8/AppIcon-0-0-1x_U007emarketing-0-8-0-85-220.png/100x100bb.png,2026-06-30,kr,topfree,6014,游戏
43,880047117,앵그리버드 2 (Angry Birds 2),Rovio Entertainment Oyj,https://apps.apple.com/kr/app/%EC%95%B5%EA%B7%B8%EB%A6%AC%EB%B2%84%EB%93%9C-2-angry-birds-2/id880047117?uo=2,https://is1-ssl.mzstatic.com/image/thumb/Purple221/v4/9e/4c/4c/9e4c4cd1-c2a6-b88c-9e76-e4d5cfb5fd3c/AppIcon-0-0-1x_U007emarketing-0-8-0-85-220.png/100x100bb.png,2026-06-30,kr,topfree,6014,游戏
44,6758326278,Amaze GO! - 화살표 퍼즐,Oakever Games,https://apps.apple.com/kr/app/amaze-go-%ED%99%94%EC%82%B4%ED%91%9C-%ED%8D%BC%EC%A6%90/id6758326278?uo=2,https://is1-ssl.mzstatic.com/image/thumb/Purple221/v4/69/a2/57/69a25772-6707-b207-50a6-dbe244ea8442/AppIcon-0-0-1x_U007emarketing-0-8-0-85-220.png/100x100bb.png,2026-06-30,kr,topfree,6014,游戏
45,1229016807,브롤스타즈,Supercell,https://apps.apple.com/kr/app/%EB%B8%8C%EB%A1%A4%EC%8A%A4%ED%83%80%EC%A6%88/id1229016807?uo=2,https://is1-ssl.mzstatic.com/image/thumb/Purple211/v4/a6/dc/a4/a6dca41e-7385-e8fb-cddf-dcb9751c1454/AppIcon-0-0-1x_U007epad-0-1-85-220.png/100x100bb.png,2026-06-30,kr,topfree,6014,游戏
46,848091833,냥코 대전쟁,ponos corporation,https://apps.apple.com/kr/app/%EB%83%A5%EC%BD%94-%EB%8C%80%EC%A0%84%EC%9F%81/id848091833?uo=2,https://is1-ssl.mzstatic.com/image/thumb/Purple221/v4/0f/25/a6/0f25a6e3-a49b-50f2-638f-f94be0101e76/AppIcon-kr-1x_U007epad-0-1-85-220-0.png/100x100bb.png,2026-06-30,kr,topfree,6014,游戏
47,1546845921,멜론 메이커 : 머지,SUPERBOX. Inc,https://apps.apple.com/kr/app/%EB%A9%9C%EB%A1%A0-%EB%A9%94%EC%9D%B4%EC%BB%A4-%EB%A8%B8%EC%A7%80/id1546845921?uo=2,https://is1-ssl.mzstatic.com/image/thumb/Purple211/v4/75/a8/eb/75a8eb34-91bc-6d9f-91bd-b2b802d1bbea/AppIcon-0-0-1x_U007emarketing-0-8-0-85-220.png/100x100bb.png,2026-06-30,kr,topfree,6014,游戏
48,6482291732,운빨존많겜,111%,https://apps.apple.com/kr/app/%EC%9A%B4%EB%B9%A8%EC%A1%B4%EB%A7%8E%EA%B2%9C/id6482291732?uo=2,https://is1-ssl.mzstatic.com/image/thumb/Purple221/v4/d2/42/c1/d242c1e1-8a16-6a6d-9b74-2f57eb18f2a4/AppIcon-0-0-1x_U007emarketing-0-5-85-220.png/100x100bb.png,2026-06-30,kr,topfree,6014,游戏
49,6760331151,시티 데몬헌터즈: 각성자들,"Dawn Breaking Network Technology Co., Limited",https://apps.apple.com/kr/app/%EC%8B%9C%ED%8B%B0-%EB%8D%B0%EB%AA%AC%ED%97%8C%ED%84%B0%EC%A6%88-%EA%B0%81%EC%84%B1%EC%9E%90%EB%93%A4/id6760331151?uo=2,https://is1-ssl.mzstatic.com/image/thumb/Purple221/v4/e7/9a/53/e79a53dd-c5c4-0d34-279e-89ae1e4d989f/AppIcon-0-0-1x_U007emarketing-0-8-0-85-220.png/100x100bb.png,2026-06-30,kr,topfree,6014,游戏
50,1482155847,로얄 매치 (Royal Match),Dream Games,https://apps.apple.com/kr/app/%EB%A1%9C%EC%96%84-%EB%A7%A4%EC%B9%98-royal-match/id1482155847?uo=2,https://is1-ssl.mzstatic.com/image/thumb/Purple221/v4/50/3d/ab/503dabf4-c381-e224-5630-5b031703c08d/AppIcon-0-0-1x_U007emarketing-0-8-0-85-220.png/100x100bb.png,2026-06-30,kr,topfree,6014,游戏
1,6748950306,솔리테어 - 카드게임 또 워드퍼즐,Hitapps Games LTD,https://apps.apple.com/kr/app/%EC%86%94%EB%A6%AC%ED%85%8C%EC%96%B4-%EC%B9%B4%EB%93%9C%EA%B2%8C%EC%9E%84-%EB%98%90-%EC%9B%8C%EB%93%9C%ED%8D%BC%EC%A6%90/id6748950306?uo=2,https://is1-ssl.mzstatic.com/image/thumb/Purple221/v4/40/a7/d8/40a7d82f-e64f-e659-2616-19712300466a/AppIcon-0-0-1x_U007emarketing-0-8-0-85-220.png/100x100bb.png,2026-06-30,kr,topfree,7019,文字
2,6499306754,Code Busters: Word Puzzle Game,Smartronic,https://apps.apple.com/kr/app/code-busters-word-puzzle-game/id6499306754?uo=2,https://is1-ssl.mzstatic.com/image/thumb/Purple221/v4/8c/18/0f/8c180f7d-9367-14c2-dfb5-6b3c7fd4d474/AppIcon-0-0-1x_U007emarketing-0-11-0-85-220.png/100x100bb.png,2026-06-30,kr,topfree,7019,文字
3,6759077038,Profile Perfect,Lion Studios Plus,https://apps.apple.com/kr/app/profile-perfect/id6759077038?uo=2,https://is1-ssl.mzstatic.com/image/thumb/Purple221/v4/9d/7a/c9/9d7ac98c-2b27-aa66-3621-6bc76e1574fe/AppIcon-0-0-1x_U007emarketing-0-8-0-85-220.png/100x100bb.png,2026-06-30,kr,topfree,7019,文字
4,1453720435,Liar Game,DongUk Kim,https://apps.apple.com/kr/app/liar-game/id1453720435?uo=2,https://is1-ssl.mzstatic.com/image/thumb/Purple211/v4/f3/82/ef/f382efe1-df9d-15b7-16c4-b86064cee9a8/AppIcon-0-0-1x_U007emarketing-0-6-0-85-220.png/100x100bb.png,2026-06-30,kr,topfree,7019,文字
5,1477841973,Brain Out -Tricky riddle games,EYEWIND LIMITED,https://apps.apple.com/kr/app/brain-out-tricky-riddle-games/id1477841973?uo=2,https://is1-ssl.mzstatic.com/image/thumb/Purple211/v4/23/23/ce/2323ceba-53b8-50bd-d71c-87ae5c5656e0/AppIcon-1x_U007emarketing-0-8-0-85-220-0.png/100x100bb.png,2026-06-30,kr,topfree,7019,文字
6,6446421159,낱말퀴즈 - 재미있는 워드단어퍼즐게임,Mirror of Ember,https://apps.apple.com/kr/app/%EB%82%B1%EB%A7%90%ED%80%B4%EC%A6%88-%EC%9E%AC%EB%AF%B8%EC%9E%88%EB%8A%94-%EC%9B%8C%EB%93%9C%EB%8B%A8%EC%96%B4%ED%8D%BC%EC%A6%90%EA%B2%8C%EC%9E%84/id6446421159?uo=2,https://is1-ssl.mzstatic.com/image/thumb/Purple211/v4/5a/85/18/5a851874-c874-80e0-b614-2246a1e6c9f5/AppIcon-0-0-1x_U007epad-0-1-85-220.png/100x100bb.png,2026-06-30,kr,topfree,7019,文字
7,1608860892,MomoLingo: 영어와 다양한 언어 공부,MNO GO APPS LTD,https://apps.apple.com/kr/app/momolingo-%EC%98%81%EC%96%B4%EC%99%80-%EB%8B%A4%EC%96%91%ED%95%9C-%EC%96%B8%EC%96%B4-%EA%B3%B5%EB%B6%80/id1608860892?uo=2,https://is1-ssl.mzstatic.com/image/thumb/Purple221/v4/3b/8d/99/3b8d99c9-7b07-9646-e5a1-d944e829a467/AppIcon-0-0-1x_U007emarketing-0-8-0-85-220.png/100x100bb.png,2026-06-30,kr,topfree,7019,文字
8,6742752351,넷플릭스 퍼즐 모음,"Netflix, Inc.",https://apps.apple.com/kr/app/%EB%84%B7%ED%94%8C%EB%A6%AD%EC%8A%A4-%ED%8D%BC%EC%A6%90-%EB%AA%A8%EC%9D%8C/id6742752351?uo=2,https://is1-ssl.mzstatic.com/image/thumb/Purple211/v4/57/e9/58/57e95841-0710-b935-f9d0-8074373f4351/appicon-0-0-1x_U007emarketing-0-8-0-85-220.png/100x100bb.png,2026-06-30,kr,topfree,7019,文字
9,6755815731,Word Screw - 나사와 단어,Astrasen Global,https://apps.apple.com/kr/app/word-screw-%EB%82%98%EC%82%AC%EC%99%80-%EB%8B%A8%EC%96%B4/id6755815731?uo=2,https://is1-ssl.mzstatic.com/image/thumb/Purple221/v4/dd/cf/e2/ddcfe2e2-2d90-a005-ab05-c4e2295b7e88/AppIcon-0-0-1x_U007epad-0-1-85-220.png/100x100bb.png,2026-06-30,kr,topfree,7019,文字
10,806789635,"한국사 퀴즈 (중학생, 고등학생, 공무원 준비생을 위한...)",Naeun Zang,https://apps.apple.com/kr/app/%ED%95%9C%EA%B5%AD%EC%82%AC-%ED%80%B4%EC%A6%88-%EC%A4%91%ED%95%99%EC%83%9D-%EA%B3%A0%EB%93%B1%ED%95%99%EC%83%9D-%EA%B3%B5%EB%AC%B4%EC%9B%90-%EC%A4%80%EB%B9%84%EC%83%9D%EC%9D%84-%EC%9C%84%ED%95%9C/id806789635?uo=2,https://is1-ssl.mzstatic.com/image/thumb/Purple60/v4/8f/93/1e/8f931e71-0343-78dc-b291-2bb32c0d326e/mzl.dgrabvpc.png/100x100bb.png,2026-06-30,kr,topfree,7019,文字
11,1602508478,단어 찾기: 단어 게임,PlaySimple Games Pte Ltd,https://apps.apple.com/kr/app/%EB%8B%A8%EC%96%B4-%EC%B0%BE%EA%B8%B0-%EB%8B%A8%EC%96%B4-%EA%B2%8C%EC%9E%84/id1602508478?uo=2,https://is1-ssl.mzstatic.com/image/thumb/Purple211/v4/44/99/ae/4499aec6-4b2b-6cfb-5ed0-1328808dcfa5/AppIcon-0-0-1x_U007emarketing-0-8-0-85-220.png/100x100bb.png,2026-06-30,kr,topfree,7019,文字
12,6532601126,That’s My Seat – 논리 퍼즐,ROOFTOP GAMES OYUN TEKNOLOJILERI ANONIM SIRKETI,https://apps.apple.com/kr/app/thats-my-seat-%EB%85%BC%EB%A6%AC-%ED%8D%BC%EC%A6%90/id6532601126?uo=2,https://is1-ssl.mzstatic.com/image/thumb/Purple211/v4/4f/88/fd/4f88fd1f-bcba-2ac7-7ef8-ebaf53eca4c5/AppIcon-0-0-1x_U007emarketing-0-8-0-85-220.png/100x100bb.png,2026-06-30,kr,topfree,7019,文字
13,6753888656,바다거북스프 - 두뇌추리게임,Sunghee Lee,https://apps.apple.com/kr/app/%EB%B0%94%EB%8B%A4%EA%B1%B0%EB%B6%81%EC%8A%A4%ED%94%84-%EB%91%90%EB%87%8C%EC%B6%94%EB%A6%AC%EA%B2%8C%EC%9E%84/id6753888656?uo=2,https://is1-ssl.mzstatic.com/image/thumb/Purple221/v4/a8/80/72/a88072cd-aac6-4258-d105-14056727866a/AppIcon-0-0-1x_U007emarketing-0-11-0-85-220.png/100x100bb.png,2026-06-30,kr,topfree,7019,文字
14,1526842079,Brain Who? 까다로운 수수께끼 테스트,Teos Oyun,https://apps.apple.com/kr/app/brain-who-%EA%B9%8C%EB%8B%A4%EB%A1%9C%EC%9A%B4-%EC%88%98%EC%88%98%EA%BB%98%EB%81%BC-%ED%85%8C%EC%8A%A4%ED%8A%B8/id1526842079?uo=2,https://is1-ssl.mzstatic.com/image/thumb/Purple221/v4/74/bb/c1/74bbc196-9dba-dca1-1e26-63ac757ffa0d/AppIcon-0-0-1x_U007emarketing-0-8-0-85-220.png/100x100bb.png,2026-06-30,kr,topfree,7019,文字
15,6749696890,Associations - Colorwood 게임,Burny Games,https://apps.apple.com/kr/app/associations-colorwood-%EA%B2%8C%EC%9E%84/id6749696890?uo=2,https://is1-ssl.mzstatic.com/image/thumb/Purple211/v4/58/4c/9c/584c9c66-64ea-bcc0-c66e-3f2064035fc3/AppIcon-0-0-1x_U007emarketing-0-8-0-85-220.png/100x100bb.png,2026-06-30,kr,topfree,7019,文字
16,1270393677,Gartic.io,Gartic,https://apps.apple.com/kr/app/gartic-io/id1270393677?uo=2,https://is1-ssl.mzstatic.com/image/thumb/Purple211/v4/4f/92/9c/4f929cd1-4a5f-49bf-a4c3-959331733409/AppIcon-0-0-1x_U007emarketing-0-8-0-85-220.png/100x100bb.png,2026-06-30,kr,topfree,7019,文字
17,962967058,퀴즈캔버스 - 토크온 그림퀴즈 게임,SUPERCAT Inc.,https://apps.apple.com/kr/app/%ED%80%B4%EC%A6%88%EC%BA%94%EB%B2%84%EC%8A%A4-%ED%86%A0%ED%81%AC%EC%98%A8-%EA%B7%B8%EB%A6%BC%ED%80%B4%EC%A6%88-%EA%B2%8C%EC%9E%84/id962967058?uo=2,https://is1-ssl.mzstatic.com/image/thumb/Purple111/v4/47/6a/0b/476a0b52-07ab-b595-3301-67bda1182f91/mzl.iunaxdjp.png/100x100bb.png,2026-06-30,kr,topfree,7019,文字
18,1644099880,Cryptogram: Logic Word Search,Joyteractive,https://apps.apple.com/kr/app/cryptogram-logic-word-search/id1644099880?uo=2,https://is1-ssl.mzstatic.com/image/thumb/Purple221/v4/c8/54/e8/c854e876-1d68-4ec6-122a-a55731f7a067/AppIcon-0-0-1x_U007emarketing-0-8-0-85-220.png/100x100bb.png,2026-06-30,kr,topfree,7019,文字
19,1570949942,LIAR GAME: WHO IS LIAR,Geonseok Lee,https://apps.apple.com/kr/app/liar-game-who-is-liar/id1570949942?uo=2,https://is1-ssl.mzstatic.com/image/thumb/Purple126/v4/3e/9d/00/3e9d00fa-ff8d-dc51-0265-d54440b121d1/AppIcon-1x_U007emarketing-0-7-85-220.jpeg/100x100bb.png,2026-06-30,kr,topfree,7019,文字
20,1512834505,Wavelength,Palm Court LLC,https://apps.apple.com/kr/app/wavelength/id1512834505?uo=2,https://is1-ssl.mzstatic.com/image/thumb/Purple221/v4/25/e2/7c/25e27c04-ef27-cb6f-9d6d-bbe3beaa62ca/AppIcon-0-0-1x_U007emarketing-0-8-0-85-220.png/100x100bb.png,2026-06-30,kr,topfree,7019,文字
21,864653361,2048 :),Chaohsien Lee,https://apps.apple.com/kr/app/2048/id864653361?uo=2,https://is1-ssl.mzstatic.com/image/thumb/Purple211/v4/11/e7/23/11e7232b-3343-bfd4-35e7-8f76f3a14d3b/AppIcon-0-0-1x_U007emarketing-0-9-0-85-220.png/100x100bb.png,2026-06-30,kr,topfree,7019,文字
22,6739069151,Crossword Go!,PlaySimple Games Pte Ltd,https://apps.apple.com/kr/app/crossword-go/id6739069151?uo=2,https://is1-ssl.mzstatic.com/image/thumb/Purple211/v4/4b/d4/12/4bd4122f-a4b6-cfcc-15b0-293127666f3f/AppIcon-0-0-1x_U007emarketing-0-8-0-85-220.png/100x100bb.png,2026-06-30,kr,topfree,7019,文字
23,6612036952,라이어게임(Who is Liar?),MuGeun Lee,https://apps.apple.com/kr/app/%EB%9D%BC%EC%9D%B4%EC%96%B4%EA%B2%8C%EC%9E%84-who-is-liar/id6612036952?uo=2,https://is1-ssl.mzstatic.com/image/thumb/Purple211/v4/d5/87/42/d5874203-6df3-9e24-6b14-b545a04f70b2/AppIcon-0-0-1x_U007epad-0-1-85-220.jpeg/100x100bb.png,2026-06-30,kr,topfree,7019,文字
24,1369521645,Words of Wonders: 퍼즐 로직!,FUGO BILISIM TEKNOLOJILERI VE YAZILIM TICARET ANONIM SIRKETI,https://apps.apple.com/kr/app/words-of-wonders-%ED%8D%BC%EC%A6%90-%EB%A1%9C%EC%A7%81/id1369521645?uo=2,https://is1-ssl.mzstatic.com/image/thumb/Purple221/v4/c6/2d/aa/c62daa46-5af1-a339-9580-f239755bf983/AppIcon-0-0-1x_U007emarketing-0-8-0-85-220.png/100x100bb.png,2026-06-30,kr,topfree,7019,文字
25,1660171117,Zen Word® - Relax Puzzle Game,Oakever Games,https://apps.apple.com/kr/app/zen-word-relax-puzzle-game/id1660171117?uo=2,https://is1-ssl.mzstatic.com/image/thumb/Purple221/v4/ed/51/84/ed51840c-7bfd-d698-9743-10b3fa693da3/AppIcon-0-0-1x_U007emarketing-0-8-0-85-220.png/100x100bb.png,2026-06-30,kr,topfree,7019,文字
26,1580064408,Riddle Test: 브레인 티저 게임,Kidding Box,https://apps.apple.com/kr/app/riddle-test-%EB%B8%8C%EB%A0%88%EC%9D%B8-%ED%8B%B0%EC%A0%80-%EA%B2%8C%EC%9E%84/id1580064408?uo=2,https://is1-ssl.mzstatic.com/image/thumb/Purple211/v4/72/96/b2/7296b255-1db5-faa1-644f-43967cb7c5cd/AppIcon-0-0-1x_U007emarketing-0-8-0-85-220.png/100x100bb.png,2026-06-30,kr,topfree,7019,文字
27,1224546962,힐링의 우파루파 육성 게임,Hiroki Yamada,https://apps.apple.com/kr/app/%ED%9E%90%EB%A7%81%EC%9D%98-%EC%9A%B0%ED%8C%8C%EB%A3%A8%ED%8C%8C-%EC%9C%A1%EC%84%B1-%EA%B2%8C%EC%9E%84/id1224546962?uo=2,https://is1-ssl.mzstatic.com/image/thumb/Purple116/v4/80/72/1f/80721fdd-3d28-172e-7e0c-0a22788a8573/AppIcon-0-0-1x_U007emarketing-0-0-0-7-0-0-sRGB-0-0-0-GLES2_U002c0-512MB-85-220-0-0.png/100x100bb.png,2026-06-30,kr,topfree,7019,文字
28,1491764681,두뇌게임 (Easy Game) - 두뇌 자극 수수께끼,Easybrain Ltd,https://apps.apple.com/kr/app/%EB%91%90%EB%87%8C%EA%B2%8C%EC%9E%84-easy-game-%EB%91%90%EB%87%8C-%EC%9E%90%EA%B7%B9-%EC%88%98%EC%88%98%EA%BB%98%EB%81%BC/id1491764681?uo=2,https://is1-ssl.mzstatic.com/image/thumb/Purple211/v4/bf/44/1a/bf441a95-cace-e333-4756-880a02df678e/AppIcon-0-0-1x_U007emarketing-0-8-0-85-220.png/100x100bb.png,2026-06-30,kr,topfree,7019,文字
29,6761682839,낱말퀴즈,Insup Lee,https://apps.apple.com/kr/app/%EB%82%B1%EB%A7%90%ED%80%B4%EC%A6%88/id6761682839?uo=2,https://is1-ssl.mzstatic.com/image/thumb/Purple211/v4/84/27/43/84274309-94e6-72e8-9755-fda947a9c39c/AppIcon-0-0-1x_U007ephone-0-1-85-220.png/100x100bb.png,2026-06-30,kr,topfree,7019,文字
30,1509843880,나는 타자왕 (타자 연습),AppMadang,https://apps.apple.com/kr/app/%EB%82%98%EB%8A%94-%ED%83%80%EC%9E%90%EC%99%95-%ED%83%80%EC%9E%90-%EC%97%B0%EC%8A%B5/id1509843880?uo=2,https://is1-ssl.mzstatic.com/image/thumb/Purple221/v4/10/92/9f/10929f6a-24b8-ff26-b5ef-4d9e1cee97f2/AppIcon-0-0-1x_U007epad-0-85-220.png/100x100bb.png,2026-06-30,kr,topfree,7019,文字
31,1529068001,우즈 - 머더 미스터리 앱,"Sally, inc.",https://apps.apple.com/kr/app/%EC%9A%B0%EC%A6%88-%EB%A8%B8%EB%8D%94-%EB%AF%B8%EC%8A%A4%ED%84%B0%EB%A6%AC-%EC%95%B1/id1529068001?uo=2,https://is1-ssl.mzstatic.com/image/thumb/Purple221/v4/08/a7/76/08a77649-0268-a1d9-59dd-5d82871b8925/AppIcon-prd-1x_U007emarketing-0-11-0-85-220-0.png/100x100bb.png,2026-06-30,kr,topfree,7019,文字
32,6476744942,어휘역 - 단어추리게임,Sunghee Lee,https://apps.apple.com/kr/app/%EC%96%B4%ED%9C%98%EC%97%AD-%EB%8B%A8%EC%96%B4%EC%B6%94%EB%A6%AC%EA%B2%8C%EC%9E%84/id6476744942?uo=2,https://is1-ssl.mzstatic.com/image/thumb/Purple221/v4/7e/55/91/7e559146-1f2f-4ff1-dd46-6c5e90aede33/AppIcon-0-0-1x_U007emarketing-0-11-0-0-85-220.png/100x100bb.png,2026-06-30,kr,topfree,7019,文字
33,1221235267,워드타워 - 재미있는 단어 퍼즐,MONSTER PLANET Corp.,https://apps.apple.com/kr/app/%EC%9B%8C%EB%93%9C%ED%83%80%EC%9B%8C-%EC%9E%AC%EB%AF%B8%EC%9E%88%EB%8A%94-%EB%8B%A8%EC%96%B4-%ED%8D%BC%EC%A6%90/id1221235267?uo=2,https://is1-ssl.mzstatic.com/image/thumb/Purple125/v4/c7/23/91/c723916e-0cd1-7cb2-a3db-3141424f7093/AppIcon-1x_U007emarketing-0-9-0-85-220.png/100x100bb.png,2026-06-30,kr,topfree,7019,文字
34,6741839590,PlaySimple Cryptogram,PlaySimple Games Pte Ltd,https://apps.apple.com/kr/app/playsimple-cryptogram/id6741839590?uo=2,https://is1-ssl.mzstatic.com/image/thumb/Purple211/v4/e7/39/66/e7396625-e8a5-02ea-8cdb-fc6e6dd723fa/AppIcon-0-0-1x_U007emarketing-0-8-0-85-220.png/100x100bb.png,2026-06-30,kr,topfree,7019,文字
35,6446405064,Call My Name - 런닝맨 인물퀴즈,Sunghee Lee,https://apps.apple.com/kr/app/call-my-name-%EB%9F%B0%EB%8B%9D%EB%A7%A8-%EC%9D%B8%EB%AC%BC%ED%80%B4%EC%A6%88/id6446405064?uo=2,https://is1-ssl.mzstatic.com/image/thumb/Purple221/v4/7a/21/cc/7a21cced-feef-3aa8-a5f1-fc6ba535647b/AppIcon-0-0-1x_U007emarketing-0-11-0-0-85-220.png/100x100bb.png,2026-06-30,kr,topfree,7019,文字
36,897716622,세계의 모든 국가의 국기 : 지도 및 수도,Andrey Solovyev,https://apps.apple.com/kr/app/%EC%84%B8%EA%B3%84%EC%9D%98-%EB%AA%A8%EB%93%A0-%EA%B5%AD%EA%B0%80%EC%9D%98-%EA%B5%AD%EA%B8%B0-%EC%A7%80%EB%8F%84-%EB%B0%8F-%EC%88%98%EB%8F%84/id897716622?uo=2,https://is1-ssl.mzstatic.com/image/thumb/Purple126/v4/ef/17/e2/ef17e29d-3bc4-63fd-2d74-c4cd1a70b843/AppIcon-0-0-1x_U007emarketing-0-0-0-7-0-0-sRGB-0-0-0-GLES2_U002c0-512MB-85-220-0-0.png/100x100bb.png,2026-06-30,kr,topfree,7019,文字
37,6748829729,잇잇잇 - 끝말잇기,YURI AZUMA,https://apps.apple.com/kr/app/%EC%9E%87%EC%9E%87%EC%9E%87-%EB%81%9D%EB%A7%90%EC%9E%87%EA%B8%B0/id6748829729?uo=2,https://is1-ssl.mzstatic.com/image/thumb/Purple221/v4/5d/b1/88/5db18862-ef83-6b65-fc86-ca35404f1e89/AppIcon-0-0-1x_U007emarketing-0-11-0-85-220.png/100x100bb.png,2026-06-30,kr,topfree,7019,文字
38,6466629859,LiarLiar - 라이어게임,PREST,https://apps.apple.com/kr/app/liarliar-%EB%9D%BC%EC%9D%B4%EC%96%B4%EA%B2%8C%EC%9E%84/id6466629859?uo=2,https://is1-ssl.mzstatic.com/image/thumb/Purple116/v4/c8/13/50/c81350cc-ede1-c906-000c-8319660c50ae/AppIcon-0-0-1x_U007emarketing-0-6-0-85-220.png/100x100bb.png,2026-06-30,kr,topfree,7019,文字
39,6754839783,Bubble Word Jam,Lion Studios Plus,https://apps.apple.com/kr/app/bubble-word-jam/id6754839783?uo=2,https://is1-ssl.mzstatic.com/image/thumb/Purple221/v4/cf/a2/de/cfa2de64-164c-e3cf-1e2f-f2182d085439/AppIcon-0-0-1x_U007emarketing-0-8-0-85-220.png/100x100bb.png,2026-06-30,kr,topfree,7019,文字
40,6447067139,한글 십자말풀이 - 우리말 겨루기,HFX Lab,https://apps.apple.com/kr/app/%ED%95%9C%EA%B8%80-%EC%8B%AD%EC%9E%90%EB%A7%90%ED%92%80%EC%9D%B4-%EC%9A%B0%EB%A6%AC%EB%A7%90-%EA%B2%A8%EB%A3%A8%EA%B8%B0/id6447067139?uo=2,https://is1-ssl.mzstatic.com/image/thumb/Purple211/v4/69/0a/e8/690ae82b-188e-89e6-83f7-68a746dcfa99/AppIcon-0-0-1x_U007ephone-0-1-85-220.png/100x100bb.png,2026-06-30,kr,topfree,7019,文字
41,1521818064,"QuizQuiz - 스피드퀴즈,노래퀴즈,초성퀴즈",PREST,https://apps.apple.com/kr/app/quizquiz-%EC%8A%A4%ED%94%BC%EB%93%9C%ED%80%B4%EC%A6%88-%EB%85%B8%EB%9E%98%ED%80%B4%EC%A6%88-%EC%B4%88%EC%84%B1%ED%80%B4%EC%A6%88/id1521818064?uo=2,https://is1-ssl.mzstatic.com/image/thumb/Purple116/v4/ba/70/98/ba709876-a667-6f8a-e999-14ee69618403/AppIcon-0-0-1x_U007emarketing-0-5-0-85-220.png/100x100bb.png,2026-06-30,kr,topfree,7019,文字
42,1146238011,힐링의 고슴도치 육성 게임,Hiroki Yamada,https://apps.apple.com/kr/app/%ED%9E%90%EB%A7%81%EC%9D%98-%EA%B3%A0%EC%8A%B4%EB%8F%84%EC%B9%98-%EC%9C%A1%EC%84%B1-%EA%B2%8C%EC%9E%84/id1146238011?uo=2,https://is1-ssl.mzstatic.com/image/thumb/Purple126/v4/c4/68/f9/c468f981-6f4c-e2a9-f051-9a40aaefe1d5/AppIcon-0-0-1x_U007emarketing-0-0-0-7-0-0-sRGB-0-0-0-GLES2_U002c0-512MB-85-220-0-0.png/100x100bb.png,2026-06-30,kr,topfree,7019,文字
43,986949579,세계사 퀴즈 (고등학교),Naeun Zang,https://apps.apple.com/kr/app/%EC%84%B8%EA%B3%84%EC%82%AC-%ED%80%B4%EC%A6%88-%EA%B3%A0%EB%93%B1%ED%95%99%EA%B5%90/id986949579?uo=2,https://is1-ssl.mzstatic.com/image/thumb/Purple5/v4/83/b0/ba/83b0ba25-1a17-4157-8858-b6b7a01f8d50/mzl.ekgodftv.jpg/100x100bb.png,2026-06-30,kr,topfree,7019,文字
44,307569751,NYT Games: Wordle & Crossword,The New York Times Company,https://apps.apple.com/kr/app/nyt-games-wordle-crossword/id307569751?uo=2,https://is1-ssl.mzstatic.com/image/thumb/Purple221/v4/6f/c6/d8/6fc6d80b-80f1-e130-f877-ddf0de04652a/Release-0-0-1x_U007epad-0-1-0-sRGB-0-85-220.png/100x100bb.png,2026-06-30,kr,topfree,7019,文字
45,6743940898,꼬들밥,MINCHAE KO,https://apps.apple.com/kr/app/%EA%BC%AC%EB%93%A4%EB%B0%A5/id6743940898?uo=2,https://is1-ssl.mzstatic.com/image/thumb/Purple221/v4/27/5f/36/275f3684-4e08-5acb-12ed-93f8143eaedb/AppIcon-0-0-1x_U007emarketing-0-11-0-85-220.png/100x100bb.png,2026-06-30,kr,topfree,7019,文字
46,6737890035,Brain Out 2 - Tricky Challenge,EYEWIND LIMITED,https://apps.apple.com/kr/app/brain-out-2-tricky-challenge/id6737890035?uo=2,https://is1-ssl.mzstatic.com/image/thumb/Purple221/v4/f8/b8/8d/f8b88d10-a729-cd83-89d2-5f8252a40d82/AppIcon-1x_U007emarketing-0-8-0-85-220-0.png/100x100bb.png,2026-06-30,kr,topfree,7019,文字
47,1097623056,전교1등퀴즈 - 고등학생을 위한 학습 퀴즈 (암기를 위한 모든 것),Naeun Zang,https://apps.apple.com/kr/app/%EC%A0%84%EA%B5%901%EB%93%B1%ED%80%B4%EC%A6%88-%EA%B3%A0%EB%93%B1%ED%95%99%EC%83%9D%EC%9D%84-%EC%9C%84%ED%95%9C-%ED%95%99%EC%8A%B5-%ED%80%B4%EC%A6%88-%EC%95%94%EA%B8%B0%EB%A5%BC-%EC%9C%84%ED%95%9C-%EB%AA%A8%EB%93%A0-%EA%B2%83/id1097623056?uo=2,https://is1-ssl.mzstatic.com/image/thumb/Purple60/v4/46/d9/da/46d9da33-dc6c-9538-fa6b-9804abfab4ce/mzl.vamjczbc.png/100x100bb.png,2026-06-30,kr,topfree,7019,文字
48,6476513210,LOK Digital,Draknek Limited,https://apps.apple.com/kr/app/lok-digital/id6476513210?uo=2,https://is1-ssl.mzstatic.com/image/thumb/Purple221/v4/13/21/93/132193b0-f24f-47f4-9611-fc1899e2a792/AppIcon-0-0-1x_U007emarketing-0-7-0-85-220.png/100x100bb.png,2026-06-30,kr,topfree,7019,文字
49,6755664971,"국어국어-맞춤법, 띄어쓰기 퀴즈",Seoyoung Joung,https://apps.apple.com/kr/app/%EA%B5%AD%EC%96%B4%EA%B5%AD%EC%96%B4-%EB%A7%9E%EC%B6%A4%EB%B2%95-%EB%9D%84%EC%96%B4%EC%93%B0%EA%B8%B0-%ED%80%B4%EC%A6%88/id6755664971?uo=2,https://is1-ssl.mzstatic.com/image/thumb/Purple211/v4/02/8b/4c/028b4cb7-b5b4-d4a6-92aa-5a6ec7b390b5/AppIcon-0-0-1x_U007ephone-0-1-85-220.png/100x100bb.png,2026-06-30,kr,topfree,7019,文字
50,1560758336,끝말잇기 말잇봇 - 안녕 난 말잇봇! 넌 말잇못!,Jaesung Hwang,https://apps.apple.com/kr/app/%EB%81%9D%EB%A7%90%EC%9E%87%EA%B8%B0-%EB%A7%90%EC%9E%87%EB%B4%87-%EC%95%88%EB%85%95-%EB%82%9C-%EB%A7%90%EC%9E%87%EB%B4%87-%EB%84%8C-%EB%A7%90%EC%9E%87%EB%AA%BB/id1560758336?uo=2,https://is1-ssl.mzstatic.com/image/thumb/Purple126/v4/0a/70/0d/0a700df7-af38-4f90-c8b9-3e9f0e14ad8c/AppIcon-0-0-1x_U007emarketing-0-7-0-0-85-220.png/100x100bb.png,2026-06-30,kr,topfree,7019,文字
1,1596736236,Rovio Classics: Angry Birds,Rovio Entertainment Oyj,https://apps.apple.com/kr/app/rovio-classics-angry-birds/id1596736236?uo=2,https://is1-ssl.mzstatic.com/image/thumb/Purple126/v4/16/b2/ca/16b2ca07-9218-4469-5e09-29addd3eff9e/AppIcon-1x_U007emarketing-0-7-0-85-220.png/100x100bb.png,2026-06-30,kr,toppaid,7012,解谜
2,6502634839,던전 추적자: 퍼즐 로그라이크 RPG,sang wook Jang,https://apps.apple.com/kr/app/%EB%8D%98%EC%A0%84-%EC%B6%94%EC%A0%81%EC%9E%90-%ED%8D%BC%EC%A6%90-%EB%A1%9C%EA%B7%B8%EB%9D%BC%EC%9D%B4%ED%81%AC-rpg/id6502634839?uo=2,https://is1-ssl.mzstatic.com/image/thumb/Purple211/v4/6d/f5/1d/6df51df6-9778-d2af-9d2b-8d79ed25d1a7/AppIcon-0-0-1x_U007emarketing-0-6-0-85-220.png/100x100bb.png,2026-06-30,kr,toppaid,7012,解谜
3,6738784092,A Little to the Left: Drawers,Secret Mode,https://apps.apple.com/kr/app/a-little-to-the-left-drawers/id6738784092?uo=2,https://is1-ssl.mzstatic.com/image/thumb/Purple221/v4/ca/15/1f/ca151fa8-6f3c-0191-7f7d-88be9097fc21/AppIcon-0-0-1x_U007emarketing-0-8-0-85-220.png/100x100bb.png,2026-06-30,kr,toppaid,7012,解谜
4,6749684876,알키오네: 화학 퍼즐,Boil Studio Inc.,https://apps.apple.com/kr/app/%EC%95%8C%ED%82%A4%EC%98%A4%EB%84%A4-%ED%99%94%ED%95%99-%ED%8D%BC%EC%A6%90/id6749684876?uo=2,https://is1-ssl.mzstatic.com/image/thumb/Purple211/v4/00/41/ac/0041ac0e-42e0-bf28-3ff4-1520ccfd6127/AppIcon-0-0-1x_U007emarketing-0-8-0-85-220.png/100x100bb.png,2026-06-30,kr,toppaid,7012,解谜
5,1642601792,The Past Within,Rusty Lake,https://apps.apple.com/kr/app/the-past-within/id1642601792?uo=2,https://is1-ssl.mzstatic.com/image/thumb/Purple211/v4/bb/2c/df/bb2cdff2-5289-a7b8-da79-4b7323917d16/AppIcon-0-0-1x_U007emarketing-0-7-0-85-220.png/100x100bb.png,2026-06-30,kr,toppaid,7012,解谜
6,1361526136,레이튼 교수와 이상한 마을 HD,Level-5 Inc.,https://apps.apple.com/kr/app/%EB%A0%88%EC%9D%B4%ED%8A%BC-%EA%B5%90%EC%88%98%EC%99%80-%EC%9D%B4%EC%83%81%ED%95%9C-%EB%A7%88%EC%9D%84-hd/id1361526136?uo=2,https://is1-ssl.mzstatic.com/image/thumb/Purple112/v4/27/27/45/27274537-23ce-8a8e-df80-e6aea3b279c5/AppIcon-1x_U007emarketing-0-7-85-220.png/100x100bb.png,2026-06-30,kr,toppaid,7012,解谜
7,731645633,Hitman GO,Deca Live Operations GmbH,https://apps.apple.com/kr/app/hitman-go/id731645633?uo=2,https://is1-ssl.mzstatic.com/image/thumb/Purple211/v4/7a/23/79/7a2379f3-b3e3-4f59-033d-145e1f7677bc/AppIcon-0-0-1x_U007emarketing-0-8-0-85-220.png/100x100bb.png,2026-06-30,kr,toppaid,7012,解谜
8,1665706687,Underground Blossom,Rusty Lake,https://apps.apple.com/kr/app/underground-blossom/id1665706687?uo=2,https://is1-ssl.mzstatic.com/image/thumb/Purple221/v4/ca/1b/44/ca1b4427-1586-df07-a871-4fda139d5470/AppIcon-0-0-1x_U007emarketing-0-0-0-7-0-0-sRGB-0-0-0-GLES2_U002c0-512MB-85-220-0-0.png/100x100bb.png,2026-06-30,kr,toppaid,7012,解谜
9,6759285712,Zyl,Fleon Labs,https://apps.apple.com/kr/app/zyl/id6759285712?uo=2,https://is1-ssl.mzstatic.com/image/thumb/Purple211/v4/11/74/bc/1174bc02-b040-befa-3427-6b36f18384f3/AppIcon-0-0-1x_U007epad-0-1-85-220.png/100x100bb.png,2026-06-30,kr,toppaid,7012,解谜
10,6744579956,Illusion Bowling,Daniel Koenig-Meier,https://apps.apple.com/kr/app/illusion-bowling/id6744579956?uo=2,https://is1-ssl.mzstatic.com/image/thumb/Purple211/v4/eb/2f/36/eb2f3671-bf77-f053-1fa6-cf977764a0ae/AppIcon-0-0-1x_U007epad-0-1-85-220.png/100x100bb.png,2026-06-30,kr,toppaid,7012,解谜
11,1459831585,레이튼 교수와 악마의 상자 모바일 HD 리마스터,Level-5 Inc.,https://apps.apple.com/kr/app/%EB%A0%88%EC%9D%B4%ED%8A%BC-%EA%B5%90%EC%88%98%EC%99%80-%EC%95%85%EB%A7%88%EC%9D%98-%EC%83%81%EC%9E%90-%EB%AA%A8%EB%B0%94%EC%9D%BC-hd-%EB%A6%AC%EB%A7%88%EC%8A%A4%ED%84%B0/id1459831585?uo=2,https://is1-ssl.mzstatic.com/image/thumb/Purple122/v4/b2/cb/ad/b2cbad9d-01bb-08e3-a684-91493034a34c/AppIcon-1x_U007emarketing-0-7-85-220.png/100x100bb.png,2026-06-30,kr,toppaid,7012,解谜
12,1450808228,Rusty Lake Hotel KR,Rusty Lake,https://apps.apple.com/kr/app/rusty-lake-hotel-kr/id1450808228?uo=2,https://is1-ssl.mzstatic.com/image/thumb/Purple115/v4/5a/90/a3/5a90a35c-e3dd-d359-5d55-17f02e82a4a2/AppIcon-1x_U007emarketing-0-0-GLES2_U002c0-512MB-sRGB-0-0-0-85-220-0-0-0-3.png/100x100bb.png,2026-06-30,kr,toppaid,7012,解谜
13,6758862862,Nowhere House,Dark Dome,https://apps.apple.com/kr/app/nowhere-house/id6758862862?uo=2,https://is1-ssl.mzstatic.com/image/thumb/Purple211/v4/82/e2/87/82e28700-6ebc-b8d1-bb38-3eaa3ce6021a/AppIcon-0-0-1x_U007emarketing-0-0-0-10-0-0-sRGB-0-0-0-GLES2_U002c0-512MB-85-220-0-0.png/100x100bb.png,2026-06-30,kr,toppaid,7012,解谜
14,6480581727,Hidden Through Time: Discovery,Rogueside NV,https://apps.apple.com/kr/app/hidden-through-time-discovery/id6480581727?uo=2,https://is1-ssl.mzstatic.com/image/thumb/Purple211/v4/a6/e1/40/a6e14091-aa1d-b22f-be4a-72368fe38852/AppIcon-0-0-1x_U007emarketing-0-7-0-85-220.png/100x100bb.png,2026-06-30,kr,toppaid,7012,解谜
15,6738784151,A Little to the Left: Stars,Secret Mode,https://apps.apple.com/kr/app/a-little-to-the-left-stars/id6738784151?uo=2,https://is1-ssl.mzstatic.com/image/thumb/Purple221/v4/58/a8/54/58a85469-2c22-bb02-7a2e-eb316d8c2ef4/AppIcon-0-0-1x_U007emarketing-0-8-0-85-220.png/100x100bb.png,2026-06-30,kr,toppaid,7012,解谜
16,1438091392,Human Fall Flat,"505 Games (US), Inc.",https://apps.apple.com/kr/app/human-fall-flat/id1438091392?uo=2,https://is1-ssl.mzstatic.com/image/thumb/Purple211/v4/4e/4b/6e/4e4b6e9f-fa38-3566-aa2f-f0af4f1334c1/AppIcon-1x_U007emarketing-0-8-0-85-220-0.png/100x100bb.png,2026-06-30,kr,toppaid,7012,解谜
17,6745073529,Block Blast! For Watch,太宇 左,https://apps.apple.com/kr/app/block-blast-for-watch/id6745073529?uo=2,https://is1-ssl.mzstatic.com/image/thumb/Purple211/v4/68/1d/91/681d913c-f47b-d073-13e5-3e78f8625fe8/AppIcon-0-0-1x_U007ewatch-0-1-85-220.png/100x100bb.png,2026-06-30,kr,toppaid,7012,解谜
18,1512282997,Meridian 157: Chapter 2,NovaSoft Interactive Ltd,https://apps.apple.com/kr/app/meridian-157-chapter-2/id1512282997?uo=2,https://is1-ssl.mzstatic.com/image/thumb/Purple211/v4/e6/9b/e7/e69be737-0fcb-a37b-414d-f14692eb61fc/AppIcon-0-0-1x_U007emarketing-0-8-85-220.png/100x100bb.png,2026-06-30,kr,toppaid,7012,解谜
19,6503088710,World of Goo 2,2D BOY,https://apps.apple.com/kr/app/world-of-goo-2/id6503088710?uo=2,https://is1-ssl.mzstatic.com/image/thumb/Purple221/v4/f3/5c/d1/f35cd16d-ff26-1dc0-abaf-c24708a43b72/AppIcon-1x_U007epad-0-1-85-220-0.png/100x100bb.png,2026-06-30,kr,toppaid,7012,解谜
20,6744170498,Shotgun King,Plug In Digital,https://apps.apple.com/kr/app/shotgun-king/id6744170498?uo=2,https://is1-ssl.mzstatic.com/image/thumb/Purple221/v4/7d/33/3c/7d333c06-bef9-918d-fe6e-aac08f874091/AppIcon-0-0-1x_U007epad-0-1-GLES2_U002c0-85-220.jpeg/100x100bb.png,2026-06-30,kr,toppaid,7012,解谜
21,1450407076,Rusty Lake: Roots KR,Rusty Lake,https://apps.apple.com/kr/app/rusty-lake-roots-kr/id1450407076?uo=2,https://is1-ssl.mzstatic.com/image/thumb/Purple113/v4/0c/e0/76/0ce0761b-157a-441e-653f-dac8c0b3df15/AppIcon-1x_U007emarketing-0-0-GLES2_U002c0-512MB-sRGB-0-0-0-85-220-0-0-0-3.png/100x100bb.png,2026-06-30,kr,toppaid,7012,解谜
22,1357651989,Tick Tock: A Tale for Two,Other Tales Interactive ApS,https://apps.apple.com/kr/app/tick-tock-a-tale-for-two/id1357651989?uo=2,https://is1-ssl.mzstatic.com/image/thumb/Purple221/v4/e0/1f/e8/e01fe8a8-e807-214c-15a2-5137922d93d2/AppIcon-0-0-1x_U007emarketing-0-8-0-85-220.png/100x100bb.png,2026-06-30,kr,toppaid,7012,解谜
23,1472184189,The White Door,Second Maze,https://apps.apple.com/kr/app/the-white-door/id1472184189?uo=2,https://is1-ssl.mzstatic.com/image/thumb/Purple113/v4/8e/a5/e6/8ea5e6f6-43aa-9796-1fc5-33296d2ecbac/AppIcon-1x_U007emarketing-0-0-GLES2_U002c0-512MB-sRGB-0-0-0-85-220-0-0-0-3.png/100x100bb.png,2026-06-30,kr,toppaid,7012,解谜
24,1539133066,There Is No Game: WD,Draw Me A Pixel,https://apps.apple.com/kr/app/there-is-no-game-wd/id1539133066?uo=2,https://is1-ssl.mzstatic.com/image/thumb/Purple116/v4/27/6d/53/276d5334-c777-5399-d5c1-752fd0cbfa63/AppIcon-0-0-1x_U007emarketing-0-0-0-7-0-0-sRGB-0-0-0-GLES2_U002c0-512MB-85-220-0-0.png/100x100bb.png,2026-06-30,kr,toppaid,7012,解谜
25,6747814605,Is This Seat Taken?,Poti Poti Studio,https://apps.apple.com/kr/app/is-this-seat-taken/id6747814605?uo=2,https://is1-ssl.mzstatic.com/image/thumb/Purple211/v4/16/24/d5/1624d5e2-611f-9cee-cb5e-e596962c809f/AppIcon-0-0-1x_U007emarketing-0-8-0-85-220.png/100x100bb.png,2026-06-30,kr,toppaid,7012,解谜
26,1450399563,Rusty Lake Paradise KR,Rusty Lake,https://apps.apple.com/kr/app/rusty-lake-paradise-kr/id1450399563?uo=2,https://is1-ssl.mzstatic.com/image/thumb/Purple123/v4/a2/cb/90/a2cb90a3-e592-69ef-4e9e-50790fd5eca1/AppIcon-1x_U007emarketing-0-0-GLES2_U002c0-512MB-sRGB-0-0-0-85-220-0-0-0-3.png/100x100bb.png,2026-06-30,kr,toppaid,7012,解谜
27,6450008138,Strange Horticulture,Plug In Digital,https://apps.apple.com/kr/app/strange-horticulture/id6450008138?uo=2,https://is1-ssl.mzstatic.com/image/thumb/Purple221/v4/0b/e2/34/0be2344a-74aa-645f-ccde-63f7f24cce9b/AppIcon-0-0-1x_U007emarketing-0-7-0-85-220.png/100x100bb.png,2026-06-30,kr,toppaid,7012,解谜
28,728293409,Monument Valley,ustwo games,https://apps.apple.com/kr/app/monument-valley/id728293409?uo=2,https://is1-ssl.mzstatic.com/image/thumb/Purple211/v4/21/8e/d8/218ed8a3-c616-9ec7-419e-368073b9deb7/AppIcon-0-0-1x_U007emarketing-0-8-0-85-220.png/100x100bb.png,2026-06-30,kr,toppaid,7012,解谜
29,1587860402,몬케이지,X.D. Network Inc.,https://apps.apple.com/kr/app/%EB%AA%AC%EC%BC%80%EC%9D%B4%EC%A7%80/id1587860402?uo=2,https://is1-ssl.mzstatic.com/image/thumb/Purple116/v4/65/cf/fa/65cffac5-14b6-4325-ac86-0ffae1d5d97d/AppIcon-0-0-1x_U007emarketing-0-0-0-7-0-0-sRGB-0-0-0-GLES2_U002c0-512MB-85-220-0-0.png/100x100bb.png,2026-06-30,kr,toppaid,7012,解谜
30,316491616,TowerMadness,"ZSpectre, Inc.",https://apps.apple.com/kr/app/towermadness/id316491616?uo=2,https://is1-ssl.mzstatic.com/image/thumb/Purple113/v4/77/3f/65/773f65fd-9e38-1cb4-67c4-9f18a877c484/AppIcon-0-0-1x_U007emarketing-0-0-0-6-0-0-sRGB-0-0-0-GLES2_U002c0-512MB-85-220-0-0.png/100x100bb.png,2026-06-30,kr,toppaid,7012,解谜
31,1517281887,Baba Is You,Hempuli,https://apps.apple.com/kr/app/baba-is-you/id1517281887?uo=2,https://is1-ssl.mzstatic.com/image/thumb/Purple211/v4/ee/d8/e3/eed8e37d-2d8d-ac79-9281-2591265bda49/AppIcon-1x_U007emarketing-0-0-GLES2_U002c0-512MB-sRGB-0-0-0-85-220-0-0-0-8.png/100x100bb.png,2026-06-30,kr,toppaid,7012,解谜
32,1197552569,Poly Bridge,Dry Cactus,https://apps.apple.com/kr/app/poly-bridge/id1197552569?uo=2,https://is1-ssl.mzstatic.com/image/thumb/Purple118/v4/90/c7/bf/90c7bf8a-8d0f-3adb-a56e-30ba166f32a9/AppIcon-1x_U007emarketing-85-220-0-7.png/100x100bb.png,2026-06-30,kr,toppaid,7012,解谜
33,1483947937,Hidden Through Time,Rogueside NV,https://apps.apple.com/kr/app/hidden-through-time/id1483947937?uo=2,https://is1-ssl.mzstatic.com/image/thumb/Purple221/v4/03/34/25/0334258d-ccb8-fb8b-55d2-082a6e945065/AppIcon-0-0-1x_U007emarketing-0-7-0-85-220.png/100x100bb.png,2026-06-30,kr,toppaid,7012,解谜
34,6446654568,Stacklands-Battle,国祎 王,https://apps.apple.com/kr/app/stacklands-battle/id6446654568?uo=2,https://is1-ssl.mzstatic.com/image/thumb/Purple116/v4/00/a4/14/00a4149f-9717-97bc-0c24-500735869093/AppIcon-0-0-1x_U007emarketing-0-0-0-7-0-0-sRGB-0-0-0-GLES2_U002c0-512MB-85-220-0-0.png/100x100bb.png,2026-06-30,kr,toppaid,7012,解谜
35,520762327,리틀 띵스 포에버,KLICKTOCK,https://apps.apple.com/kr/app/%EB%A6%AC%ED%8B%80-%EB%9D%B5%EC%8A%A4-%ED%8F%AC%EC%97%90%EB%B2%84/id520762327?uo=2,https://is1-ssl.mzstatic.com/image/thumb/Purple221/v4/33/f0/29/33f029db-0282-1219-bd54-c47ba63aebff/AppIcon-0-0-1x_U007epad-0-11-0-85-220.png/100x100bb.png,2026-06-30,kr,toppaid,7012,解谜
36,6761413198,That's not my Neighbor.,Jurre Vos,https://apps.apple.com/kr/app/thats-not-my-neighbor/id6761413198?uo=2,https://is1-ssl.mzstatic.com/image/thumb/Purple221/v4/38/b8/9e/38b89edf-0453-ed1f-46ce-0666c040b23f/AppIcon-1x_U007emarketing-0-8-0-85-220-0.png/100x100bb.png,2026-06-30,kr,toppaid,7012,解谜
37,1575502642,UNREAL LIFE,room6 LLC.,https://apps.apple.com/kr/app/unreal-life/id1575502642?uo=2,https://is1-ssl.mzstatic.com/image/thumb/Purple116/v4/af/34/f9/af34f9b8-ed95-b0bb-c578-2099b1ebe02a/AppIcon-0-0-1x_U007emarketing-0-0-0-7-0-0-sRGB-0-0-0-GLES2_U002c0-512MB-85-220-0-0.png/100x100bb.png,2026-06-30,kr,toppaid,7012,解谜
38,6758863302,Ghost Case,Dark Dome,https://apps.apple.com/kr/app/ghost-case/id6758863302?uo=2,https://is1-ssl.mzstatic.com/image/thumb/Purple221/v4/0d/5a/31/0d5a31ad-25c8-b5c0-41e8-346559ee7c4f/AppIcon-0-0-1x_U007emarketing-0-0-0-10-0-0-sRGB-0-0-0-GLES2_U002c0-512MB-85-220-0-0.png/100x100bb.png,2026-06-30,kr,toppaid,7012,解谜
39,1610947489,Poppy Playtime Chapter 1,"Mob Entertainment, Inc",https://apps.apple.com/kr/app/poppy-playtime-chapter-1/id1610947489?uo=2,https://is1-ssl.mzstatic.com/image/thumb/Purple112/v4/40/e1/ab/40e1abb0-cfcb-1efb-2eac-f8b274028e8c/AppIcon-0-0-1x_U007emarketing-0-0-0-7-0-0-sRGB-0-0-0-GLES2_U002c0-512MB-85-220-0-0.png/100x100bb.png,2026-06-30,kr,toppaid,7012,解谜
40,1445772666,Keep Talking & Nobody Explodes,Steel Crate Games,https://apps.apple.com/kr/app/keep-talking-nobody-explodes/id1445772666?uo=2,https://is1-ssl.mzstatic.com/image/thumb/Purple124/v4/bf/92/0b/bf920b63-9103-5bfd-3b0a-b740eb889563/AppIcon-0-0-1x_U007emarketing-0-0-0-9-0-0-sRGB-0-0-0-GLES2_U002c0-512MB-85-220-0-0.png/100x100bb.png,2026-06-30,kr,toppaid,7012,解谜
41,1062515791,The House of da Vinci,Blue Brain Games,https://apps.apple.com/kr/app/the-house-of-da-vinci/id1062515791?uo=2,https://is1-ssl.mzstatic.com/image/thumb/Purple123/v4/3d/b6/af/3db6af2a-297c-0d3f-9542-8a408a79b5a2/AppIcon-0-0-1x_U007emarketing-0-0-0-9-85-220.png/100x100bb.png,2026-06-30,kr,toppaid,7012,解谜
42,1484024784,Meridian 157: Chapter 1,NovaSoft Interactive Ltd,https://apps.apple.com/kr/app/meridian-157-chapter-1/id1484024784?uo=2,https://is1-ssl.mzstatic.com/image/thumb/Purple211/v4/07/02/76/07027604-903b-28a8-ff39-6972c96529ef/AppIcon-0-0-1x_U007emarketing-0-8-85-220.png/100x100bb.png,2026-06-30,kr,toppaid,7012,解谜
43,6758868472,Beyond the Room,Dark Dome,https://apps.apple.com/kr/app/beyond-the-room/id6758868472?uo=2,https://is1-ssl.mzstatic.com/image/thumb/Purple221/v4/3f/5b/dc/3f5bdc66-b096-c9c1-bf27-c6421038042d/AppIcon-0-0-1x_U007emarketing-0-0-0-10-0-0-sRGB-0-0-0-GLES2_U002c0-512MB-85-220-0-0.png/100x100bb.png,2026-06-30,kr,toppaid,7012,解谜
44,6758867557,Escape from the Shadows,Dark Dome,https://apps.apple.com/kr/app/escape-from-the-shadows/id6758867557?uo=2,https://is1-ssl.mzstatic.com/image/thumb/Purple211/v4/be/fa/ac/befaaca6-742a-3420-2a39-4b1803d108d5/AppIcon-0-0-1x_U007emarketing-0-0-0-10-0-0-sRGB-0-0-0-GLES2_U002c0-512MB-85-220-0-0.png/100x100bb.png,2026-06-30,kr,toppaid,7012,解谜
45,6758866520,Haunted Laia,Dark Dome,https://apps.apple.com/kr/app/haunted-laia/id6758866520?uo=2,https://is1-ssl.mzstatic.com/image/thumb/Purple221/v4/9e/e3/bb/9ee3bb96-f8ef-1eb1-ad73-fa7b4df6757a/AppIcon-0-0-1x_U007emarketing-0-0-0-10-0-0-sRGB-0-0-0-GLES2_U002c0-512MB-85-220-0-0.png/100x100bb.png,2026-06-30,kr,toppaid,7012,解谜
46,1024505111,Cut the Rope GOLD,ZeptoLab UK Limited,https://apps.apple.com/kr/app/cut-the-rope-gold/id1024505111?uo=2,https://is1-ssl.mzstatic.com/image/thumb/Purple128/v4/cc/c9/f5/ccc9f558-fe7b-74bb-c36b-b64070eee344/AppIcon-0-1x_U007emarketing-0-85-220-10.png/100x100bb.png,2026-06-30,kr,toppaid,7012,解谜
47,6762288718,What's the Password?,TrampolineTales,https://apps.apple.com/kr/app/whats-the-password/id6762288718?uo=2,https://is1-ssl.mzstatic.com/image/thumb/Purple211/v4/84/e3/3d/84e33d8e-aa4b-1b2f-5723-82e8e19d490c/AppIcon-0-0-1x_U007epad-0-11-0-85-220.png/100x100bb.png,2026-06-30,kr,toppaid,7012,解谜
48,656951157,Playdead의 LIMBO,Playdead,https://apps.apple.com/kr/app/playdead%EC%9D%98-limbo/id656951157?uo=2,https://is1-ssl.mzstatic.com/image/thumb/Purple221/v4/27/93/37/27933752-b38e-368a-c72f-ecab44dc2ccd/AppIcon-0-0-1x_U007emarketing-0-10-0-85-220.png/100x100bb.png,2026-06-30,kr,toppaid,7012,解谜
49,6758867106,Another Shadow,Dark Dome,https://apps.apple.com/kr/app/another-shadow/id6758867106?uo=2,https://is1-ssl.mzstatic.com/image/thumb/Purple211/v4/f1/82/7f/f1827fcf-d0aa-f522-49d0-89bc08d754be/AppIcon-0-0-1x_U007emarketing-0-0-0-10-0-0-sRGB-0-0-0-GLES2_U002c0-512MB-85-220-0-0.png/100x100bb.png,2026-06-30,kr,toppaid,7012,解谜
50,449735650,스왐피는 어디에,Disney,https://apps.apple.com/kr/app/%EC%8A%A4%EC%99%90%ED%94%BC%EB%8A%94-%EC%96%B4%EB%94%94%EC%97%90/id449735650?uo=2,https://is1-ssl.mzstatic.com/image/thumb/Purple126/v4/3b/61/31/3b61311b-af40-6af9-83c6-c8eb7ca4ad93/AppIcon-0-0-1x_U007emarketing-0-0-0-9-0-0-sRGB-0-0-0-GLES2_U002c0-512MB-85-220-0-0.png/100x100bb.png,2026-06-30,kr,toppaid,7012,解谜
1,479516143,Minecraft 온라인으로 친구들과 함께 플레이하세요,Mojang,https://apps.apple.com/kr/app/minecraft-%EC%98%A8%EB%9D%BC%EC%9D%B8%EC%9C%BC%EB%A1%9C-%EC%B9%9C%EA%B5%AC%EB%93%A4%EA%B3%BC-%ED%95%A8%EA%BB%98-%ED%94%8C%EB%A0%88%EC%9D%B4%ED%95%98%EC%84%B8%EC%9A%94/id479516143?uo=2,https://is1-ssl.mzstatic.com/image/thumb/Purple211/v4/fd/17/8c/fd178c91-f3fb-a48a-cd60-1c927536220f/AppIcon-0-0-1x_U007emarketing-0-10-0-85-220.png/100x100bb.png,2026-06-30,kr,toppaid,6014,游戏
2,6741892043,성세천하: 여제의 탄생,Sixjoy Hong Kong Limited,https://apps.apple.com/kr/app/%EC%84%B1%EC%84%B8%EC%B2%9C%ED%95%98-%EC%97%AC%EC%A0%9C%EC%9D%98-%ED%83%84%EC%83%9D/id6741892043?uo=2,https://is1-ssl.mzstatic.com/image/thumb/Purple221/v4/57/cd/33/57cd33d8-623d-1c55-e99c-d95a742b3343/AppIcon-1x_U007emarketing-0-8-0-85-220-0.png/100x100bb.png,2026-06-30,kr,toppaid,6014,游戏
3,1406710800,Stardew Valley,ConcernedApe,https://apps.apple.com/kr/app/stardew-valley/id1406710800?uo=2,https://is1-ssl.mzstatic.com/image/thumb/Purple211/v4/0e/df/12/0edf1230-3f6e-fbb3-7f72-f2aa844d100a/AppIcons-0-0-1x_U007emarketing-0-8-0-85-220.png/100x100bb.png,2026-06-30,kr,toppaid,6014,游戏
4,1596736236,Rovio Classics: Angry Birds,Rovio Entertainment Oyj,https://apps.apple.com/kr/app/rovio-classics-angry-birds/id1596736236?uo=2,https://is1-ssl.mzstatic.com/image/thumb/Purple126/v4/16/b2/ca/16b2ca07-9218-4469-5e09-29addd3eff9e/AppIcon-1x_U007emarketing-0-7-0-85-220.png/100x100bb.png,2026-06-30,kr,toppaid,6014,游戏
5,1456547302,A Dance of Fire and Ice,7th Beat Games S.A.C.,https://apps.apple.com/kr/app/a-dance-of-fire-and-ice/id1456547302?uo=2,https://is1-ssl.mzstatic.com/image/thumb/Purple211/v4/8b/c8/aa/8bc8aaff-81ed-7261-d2bc-e84717b1c6b1/AppIcon-0-0-1x_U007epad-0-9-0-85-220.png/100x100bb.png,2026-06-30,kr,toppaid,6014,游戏
6,1622869542,Kingdom Rush 5: Alliance TD,Ironhide S.A.,https://apps.apple.com/kr/app/kingdom-rush-5-alliance-td/id1622869542?uo=2,https://is1-ssl.mzstatic.com/image/thumb/Purple221/v4/37/b7/0d/37b70dd2-119e-0983-504e-35b13eef8564/AppIcon-0-0-1x_U007emarketing-0-8-0-85-220.png/100x100bb.png,2026-06-30,kr,toppaid,6014,游戏
7,6502453075,Balatro,Playstack Ltd,https://apps.apple.com/kr/app/balatro/id6502453075?uo=2,https://is1-ssl.mzstatic.com/image/thumb/Purple211/v4/6d/d3/0c/6dd30caf-f830-22d5-ba44-448cdff0df30/iOS_AppIcon_Premium-0-0-1x_U007epad-0-1-85-220.png/100x100bb.png,2026-06-30,kr,toppaid,6014,游戏
8,525818839,Plague Inc. (전염병 주식회사),Ndemic Creations,https://apps.apple.com/kr/app/plague-inc-%EC%A0%84%EC%97%BC%EB%B3%91-%EC%A3%BC%EC%8B%9D%ED%9A%8C%EC%82%AC/id525818839?uo=2,https://is1-ssl.mzstatic.com/image/thumb/Purple221/v4/4c/2e/05/4c2e05a3-8809-22db-0d9b-ded70f5b3cd1/AppIcon-0-0-1x_U007emarketing-0-8-0-0-sRGB-85-220.png/100x100bb.png,2026-06-30,kr,toppaid,6014,游戏
9,1361473095,MuseDash,hasuhasu,https://apps.apple.com/kr/app/musedash/id1361473095?uo=2,https://is1-ssl.mzstatic.com/image/thumb/Purple211/v4/e8/3e/7c/e83e7cc8-1490-cd38-72dd-cd9da5220713/AppIcon-0-0-1x_U007emarketing-0-8-0-85-220.png/100x100bb.png,2026-06-30,kr,toppaid,6014,游戏
10,1601177112,24h편의점 스토리,"Kairosoft Co.,Ltd",https://apps.apple.com/kr/app/24h%ED%8E%B8%EC%9D%98%EC%A0%90-%EC%8A%A4%ED%86%A0%EB%A6%AC/id1601177112?uo=2,https://is1-ssl.mzstatic.com/image/thumb/Purple211/v4/22/87/b0/2287b04a-1713-d5d3-6470-e70472b2bdae/AppIcon-0-0-1x_U007emarketing-0-5-85-220.png/100x100bb.png,2026-06-30,kr,toppaid,6014,游戏
11,396085661,게임개발 스토리,"Kairosoft Co.,Ltd",https://apps.apple.com/kr/app/%EA%B2%8C%EC%9E%84%EA%B0%9C%EB%B0%9C-%EC%8A%A4%ED%86%A0%EB%A6%AC/id396085661?uo=2,https://is1-ssl.mzstatic.com/image/thumb/Purple122/v4/e9/94/2c/e9942c4e-1411-c270-16ff-afba1061763f/AppIcon-0-0-1x_U007emarketing-0-0-0-7-0-0-sRGB-0-0-0-GLES2_U002c0-512MB-85-220-0-0.png/100x100bb.png,2026-06-30,kr,toppaid,6014,游戏
12,6759970821,던전 머지!,Brilbox,https://apps.apple.com/kr/app/%EB%8D%98%EC%A0%84-%EB%A8%B8%EC%A7%80/id6759970821?uo=2,https://is1-ssl.mzstatic.com/image/thumb/Purple221/v4/28/c3/6c/28c36cb7-2a20-55da-2109-a1e0f318ee12/AppIcon-0-0-1x_U007epad-0-11-0-85-220.png/100x100bb.png,2026-06-30,kr,toppaid,6014,游戏
13,625334537,Geometry Dash,RobTop Games AB,https://apps.apple.com/kr/app/geometry-dash/id625334537?uo=2,https://is1-ssl.mzstatic.com/image/thumb/Purple211/v4/5a/d5/97/5ad5971d-b8ea-d82f-415f-f69be6bde65c/AppIcon-1x_U007emarketing-0-11-0-85-220-0.png/100x100bb.png,2026-06-30,kr,toppaid,6014,游戏
14,6758328352,Scritchy Scratchy,Funday Games ApS,https://apps.apple.com/kr/app/scritchy-scratchy/id6758328352?uo=2,https://is1-ssl.mzstatic.com/image/thumb/Purple211/v4/58/06/c2/5806c2e0-3d8d-760f-e40d-b7b0b8d3e691/AppIcon-0-0-1x_U007emarketing-0-8-0-85-220.png/100x100bb.png,2026-06-30,kr,toppaid,6014,游戏
15,6756307024,The Company: 로그라이크 회사 경영,bawi,https://apps.apple.com/kr/app/the-company-%EB%A1%9C%EA%B7%B8%EB%9D%BC%EC%9D%B4%ED%81%AC-%ED%9A%8C%EC%82%AC-%EA%B2%BD%EC%98%81/id6756307024?uo=2,https://is1-ssl.mzstatic.com/image/thumb/Purple211/v4/8a/b7/40/8ab740f4-d6d5-183c-1771-afeee9775213/AppIcon-0-0-1x_U007ephone-0-1-85-220.png/100x100bb.png,2026-06-30,kr,toppaid,6014,游戏
16,408854559,온천골 스토리,"Kairosoft Co.,Ltd",https://apps.apple.com/kr/app/%EC%98%A8%EC%B2%9C%EA%B3%A8-%EC%8A%A4%ED%86%A0%EB%A6%AC/id408854559?uo=2,https://is1-ssl.mzstatic.com/image/thumb/Purple211/v4/2d/94/4e/2d944e17-d097-4481-3e81-c0bc418e2611/AppIcon-0-0-1x_U007emarketing-0-7-0-85-220.png/100x100bb.png,2026-06-30,kr,toppaid,6014,游戏
17,1248033433,킹덤 러쉬 벤전스 전략 타워디펜스 게임,Ironhide S.A.,https://apps.apple.com/kr/app/%ED%82%B9%EB%8D%A4-%EB%9F%AC%EC%89%AC-%EB%B2%A4%EC%A0%84%EC%8A%A4-%EC%A0%84%EB%9E%B5-%ED%83%80%EC%9B%8C%EB%94%94%ED%8E%9C%EC%8A%A4-%EA%B2%8C%EC%9E%84/id1248033433?uo=2,https://is1-ssl.mzstatic.com/image/thumb/Purple211/v4/fa/31/be/fa31be34-f67f-2709-d6e4-4f09f8cc757f/AppIcon-0-0-1x_U007emarketing-0-8-0-85-220.png/100x100bb.png,2026-06-30,kr,toppaid,6014,游戏
18,6502634839,던전 추적자: 퍼즐 로그라이크 RPG,sang wook Jang,https://apps.apple.com/kr/app/%EB%8D%98%EC%A0%84-%EC%B6%94%EC%A0%81%EC%9E%90-%ED%8D%BC%EC%A6%90-%EB%A1%9C%EA%B7%B8%EB%9D%BC%EC%9D%B4%ED%81%AC-rpg/id6502634839?uo=2,https://is1-ssl.mzstatic.com/image/thumb/Purple211/v4/6d/f5/1d/6df51df6-9778-d2af-9d2b-8d79ed25d1a7/AppIcon-0-0-1x_U007emarketing-0-6-0-85-220.png/100x100bb.png,2026-06-30,kr,toppaid,6014,游戏
19,575154654,Pou,Zakeh Limited,https://apps.apple.com/kr/app/pou/id575154654?uo=2,https://is1-ssl.mzstatic.com/image/thumb/Purple221/v4/ae/b9/81/aeb981e4-c84e-0536-bd0b-4b5370d6f12c/AppIcon-0-0-1x_U007emarketing-0-5-0-85-220.png/100x100bb.png,2026-06-30,kr,toppaid,6014,游戏
20,6749560544,마왕성 스토리,"Kairosoft Co.,Ltd",https://apps.apple.com/kr/app/%EB%A7%88%EC%99%95%EC%84%B1-%EC%8A%A4%ED%86%A0%EB%A6%AC/id6749560544?uo=2,https://is1-ssl.mzstatic.com/image/thumb/Purple221/v4/56/21/f8/5621f802-8a67-981f-1bbb-350c36535dd3/AppIcon-0-0-1x_U007emarketing-0-8-0-85-220.png/100x100bb.png,2026-06-30,kr,toppaid,6014,游戏
21,1530345628,온천골 스토리2,"Kairosoft Co.,Ltd",https://apps.apple.com/kr/app/%EC%98%A8%EC%B2%9C%EA%B3%A8-%EC%8A%A4%ED%86%A0%EB%A6%AC2/id1530345628?uo=2,https://is1-ssl.mzstatic.com/image/thumb/Purple116/v4/76/c7/1d/76c71d1f-d5db-16a3-2169-7acd0132746f/AppIcon-0-0-1x_U007emarketing-0-0-0-5-0-0-sRGB-0-0-0-GLES2_U002c0-512MB-85-220-0-0.png/100x100bb.png,2026-06-30,kr,toppaid,6014,游戏
22,1012298403,Don't Starve: Pocket Edition,Klei,https://apps.apple.com/kr/app/dont-starve-pocket-edition/id1012298403?uo=2,https://is1-ssl.mzstatic.com/image/thumb/Purple112/v4/03/29/5e/03295e4c-5637-9419-83e5-e9939e90370c/Normal_Icon-1x_U007emarketing-0-10-0-85-220.png/100x100bb.png,2026-06-30,kr,toppaid,6014,游戏
23,598581396,Kingdom Rush Frontiers TD,Ironhide S.A.,https://apps.apple.com/kr/app/kingdom-rush-frontiers-td/id598581396?uo=2,https://is1-ssl.mzstatic.com/image/thumb/Purple211/v4/91/38/e8/9138e824-612f-bc7f-0ab7-08721351c929/AppIcon-0-0-1x_U007emarketing-0-6-0-85-220.png/100x100bb.png,2026-06-30,kr,toppaid,6014,游戏
24,1491530147,Slay the Spire,Balor Games,https://apps.apple.com/kr/app/slay-the-spire/id1491530147?uo=2,https://is1-ssl.mzstatic.com/image/thumb/Purple221/v4/91/0c/92/910c920a-0ab6-1939-e297-083995b640c7/AppIcon-1x_U007emarketing-0-11-0-0-85-220-0.png/100x100bb.png,2026-06-30,kr,toppaid,6014,游戏
25,1232097854,야구부 스토리,"Kairosoft Co.,Ltd",https://apps.apple.com/kr/app/%EC%95%BC%EA%B5%AC%EB%B6%80-%EC%8A%A4%ED%86%A0%EB%A6%AC/id1232097854?uo=2,https://is1-ssl.mzstatic.com/image/thumb/Purple221/v4/6c/cb/1a/6ccb1a35-6044-3257-43ce-59139ac8d210/AppIcon-0-0-1x_U007emarketing-0-8-0-85-220.png/100x100bb.png,2026-06-30,kr,toppaid,6014,游戏
26,6447606411,블렌딩 카페 스토리,"Kairosoft Co.,Ltd",https://apps.apple.com/kr/app/%EB%B8%94%EB%A0%8C%EB%94%A9-%EC%B9%B4%ED%8E%98-%EC%8A%A4%ED%86%A0%EB%A6%AC/id6447606411?uo=2,https://is1-ssl.mzstatic.com/image/thumb/Purple211/v4/e9/ac/25/e9ac2536-0b75-3638-a2af-46bf0e0b4caf/AppIcon-1x_U007emarketing-0-7-0-85-220-0.png/100x100bb.png,2026-06-30,kr,toppaid,6014,游戏
27,6738784092,A Little to the Left: Drawers,Secret Mode,https://apps.apple.com/kr/app/a-little-to-the-left-drawers/id6738784092?uo=2,https://is1-ssl.mzstatic.com/image/thumb/Purple221/v4/ca/15/1f/ca151fa8-6f3c-0191-7f7d-88be9097fc21/AppIcon-0-0-1x_U007emarketing-0-8-0-85-220.png/100x100bb.png,2026-06-30,kr,toppaid,6014,游戏
28,6547834967,동물의 숲 포켓 캠프 컴플리트,"Nintendo Co., Ltd.",https://apps.apple.com/kr/app/%EB%8F%99%EB%AC%BC%EC%9D%98-%EC%88%B2-%ED%8F%AC%EC%BC%93-%EC%BA%A0%ED%94%84-%EC%BB%B4%ED%94%8C%EB%A6%AC%ED%8A%B8/id6547834967?uo=2,https://is1-ssl.mzstatic.com/image/thumb/Purple211/v4/2e/d8/cb/2ed8cbc4-e7dc-ec02-bfa3-e4f5641c9a97/AppIcon-1x_U007emarketing-0-7-0-85-220-0.png/100x100bb.png,2026-06-30,kr,toppaid,6014,游戏
29,700637744,DEEMO,Rayark International Limited,https://apps.apple.com/kr/app/deemo/id700637744?uo=2,https://is1-ssl.mzstatic.com/image/thumb/Purple221/v4/7c/96/ec/7c96eca4-6b1f-2e3c-a8a5-d3c87ee50e8e/AppIcon-1x_U007emarketing-0-8-0-85-220-0.png/100x100bb.png,2026-06-30,kr,toppaid,6014,游戏
30,6758360195,OOTP Baseball 27 Go!,Out of the Park Developments,https://apps.apple.com/kr/app/ootp-baseball-27-go/id6758360195?uo=2,https://is1-ssl.mzstatic.com/image/thumb/Purple221/v4/a2/9e/8e/a29e8e41-e9f1-b21a-a4b2-dae1e9bb72b0/AppIconiOS-1x_U007emarketing-0-8-0-85-220-0.png/100x100bb.png,2026-06-30,kr,toppaid,6014,游戏
31,6749684876,알키오네: 화학 퍼즐,Boil Studio Inc.,https://apps.apple.com/kr/app/%EC%95%8C%ED%82%A4%EC%98%A4%EB%84%A4-%ED%99%94%ED%95%99-%ED%8D%BC%EC%A6%90/id6749684876?uo=2,https://is1-ssl.mzstatic.com/image/thumb/Purple211/v4/00/41/ac/0041ac0e-42e0-bf28-3ff4-1520ccfd6127/AppIcon-0-0-1x_U007emarketing-0-8-0-85-220.png/100x100bb.png,2026-06-30,kr,toppaid,6014,游戏
32,1450144092,삼국지 천하포무-단기전략군기,Yanyue Games,https://apps.apple.com/kr/app/%EC%82%BC%EA%B5%AD%EC%A7%80-%EC%B2%9C%ED%95%98%ED%8F%AC%EB%AC%B4-%EB%8B%A8%EA%B8%B0%EC%A0%84%EB%9E%B5%EA%B5%B0%EA%B8%B0/id1450144092?uo=2,https://is1-ssl.mzstatic.com/image/thumb/Purple221/v4/b0/13/f2/b013f27e-f998-fb89-be86-e599fd2340ba/AppIcon-0-0-1x_U007emarketing-0-10-0-85-220.png/100x100bb.png,2026-06-30,kr,toppaid,6014,游戏
33,6469114836,スイカゲーム-Aladdin X,XGIMI LIMITED,https://apps.apple.com/kr/app/%E3%82%B9%E3%82%A4%E3%82%AB%E3%82%B2%E3%83%BC%E3%83%A0-aladdin-x/id6469114836?uo=2,https://is1-ssl.mzstatic.com/image/thumb/Purple221/v4/2b/d2/de/2bd2deca-2c89-9133-2609-baa013d0c020/AppIcon-0-0-1x_U007emarketing-0-8-0-85-220.png/100x100bb.png,2026-06-30,kr,toppaid,6014,游戏
34,1447640916,서울 2033 : 후원자,"banjihagames Co.,Ltd.",https://apps.apple.com/kr/app/%EC%84%9C%EC%9A%B8-2033-%ED%9B%84%EC%9B%90%EC%9E%90/id1447640916?uo=2,https://is1-ssl.mzstatic.com/image/thumb/Purple211/v4/24/f9/ba/24f9bab6-4aa1-f7ca-2632-5b3bae0929a6/AppIcon-0-0-1x_U007emarketing-0-11-0-85-220.png/100x100bb.png,2026-06-30,kr,toppaid,6014,游戏
35,1642601792,The Past Within,Rusty Lake,https://apps.apple.com/kr/app/the-past-within/id1642601792?uo=2,https://is1-ssl.mzstatic.com/image/thumb/Purple211/v4/bb/2c/df/bb2cdff2-5289-a7b8-da79-4b7323917d16/AppIcon-0-0-1x_U007emarketing-0-7-0-85-220.png/100x100bb.png,2026-06-30,kr,toppaid,6014,游戏
36,1361526136,레이튼 교수와 이상한 마을 HD,Level-5 Inc.,https://apps.apple.com/kr/app/%EB%A0%88%EC%9D%B4%ED%8A%BC-%EA%B5%90%EC%88%98%EC%99%80-%EC%9D%B4%EC%83%81%ED%95%9C-%EB%A7%88%EC%9D%84-hd/id1361526136?uo=2,https://is1-ssl.mzstatic.com/image/thumb/Purple112/v4/27/27/45/27274537-23ce-8a8e-df80-e6aea3b279c5/AppIcon-1x_U007emarketing-0-7-85-220.png/100x100bb.png,2026-06-30,kr,toppaid,6014,游戏
37,1000884506,Hmmsim Legacy,Jemin Hwang,https://apps.apple.com/kr/app/hmmsim-legacy/id1000884506?uo=2,https://is1-ssl.mzstatic.com/image/thumb/Purple211/v4/2c/a6/b1/2ca6b1f4-7856-c75f-e9be-dd66c41237b3/AppIcon-0-0-1x_U007emarketing-0-5-85-220.png/100x100bb.png,2026-06-30,kr,toppaid,6014,游戏
38,6468845068,GTA: San Andreas - 데피니티브,Rockstar Games,https://apps.apple.com/kr/app/gta-san-andreas-%EB%8D%B0%ED%94%BC%EB%8B%88%ED%8B%B0%EB%B8%8C/id6468845068?uo=2,https://is1-ssl.mzstatic.com/image/thumb/Purple221/v4/40/e0/b1/40e0b18c-4b67-dccf-46e3-fd558202adad/AppIcon-0-0-1x_U007emarketing-0-0-0-7-0-0-sRGB-0-0-0-GLES2_U002c0-512MB-85-220-0-0.png/100x100bb.png,2026-06-30,kr,toppaid,6014,游戏
39,6742472194,귀곡팔황,WENXIN Games,https://apps.apple.com/kr/app/%EA%B7%80%EA%B3%A1%ED%8C%94%ED%99%A9/id6742472194?uo=2,https://is1-ssl.mzstatic.com/image/thumb/Purple221/v4/77/26/c1/7726c14a-8d89-017b-0599-eb871417192e/AppIcon-0-0-1x_U007emarketing-0-8-0-85-220.png/100x100bb.png,2026-06-30,kr,toppaid,6014,游戏
40,1143364232,용사는 진행중 어드밴스드,Buff Studio Co.Ltd.,https://apps.apple.com/kr/app/%EC%9A%A9%EC%82%AC%EB%8A%94-%EC%A7%84%ED%96%89%EC%A4%91-%EC%96%B4%EB%93%9C%EB%B0%B4%EC%8A%A4%EB%93%9C/id1143364232?uo=2,https://is1-ssl.mzstatic.com/image/thumb/Purple19/v4/68/55/5e/68555efc-7990-78fd-c5b8-ce1e335ca3bd/mzl.juzwmlxe.png/100x100bb.png,2026-06-30,kr,toppaid,6014,游戏
41,6768713542,Zero Stress King Idle Defense,Pavel Snytko,https://apps.apple.com/kr/app/zero-stress-king-idle-defense/id6768713542?uo=2,https://is1-ssl.mzstatic.com/image/thumb/Purple221/v4/f4/f9/61/f4f96171-49d6-97d5-4c64-d115df30fc69/AppIcon-0-0-1x_U007emarketing-0-8-0-0-85-220.png/100x100bb.png,2026-06-30,kr,toppaid,6014,游戏
42,1474716211,60 Seconds! Reatomized,Robot Gentleman sp. z o.o.,https://apps.apple.com/kr/app/60-seconds-reatomized/id1474716211?uo=2,https://is1-ssl.mzstatic.com/image/thumb/Purple126/v4/47/ff/04/47ff0468-ecd4-9b2e-2faa-c63c1bef4215/AppIcon-0-0-1x_U007emarketing-0-0-0-7-0-0-sRGB-0-0-0-GLES2_U002c0-512MB-85-220-0-0.png/100x100bb.png,2026-06-30,kr,toppaid,6014,游戏
43,1262474519,Monoposto,Marco Pesce,https://apps.apple.com/kr/app/monoposto/id1262474519?uo=2,https://is1-ssl.mzstatic.com/image/thumb/Purple211/v4/75/34/c1/7534c18c-6219-7f2f-7a27-8b2567534201/AppIcon-0-0-1x_U007emarketing-0-8-0-85-220.png/100x100bb.png,2026-06-30,kr,toppaid,6014,游戏
44,837860959,Mini Metro,Dinosaur Polo Club,https://apps.apple.com/kr/app/mini-metro/id837860959?uo=2,https://is1-ssl.mzstatic.com/image/thumb/Purple211/v4/7a/ed/56/7aed5613-8242-de14-d125-fffdaebe8c7c/AppIcon-1x_U007emarketing-0-8-0-85-220-0.png/100x100bb.png,2026-06-30,kr,toppaid,6014,游戏
45,904737816,Kingdom Rush Origins - 타워 디펜스,Ironhide S.A.,https://apps.apple.com/kr/app/kingdom-rush-origins-%ED%83%80%EC%9B%8C-%EB%94%94%ED%8E%9C%EC%8A%A4/id904737816?uo=2,https://is1-ssl.mzstatic.com/image/thumb/Purple221/v4/32/ca/a0/32caa08b-9a28-5001-adc9-c6378fcb40a7/AppIcon-0-0-1x_U007emarketing-0-6-0-85-220.png/100x100bb.png,2026-06-30,kr,toppaid,6014,游戏
46,6747752407,Gambonanza,Stray Fawn Studio,https://apps.apple.com/kr/app/gambonanza/id6747752407?uo=2,https://is1-ssl.mzstatic.com/image/thumb/Purple221/v4/a0/48/dd/a048dda3-5e2d-a94a-55fd-73ac4ae9fa1f/AppIcon-0-0-1x_U007emarketing-0-8-0-85-220.png/100x100bb.png,2026-06-30,kr,toppaid,6014,游戏
47,6743115658,TABS Pocket Edition,Landfall Games,https://apps.apple.com/kr/app/tabs-pocket-edition/id6743115658?uo=2,https://is1-ssl.mzstatic.com/image/thumb/Purple211/v4/dc/7f/75/dc7f75c6-81f2-e048-d0a2-675fd8e4c875/AppIcon-1x_U007emarketing-0-8-0-85-220-0.png/100x100bb.png,2026-06-30,kr,toppaid,6014,游戏
48,1118115766,Bloons TD 6,Ninja Kiwi,https://apps.apple.com/kr/app/bloons-td-6/id1118115766?uo=2,https://is1-ssl.mzstatic.com/image/thumb/Purple211/v4/fd/7e/12/fd7e1256-26c8-89ac-3924-fe7d08d136c0/AppIcon-0-0-1x_U007emarketing-0-8-0-85-220.png/100x100bb.png,2026-06-30,kr,toppaid,6014,游戏
49,1563121109,Shattered Pixel Dungeon,Evan Debenham,https://apps.apple.com/kr/app/shattered-pixel-dungeon/id1563121109?uo=2,https://is1-ssl.mzstatic.com/image/thumb/Purple221/v4/96/f2/94/96f2944a-60ea-ee9c-4657-34e1added3ee/AppIcon-0-0-1x_U007emarketing-0-8-0-0-85-220.png/100x100bb.png,2026-06-30,kr,toppaid,6014,游戏
50,744851208,G1목장 스토리,"Kairosoft Co.,Ltd",https://apps.apple.com/kr/app/g1%EB%AA%A9%EC%9E%A5-%EC%8A%A4%ED%86%A0%EB%A6%AC/id744851208?uo=2,https://is1-ssl.mzstatic.com/image/thumb/Purple221/v4/1b/7f/cd/1b7fcdd5-0d4a-8a80-db4f-4894874de98d/AppIcon-0-0-1x_U007emarketing-0-7-0-85-220.png/100x100bb.png,2026-06-30,kr,toppaid,6014,游戏
1,6749684876,알키오네: 화학 퍼즐,Boil Studio Inc.,https://apps.apple.com/kr/app/%EC%95%8C%ED%82%A4%EC%98%A4%EB%84%A4-%ED%99%94%ED%95%99-%ED%8D%BC%EC%A6%90/id6749684876?uo=2,https://is1-ssl.mzstatic.com/image/thumb/Purple211/v4/00/41/ac/0041ac0e-42e0-bf28-3ff4-1520ccfd6127/AppIcon-0-0-1x_U007emarketing-0-8-0-85-220.png/100x100bb.png,2026-06-30,kr,toppaid,7019,文字
2,623592465,Heads Up!,Warner Bros.,https://apps.apple.com/kr/app/heads-up/id623592465?uo=2,https://is1-ssl.mzstatic.com/image/thumb/Purple211/v4/a3/27/33/a32733ef-8c13-9c09-4a43-085476244d57/AppIcon-0-0-1x_U007emarketing-0-8-0-85-220.png/100x100bb.png,2026-06-30,kr,toppaid,7019,文字
3,859802575,Functional Groups in Chemistry,Andrey Solovyev,https://apps.apple.com/kr/app/functional-groups-in-chemistry/id859802575?uo=2,https://is1-ssl.mzstatic.com/image/thumb/Purple118/v4/97/fb/71/97fb7192-8c26-1b20-444c-ebf6373dc64a/AppIcon-1x_U007emarketing-85-220-6.png/100x100bb.png,2026-06-30,kr,toppaid,7019,文字
4,1349292121,supertype,Philipp Stollenmayer,https://apps.apple.com/kr/app/supertype/id1349292121?uo=2,https://is1-ssl.mzstatic.com/image/thumb/Purple221/v4/49/98/0e/49980e24-3627-b7bd-8615-60e7786a641b/AppIcon-1x_U007emarketing-0-7-85-220-0.png/100x100bb.png,2026-06-30,kr,toppaid,7019,文字
5,444844790,Scribblenauts Remix,Warner Bros.,https://apps.apple.com/kr/app/scribblenauts-remix/id444844790?uo=2,https://is1-ssl.mzstatic.com/image/thumb/Purple115/v4/3c/75/a7/3c75a7da-fdd3-3d8a-a2bc-121c47a1302f/mzl.oyovosxr.png/100x100bb.png,2026-06-30,kr,toppaid,7019,文字
6,1261458837,Telling Lies,Annapurna Interactive,https://apps.apple.com/kr/app/telling-lies/id1261458837?uo=2,https://is1-ssl.mzstatic.com/image/thumb/Purple113/v4/a0/56/ba/a056baac-d087-3d00-4bf0-59f9db53c7c2/AppIcon-0-1x_U007emarketing-0-0-GLES2_U002c0-512MB-sRGB-0-0-0-85-220-0-0-0-7.png/100x100bb.png,2026-06-30,kr,toppaid,7019,文字
7,952658953,Her Story,Sam Barlow,https://apps.apple.com/kr/app/her-story/id952658953?uo=2,https://is1-ssl.mzstatic.com/image/thumb/Purple1/v4/f9/50/21/f950219d-90d5-a804-077c-459d6284ffbe/mzl.ngujptgp.png/100x100bb.png,2026-06-30,kr,toppaid,7019,文字
8,6741360584,Mandarin Challenge,洋 李,https://apps.apple.com/kr/app/mandarin-challenge/id6741360584?uo=2,https://is1-ssl.mzstatic.com/image/thumb/Purple211/v4/9e/3a/72/9e3a722b-9bf9-4c27-6665-22cfff5760d0/AppIcon-1x_U007emarketing-0-8-0-85-220-0.png/100x100bb.png,2026-06-30,kr,toppaid,7019,文字
9,937976391,Heads Up! Charades for Kids,Warner Bros.,https://apps.apple.com/kr/app/heads-up-charades-for-kids/id937976391?uo=2,https://is1-ssl.mzstatic.com/image/thumb/Purple125/v4/98/04/84/9804842b-9773-85b5-1fda-8c801e03f16b/AppIconBETA-1x_U007emarketing-0-5-0-85-220.png/100x100bb.png,2026-06-30,kr,toppaid,7019,文字
10,1392948321,포토그래프 - 퍼즐 스토리,EightyEight Games LTD,https://apps.apple.com/kr/app/%ED%8F%AC%ED%86%A0%EA%B7%B8%EB%9E%98%ED%94%84-%ED%8D%BC%EC%A6%90-%EC%8A%A4%ED%86%A0%EB%A6%AC/id1392948321?uo=2,https://is1-ssl.mzstatic.com/image/thumb/Purple123/v4/d7/3d/bb/d73dbb5a-4744-5bc9-5db2-a4a2d0389f89/AppIcon-0-1x_U007emarketing-0-85-220-0-7.png/100x100bb.png,2026-06-30,kr,toppaid,7019,文字
11,1093687848,한자원정대,Toward Inc.,https://apps.apple.com/kr/app/%ED%95%9C%EC%9E%90%EC%9B%90%EC%A0%95%EB%8C%80/id1093687848?uo=2,https://is1-ssl.mzstatic.com/image/thumb/Purple211/v4/16/3a/28/163a28e1-d96d-0296-5950-9aec727d4387/AppIcon-1x_U007emarketing-0-8-85-220-0.png/100x100bb.png,2026-06-30,kr,toppaid,7019,文字
12,1282896869,Letter²,Philipp Stollenmayer,https://apps.apple.com/kr/app/letter/id1282896869?uo=2,https://is1-ssl.mzstatic.com/image/thumb/Purple115/v4/e3/74/c1/e374c191-4d65-a279-24b5-12254dea5909/AppIcon-1x_U007emarketing-85-220-6.png/100x100bb.png,2026-06-30,kr,toppaid,7019,文字
13,1437634131,Alias party: игра Алиас Элиас,Alisa Potapova,https://apps.apple.com/kr/app/alias-party-%D0%B8%D0%B3%D1%80%D0%B0-%D0%B0%D0%BB%D0%B8%D0%B0%D1%81-%D1%8D%D0%BB%D0%B8%D0%B0%D1%81/id1437634131?uo=2,https://is1-ssl.mzstatic.com/image/thumb/Purple221/v4/a0/08/c2/a008c2da-b90c-9bc5-48fa-e11ac1957161/AppIcon-0-0-1x_U007epad-0-1-0-0-85-220.png/100x100bb.png,2026-06-30,kr,toppaid,7019,文字
14,467327200,Amazing Match for kids,Jia Ningrui,https://apps.apple.com/kr/app/amazing-match-for-kids/id467327200?uo=2,https://is1-ssl.mzstatic.com/image/thumb/Purple125/v4/23/54/f9/2354f981-e76e-5095-0e1d-1aa324580802/AppIcon-1x_U007emarketing-0-7-0-85-220.png/100x100bb.png,2026-06-30,kr,toppaid,7019,文字
15,672002602,Blackbar,Mrgan LLC,https://apps.apple.com/kr/app/blackbar/id672002602?uo=2,https://is1-ssl.mzstatic.com/image/thumb/Purple122/v4/63/e0/3e/63e03ead-abd2-09ae-0958-c9dfdd93887d/AppIcon-1x_U007emarketing-0-6-0-85-220.png/100x100bb.png,2026-06-30,kr,toppaid,7019,文字
16,1466217838,Крокодил слова игра Крокадил,Alisa Potapova,https://apps.apple.com/kr/app/%D0%BA%D1%80%D0%BE%D0%BA%D0%BE%D0%B4%D0%B8%D0%BB-%D1%81%D0%BB%D0%BE%D0%B2%D0%B0-%D0%B8%D0%B3%D1%80%D0%B0-%D0%BA%D1%80%D0%BE%D0%BA%D0%B0%D0%B4%D0%B8%D0%BB/id1466217838?uo=2,https://is1-ssl.mzstatic.com/image/thumb/Purple221/v4/e5/e2/19/e5e219a6-5725-ad35-d665-84cf8798caae/AppIcon-0-0-1x_U007epad-0-1-0-0-85-220.png/100x100bb.png,2026-06-30,kr,toppaid,7019,文字
17,1242654932,放置江湖：隐世门派现武林,翔 谢,https://apps.apple.com/kr/app/%E6%94%BE%E7%BD%AE%E6%B1%9F%E6%B9%96-%E9%9A%90%E4%B8%96%E9%97%A8%E6%B4%BE%E7%8E%B0%E6%AD%A6%E6%9E%97/id1242654932?uo=2,https://is1-ssl.mzstatic.com/image/thumb/Purple221/v4/8f/24/71/8f2471f3-8589-b11b-5baf-ca2e2a71b031/AppIcon-0-0-1x_U007emarketing-0-10-0-85-220.png/100x100bb.png,2026-06-30,kr,toppaid,7019,文字
18,488667779,First & Sight Words Games,JP Game LLC,https://apps.apple.com/kr/app/first-sight-words-games/id488667779?uo=2,https://is1-ssl.mzstatic.com/image/thumb/Purple115/v4/f5/6e/d8/f56ed891-85a0-4dc0-1e18-1445d7c21778/AppIcon-1x_U007emarketing-0-7-0-85-220.png/100x100bb.png,2026-06-30,kr,toppaid,7019,文字
19,1093761754,Руки вверх: игра Слово на лбу,Alisa Potapova,https://apps.apple.com/kr/app/%D1%80%D1%83%D0%BA%D0%B8-%D0%B2%D0%B2%D0%B5%D1%80%D1%85-%D0%B8%D0%B3%D1%80%D0%B0-%D1%81%D0%BB%D0%BE%D0%B2%D0%BE-%D0%BD%D0%B0-%D0%BB%D0%B1%D1%83/id1093761754?uo=2,https://is1-ssl.mzstatic.com/image/thumb/Purple221/v4/cd/8e/ea/cd8eea38-8835-5cd8-213c-d3a78159a71b/AppIcon-0-0-1x_U007epad-0-1-0-0-85-220.png/100x100bb.png,2026-06-30,kr,toppaid,7019,文字
20,1003979151,The Guides Compendium,2 Fountains LLC,https://apps.apple.com/kr/app/the-guides-compendium/id1003979151?uo=2,https://is1-ssl.mzstatic.com/image/thumb/Purple122/v4/e1/49/a0/e149a0d7-978e-fc10-40fa-36f205204c19/AppIcon-1x_U007emarketing-0-7-85-220.png/100x100bb.png,2026-06-30,kr,toppaid,7019,文字
21,763991668,Regency Love,Tea For Three Studios,https://apps.apple.com/kr/app/regency-love/id763991668?uo=2,https://is1-ssl.mzstatic.com/image/thumb/Purple123/v4/eb/34/b8/eb34b815-6939-9eeb-d26b-bf64912dc0a1/AppIcon-0-1x_U007emarketing-0-85-220-9.png/100x100bb.png,2026-06-30,kr,toppaid,7019,文字
22,288688365,Word Search Unlimited,元 李,https://apps.apple.com/kr/app/word-search-unlimited/id288688365?uo=2,https://is1-ssl.mzstatic.com/image/thumb/Purple118/v4/9a/28/83/9a2883e1-438b-98f2-69d4-e690daeaa593/AppIcon-1x_U007emarketing-85-220-0-3.png/100x100bb.png,2026-06-30,kr,toppaid,7019,文字
23,795112525,Hydrocarbons Chemical Formulas,Andrey Solovyev,https://apps.apple.com/kr/app/hydrocarbons-chemical-formulas/id795112525?uo=2,https://is1-ssl.mzstatic.com/image/thumb/Purple118/v4/04/ed/03/04ed0376-d62f-2458-f018-5a16cd4a972c/pr_source.png/100x100bb.png,2026-06-30,kr,toppaid,7019,文字
24,1540962182,Бомба игра для вечеринок Pro,Alisa Potapova,https://apps.apple.com/kr/app/%D0%B1%D0%BE%D0%BC%D0%B1%D0%B0-%D0%B8%D0%B3%D1%80%D0%B0-%D0%B4%D0%BB%D1%8F-%D0%B2%D0%B5%D1%87%D0%B5%D1%80%D0%B8%D0%BD%D0%BE%D0%BA-pro/id1540962182?uo=2,https://is1-ssl.mzstatic.com/image/thumb/Purple221/v4/02/ef/19/02ef1957-cc67-0f8c-569c-43a28dde7ec8/AppIcon-0-0-1x_U007epad-0-1-0-0-85-220.png/100x100bb.png,2026-06-30,kr,toppaid,7019,文字
25,591697603,Bible Phrase,CGX Design,https://apps.apple.com/kr/app/bible-phrase/id591697603?uo=2,https://is1-ssl.mzstatic.com/image/thumb/Purple211/v4/79/6f/2a/796f2af3-8487-ce00-6b37-62c7fc68a0f4/AppIcon-0-0-1x_U007emarketing-0-11-85-220.png/100x100bb.png,2026-06-30,kr,toppaid,7019,文字
26,1205201517,Subwords: Word Game & Trivia,Klemens Strasser,https://apps.apple.com/kr/app/subwords-word-game-trivia/id1205201517?uo=2,https://is1-ssl.mzstatic.com/image/thumb/Purple221/v4/d2/0f/31/d20f318c-2901-ecf4-4747-040812a62aa2/AppIcon-0-0-1x_U007emarketing-0-7-0-85-220.png/100x100bb.png,2026-06-30,kr,toppaid,7019,文字
27,980016643,Word Master - Pro,Luis Gualandi,https://apps.apple.com/kr/app/word-master-pro/id980016643?uo=2,https://is1-ssl.mzstatic.com/image/thumb/Purple221/v4/45/23/ee/4523ee0d-f6b0-63c6-babd-cfd76f423742/AppIcon-0-0-1x_U007emarketing-0-5-85-220.png/100x100bb.png,2026-06-30,kr,toppaid,7019,文字
28,1523539543,Ord.,Crescent Moon Games,https://apps.apple.com/kr/app/ord/id1523539543?uo=2,https://is1-ssl.mzstatic.com/image/thumb/Purple124/v4/59/b3/b4/59b3b4e3-0aa6-d875-2591-b463ce4593b3/AppIcon-1x_U007emarketing-0-7-0-85-220.png/100x100bb.png,2026-06-30,kr,toppaid,7019,文字
29,1614795077,Otaku's Adventure,X.D. Network Inc.,https://apps.apple.com/kr/app/otakus-adventure/id1614795077?uo=2,https://is1-ssl.mzstatic.com/image/thumb/Purple112/v4/81/10/23/8110232f-4e1c-8a11-8f2a-5fbfc0bea55d/AppIcon-0-0-1x_U007emarketing-0-0-0-9-0-0-sRGB-0-0-0-GLES2_U002c0-512MB-85-220-0-0.png/100x100bb.png,2026-06-30,kr,toppaid,7019,文字
30,294536447,First Words Animals,Learning Touch LLC,https://apps.apple.com/kr/app/first-words-animals/id294536447?uo=2,https://is1-ssl.mzstatic.com/image/thumb/Purple126/v4/26/48/28/2648282a-f93b-4152-f607-fbfb02e6f7b2/AppIcon-0-0-1x_U007emarketing-0-0-0-5-0-0-sRGB-0-0-0-GLES2_U002c0-512MB-85-220-0-0.png/100x100bb.png,2026-06-30,kr,toppaid,7019,文字
31,6736775015,WordBee - Word Game,Ioannis Gkortsos,https://apps.apple.com/kr/app/wordbee-word-game/id6736775015?uo=2,https://is1-ssl.mzstatic.com/image/thumb/Purple211/v4/d4/aa/3c/d4aa3c86-ba5b-0f66-4247-879cda8886a8/AppIcon-0-0-1x_U007epad-0-1-85-220.png/100x100bb.png,2026-06-30,kr,toppaid,7019,文字
32,1286522347,タイピングHi 2 - フリック練習,bbcddc,https://apps.apple.com/kr/app/%E3%82%BF%E3%82%A4%E3%83%94%E3%83%B3%E3%82%B0hi-2-%E3%83%95%E3%83%AA%E3%83%83%E3%82%AF%E7%B7%B4%E7%BF%92/id1286522347?uo=2,https://is1-ssl.mzstatic.com/image/thumb/Purple211/v4/77/65/3b/77653bce-66f5-7636-6169-3db407800534/AppIcon-0-0-1x_U007emarketing-0-6-0-85-220.png/100x100bb.png,2026-06-30,kr,toppaid,7019,文字
33,929089228,Phonetic Cards 영어발음,Fuminori Homma,https://apps.apple.com/kr/app/phonetic-cards-%EC%98%81%EC%96%B4%EB%B0%9C%EC%9D%8C/id929089228?uo=2,https://is1-ssl.mzstatic.com/image/thumb/Purple211/v4/5b/75/1b/5b751b31-782a-3beb-e163-01160e63c3ce/AppIcon-0-0-1x_U007emarketing-0-8-0-85-220.png/100x100bb.png,2026-06-30,kr,toppaid,7019,文字
34,576724288,Clever Keyboard: ABC Learning Game For Kids,Absolutist Ltd,https://apps.apple.com/kr/app/clever-keyboard-abc-learning-game-for-kids/id576724288?uo=2,https://is1-ssl.mzstatic.com/image/thumb/Purple71/v4/0c/bc/dd/0cbcdd92-4f7a-2575-43f8-660d15a201bd/pr_source.png/100x100bb.png,2026-06-30,kr,toppaid,7019,文字
35,6737422986,Letterlike,Ronald Lee,https://apps.apple.com/kr/app/letterlike/id6737422986?uo=2,https://is1-ssl.mzstatic.com/image/thumb/Purple221/v4/d8/4e/e9/d84ee9d8-c214-369e-cc51-95075296ef4d/AppIcon-0-0-1x_U007ephone-0-1-85-220.png/100x100bb.png,2026-06-30,kr,toppaid,7019,文字
36,1121659254,江湖风云录-超自由武侠剧情角色扮演手游,北京络汀科技有限公司,https://apps.apple.com/kr/app/%E6%B1%9F%E6%B9%96%E9%A3%8E%E4%BA%91%E5%BD%95-%E8%B6%85%E8%87%AA%E7%94%B1%E6%AD%A6%E4%BE%A0%E5%89%A7%E6%83%85%E8%A7%92%E8%89%B2%E6%89%AE%E6%BC%94%E6%89%8B%E6%B8%B8/id1121659254?uo=2,https://is1-ssl.mzstatic.com/image/thumb/Purple221/v4/14/74/56/14745640-4b5c-fa2e-afe2-0de9a4fe4480/AppIcon-1x_U007emarketing-0-11-0-85-220-0.png/100x100bb.png,2026-06-30,kr,toppaid,7019,文字
37,459318432,The Wiki Game!,"Hey Good Game, Inc.",https://apps.apple.com/kr/app/the-wiki-game/id459318432?uo=2,https://is1-ssl.mzstatic.com/image/thumb/Purple221/v4/03/53/c8/0353c8f8-7b3d-987a-0ffc-23ecf1b22c39/AppIcon-0-0-1x_U007emarketing-0-6-0-85-220.png/100x100bb.png,2026-06-30,kr,toppaid,7019,文字
38,327456838,Hangman Pro,Optime Software LLC,https://apps.apple.com/kr/app/hangman-pro/id327456838?uo=2,https://is1-ssl.mzstatic.com/image/thumb/Purple122/v4/e5/11/df/e511dfca-0c72-0315-6454-7e11dcb72a0c/mzl.gxxnnhsl.png/100x100bb.png,2026-06-30,kr,toppaid,7019,文字
39,6502623166,金武江湖 - 單機金庸群俠傳復刻,"Suzhou Sweet potato network technology Co.,Ltd",https://apps.apple.com/kr/app/%E9%87%91%E6%AD%A6%E6%B1%9F%E6%B9%96-%E5%96%AE%E6%A9%9F%E9%87%91%E5%BA%B8%E7%BE%A4%E4%BF%A0%E5%82%B3%E5%BE%A9%E5%88%BB/id6502623166?uo=2,https://is1-ssl.mzstatic.com/image/thumb/Purple221/v4/da/48/f1/da48f1de-dd9a-33da-e003-910a03f05d73/AppIcon-0-0-1x_U007emarketing-0-0-0-7-0-0-sRGB-0-0-0-GLES2_U002c0-512MB-85-220-0-0.png/100x100bb.png,2026-06-30,kr,toppaid,7019,文字
40,1135172555,CHARADES: Guess word on heads,Alisa Potapova,https://apps.apple.com/kr/app/charades-guess-word-on-heads/id1135172555?uo=2,https://is1-ssl.mzstatic.com/image/thumb/Purple211/v4/6c/a5/24/6ca524a0-dec1-8f88-c0f0-354b19ae931c/AppIcon-0-0-1x_U007epad-0-1-0-0-85-220.png/100x100bb.png,2026-06-30,kr,toppaid,7019,文字
41,846195114,PRY,Tender Claws LLC,https://apps.apple.com/kr/app/pry/id846195114?uo=2,https://is1-ssl.mzstatic.com/image/thumb/Purple20/v4/f0/ea/6e/f0ea6e61-9325-6d49-fae3-457e3899e066/mzl.fjbawgen.png/100x100bb.png,2026-06-30,kr,toppaid,7019,文字
42,315322445,Lexulous Word Game,RJS Tech Solutions LLP,https://apps.apple.com/kr/app/lexulous-word-game/id315322445?uo=2,https://is1-ssl.mzstatic.com/image/thumb/Purple211/v4/fb/cc/e5/fbcce51d-d16b-235a-a080-b33681393009/AppIcon-0-0-1x_U007emarketing-0-8-0-0-85-220.png/100x100bb.png,2026-06-30,kr,toppaid,7019,文字
43,6768568093,낱말콤보 - 두뇌 단어 퍼즐,Hyun Seung Lee,https://apps.apple.com/kr/app/%EB%82%B1%EB%A7%90%EC%BD%A4%EB%B3%B4-%EB%91%90%EB%87%8C-%EB%8B%A8%EC%96%B4-%ED%8D%BC%EC%A6%90/id6768568093?uo=2,https://is1-ssl.mzstatic.com/image/thumb/Purple221/v4/31/87/12/31871297-64a7-c3c9-c1dd-6001a6bad18c/AppIcon-0-0-1x_U007epad-0-1-85-220.png/100x100bb.png,2026-06-30,kr,toppaid,7019,文字
44,1332437827,新江湖风云录,北京络汀科技有限公司,https://apps.apple.com/kr/app/%E6%96%B0%E6%B1%9F%E6%B9%96%E9%A3%8E%E4%BA%91%E5%BD%95/id1332437827?uo=2,https://is1-ssl.mzstatic.com/image/thumb/Purple115/v4/07/d1/7c/07d17cea-a458-1881-0b5a-a2377b0ae75d/AppIcon-1x_U007emarketing-0-85-220-0-9.png/100x100bb.png,2026-06-30,kr,toppaid,7019,文字
45,1123436822,五色學倉頡 (1500 字),Kotech Services Co.,https://apps.apple.com/kr/app/%E4%BA%94%E8%89%B2%E5%AD%B8%E5%80%89%E9%A0%A1-1500-%E5%AD%97/id1123436822?uo=2,https://is1-ssl.mzstatic.com/image/thumb/Purple115/v4/73/31/ed/7331ed4e-72a1-6803-4db3-2ec3f3c71802/AppIcon_offline-1x_U007emarketing-0-10-0-0-85-220.png/100x100bb.png,2026-06-30,kr,toppaid,7019,文字
46,814622099,"Inorganic Acids, Ions & Salts",Andrey Solovyev,https://apps.apple.com/kr/app/inorganic-acids-ions-salts/id814622099?uo=2,https://is1-ssl.mzstatic.com/image/thumb/Purple128/v4/33/f1/0b/33f10b97-9e06-2878-c8c9-cb29ed8c5ee0/mzl.qrtfmkln.png/100x100bb.png,2026-06-30,kr,toppaid,7019,文字
47,583728698,Assistant de jeux de lettres,Diagonal SAS,https://apps.apple.com/kr/app/assistant-de-jeux-de-lettres/id583728698?uo=2,https://is1-ssl.mzstatic.com/image/thumb/Purple118/v4/b1/b4/e6/b1b4e6e7-baca-52f4-ae02-eed628dc99cc/mzl.hzdifluw.png/100x100bb.png,2026-06-30,kr,toppaid,7019,文字
48,393819590,Word Seek HD,"Idealix, Inc.",https://apps.apple.com/kr/app/word-seek-hd/id393819590?uo=2,https://is1-ssl.mzstatic.com/image/thumb/Purple128/v4/1b/fc/50/1bfc50c4-2bb3-474b-0eb5-3f03b8ef70a3/AppIcon-1x_U007emarketing-85-220-9.png/100x100bb.png,2026-06-30,kr,toppaid,7019,文字
49,1536414223,НЛП Радуга игра,Alisa Potapova,https://apps.apple.com/kr/app/%D0%BD%D0%BB%D0%BF-%D1%80%D0%B0%D0%B4%D1%83%D0%B3%D0%B0-%D0%B8%D0%B3%D1%80%D0%B0/id1536414223?uo=2,https://is1-ssl.mzstatic.com/image/thumb/Purple221/v4/66/48/5a/66485a4f-cabf-3ebb-5493-ef81f55d8881/AppIcon-0-0-1x_U007epad-0-1-0-0-85-220.png/100x100bb.png,2026-06-30,kr,toppaid,7019,文字
50,1534959553,Wordsmyth - Calm Word Play,Rose Design and Education Services,https://apps.apple.com/kr/app/wordsmyth-calm-word-play/id1534959553?uo=2,https://is1-ssl.mzstatic.com/image/thumb/Purple116/v4/8a/db/98/8adb9880-5867-cb22-8a8c-7160e1c7bda6/AppIcon-1x_U007emarketing-0-7-0-85-220.png/100x100bb.png,2026-06-30,kr,toppaid,7019,文字
1,1623318294,가십하버: 합성 & 스토리 게임,Microfun Limited,https://apps.apple.com/kr/app/%EA%B0%80%EC%8B%AD%ED%95%98%EB%B2%84-%ED%95%A9%EC%84%B1-%EC%8A%A4%ED%86%A0%EB%A6%AC-%EA%B2%8C%EC%9E%84/id1623318294?uo=2,https://is1-ssl.mzstatic.com/image/thumb/Purple221/v4/d5/d7/02/d5d702dd-af54-09a5-21d1-ed6db319d310/AppIcon-0-0-1x_U007emarketing-0-8-0-85-220.png/100x100bb.png,2026-06-30,kr,topgrossing,7012,解谜
2,1482155847,로얄 매치 (Royal Match),Dream Games,https://apps.apple.com/kr/app/%EB%A1%9C%EC%96%84-%EB%A7%A4%EC%B9%98-royal-match/id1482155847?uo=2,https://is1-ssl.mzstatic.com/image/thumb/Purple221/v4/50/3d/ab/503dabf4-c381-e224-5630-5b031703c08d/AppIcon-0-0-1x_U007emarketing-0-8-0-85-220.png/100x100bb.png,2026-06-30,kr,topgrossing,7012,解谜
3,6443755785,씨사이드 익스케이프: 합성 & 스토리 게임,Microfun Limited,https://apps.apple.com/kr/app/%EC%94%A8%EC%82%AC%EC%9D%B4%EB%93%9C-%EC%9D%B5%EC%8A%A4%EC%BC%80%EC%9D%B4%ED%94%84-%ED%95%A9%EC%84%B1-%EC%8A%A4%ED%86%A0%EB%A6%AC-%EA%B2%8C%EC%9E%84/id6443755785?uo=2,https://is1-ssl.mzstatic.com/image/thumb/Purple211/v4/93/64/f8/9364f8fe-aca6-8b43-d78c-24cd33a2f92d/AppIcon-0-0-1x_U007emarketing-0-8-0-85-220.png/100x100bb.png,2026-06-30,kr,topgrossing,7012,解谜
4,1105855019,Gardenscapes,Playrix,https://apps.apple.com/kr/app/gardenscapes/id1105855019?uo=2,https://is1-ssl.mzstatic.com/image/thumb/Purple211/v4/54/9f/3a/549f3a53-96e5-8dfa-8639-ca30bf676cee/AppIcon-0-0-1x_U007emarketing-0-8-0-85-220.png/100x100bb.png,2026-06-30,kr,topgrossing,7012,解谜
5,6471045672,테이스티 트레블: 합성 게임,Century Games Pte. Ltd.,https://apps.apple.com/kr/app/%ED%85%8C%EC%9D%B4%EC%8A%A4%ED%8B%B0-%ED%8A%B8%EB%A0%88%EB%B8%94-%ED%95%A9%EC%84%B1-%EA%B2%8C%EC%9E%84/id6471045672?uo=2,https://is1-ssl.mzstatic.com/image/thumb/Purple221/v4/cc/cc/f2/ccccf200-20e5-c0fa-68fc-2ea32d90371c/AppIcon-0-0-1x_U007emarketing-0-8-0-85-220.png/100x100bb.png,2026-06-30,kr,topgrossing,7012,解谜
6,1195621598,Homescapes: Match 3 Games,Playrix,https://apps.apple.com/kr/app/homescapes-match-3-games/id1195621598?uo=2,https://is1-ssl.mzstatic.com/image/thumb/Purple211/v4/c8/ee/2a/c8ee2a9b-49f3-69b8-ca00-e57a83d2ca64/AppIcon-0-0-1x_U007emarketing-0-11-0-85-220.png/100x100bb.png,2026-06-30,kr,topgrossing,7012,解谜
7,6618142292,핫레스토랑: 머지&쿠킹,Microfun Limited,https://apps.apple.com/kr/app/%ED%95%AB%EB%A0%88%EC%8A%A4%ED%86%A0%EB%9E%91-%EB%A8%B8%EC%A7%80-%EC%BF%A0%ED%82%B9/id6618142292?uo=2,https://is1-ssl.mzstatic.com/image/thumb/Purple221/v4/82/50/d2/8250d24f-8042-b152-706f-caa35fcf24a8/AppIcon-0-0-1x_U007emarketing-0-8-0-85-220.png/100x100bb.png,2026-06-30,kr,topgrossing,7012,解谜
8,1643509748,머지 쿠킹 테마 레스토랑（Merge Cooking）,Happibits,https://apps.apple.com/kr/app/%EB%A8%B8%EC%A7%80-%EC%BF%A0%ED%82%B9-%ED%85%8C%EB%A7%88-%EB%A0%88%EC%8A%A4%ED%86%A0%EB%9E%91-merge-cooking/id1643509748?uo=2,https://is1-ssl.mzstatic.com/image/thumb/Purple211/v4/3c/a6/cf/3ca6cfa1-757b-2632-12a1-652d5a949517/AppIcon-0-0-1x_U007emarketing-0-8-0-85-220.png/100x100bb.png,2026-06-30,kr,topgrossing,7012,解谜
9,638689075,꿈의 마을 (Township),Playrix,https://apps.apple.com/kr/app/%EA%BF%88%EC%9D%98-%EB%A7%88%EC%9D%84-township/id638689075?uo=2,https://is1-ssl.mzstatic.com/image/thumb/Purple211/v4/f3/d3/ab/f3d3abe7-ac2f-d4a3-1683-0873d183913e/AppIcon-0-0-1x_U007emarketing-0-11-0-85-220.png/100x100bb.png,2026-06-30,kr,topgrossing,7012,解谜
10,1606549505,로얄 킹덤 (Royal Kingdom),Dream Games,https://apps.apple.com/kr/app/%EB%A1%9C%EC%96%84-%ED%82%B9%EB%8D%A4-royal-kingdom/id1606549505?uo=2,https://is1-ssl.mzstatic.com/image/thumb/Purple211/v4/5c/c4/75/5cc4753e-cd56-1020-daa7-a09f15857a63/AppIcon-0-0-1x_U007emarketing-0-8-0-85-220.png/100x100bb.png,2026-06-30,kr,topgrossing,7012,解谜
11,553834731,캔디크러쉬사가,King,https://apps.apple.com/kr/app/%EC%BA%94%EB%94%94%ED%81%AC%EB%9F%AC%EC%89%AC%EC%82%AC%EA%B0%80/id553834731?uo=2,https://is1-ssl.mzstatic.com/image/thumb/Purple211/v4/a1/c5/92/a1c59272-aace-ff82-0b16-ca93a87cb33c/AppIcon-0-0-1x_U007emarketing-0-8-0-85-220.png/100x100bb.png,2026-06-30,kr,topgrossing,7012,解谜
12,1521236603,Travel Town - 결합 어드벤처,Moon Active,https://apps.apple.com/kr/app/travel-town-%EA%B2%B0%ED%95%A9-%EC%96%B4%EB%93%9C%EB%B2%A4%EC%B2%98/id1521236603?uo=2,https://is1-ssl.mzstatic.com/image/thumb/Purple221/v4/47/97/29/479729c4-a2ef-3587-4346-a53c4e4fd4fb/AppIcon-0-0-1x_U007emarketing-0-8-0-85-220.png/100x100bb.png,2026-06-30,kr,topgrossing,7012,解谜
13,6503603603,미스터리 타운: 합성 게임 (Mystery Town),Cedar Games Studio,https://apps.apple.com/kr/app/%EB%AF%B8%EC%8A%A4%ED%84%B0%EB%A6%AC-%ED%83%80%EC%9A%B4-%ED%95%A9%EC%84%B1-%EA%B2%8C%EC%9E%84-mystery-town/id6503603603?uo=2,https://is1-ssl.mzstatic.com/image/thumb/Purple221/v4/a7/9d/cc/a79dcc67-26e1-ec7e-a639-6e346d365eec/AppIcon-0-0-1x_U007emarketing-0-5-0-85-220.png/100x100bb.png,2026-06-30,kr,topgrossing,7012,解谜
14,1176027022,Toon Blast,Peak Games,https://apps.apple.com/kr/app/toon-blast/id1176027022?uo=2,https://is1-ssl.mzstatic.com/image/thumb/Purple221/v4/7f/e6/49/7fe649cf-138a-a955-2cc7-562b57868077/AppIcon-0-0-1x_U007emarketing-0-8-0-85-220.png/100x100bb.png,2026-06-30,kr,topgrossing,7012,解谜
15,6755455500,할리우드 머지,VoyagerOne,https://apps.apple.com/kr/app/%ED%95%A0%EB%A6%AC%EC%9A%B0%EB%93%9C-%EB%A8%B8%EC%A7%80/id6755455500?uo=2,https://is1-ssl.mzstatic.com/image/thumb/Purple221/v4/8f/0c/49/8f0c4932-0793-34f8-a7c2-6a873c272d17/AppIcon-0-0-1x_U007emarketing-0-8-0-85-220.png/100x100bb.png,2026-06-30,kr,topgrossing,7012,解谜
16,664575829,피쉬돔 (Fishdom),Playrix,https://apps.apple.com/kr/app/%ED%94%BC%EC%89%AC%EB%8F%94-fishdom/id664575829?uo=2,https://is1-ssl.mzstatic.com/image/thumb/Purple211/v4/41/05/aa/4105aaef-9b9c-0ad8-61e0-ad889eccd998/AppIcon-0-0-1x_U007emarketing-0-7-0-85-220.png/100x100bb.png,2026-06-30,kr,topgrossing,7012,解谜
17,6749302379,동방 찻집,HONGKONG HEILI LIMITED,https://apps.apple.com/kr/app/%EB%8F%99%EB%B0%A9-%EC%B0%BB%EC%A7%91/id6749302379?uo=2,https://is1-ssl.mzstatic.com/image/thumb/Purple211/v4/08/02/bb/0802bbfc-f306-efdd-78b1-9a993ffb6365/AppIcon-0-0-1x_U007emarketing-0-8-0-85-220.png/100x100bb.png,2026-06-30,kr,topgrossing,7012,解谜
18,6736896540,헬로키티 마이 드림 스토어,"ACTGames Co., Ltd.",https://apps.apple.com/kr/app/%ED%97%AC%EB%A1%9C%ED%82%A4%ED%8B%B0-%EB%A7%88%EC%9D%B4-%EB%93%9C%EB%A6%BC-%EC%8A%A4%ED%86%A0%EC%96%B4/id6736896540?uo=2,https://is1-ssl.mzstatic.com/image/thumb/Purple211/v4/cc/b7/61/ccb7615b-7662-85d4-a03a-a430a51adcac/AppIcon-0-0-1x_U007emarketing-0-8-0-85-220.png/100x100bb.png,2026-06-30,kr,topgrossing,7012,解谜
19,1484442152,머지 맨션: 퍼즐과 스토리,Metacore Games Oy,https://apps.apple.com/kr/app/%EB%A8%B8%EC%A7%80-%EB%A7%A8%EC%85%98-%ED%8D%BC%EC%A6%90%EA%B3%BC-%EC%8A%A4%ED%86%A0%EB%A6%AC/id1484442152?uo=2,https://is1-ssl.mzstatic.com/image/thumb/Purple221/v4/2b/8f/6c/2b8f6c93-7bb1-292e-698c-c0a0c0c838f9/AppIcon-0-0-1x_U007emarketing-0-8-0-85-220.png/100x100bb.png,2026-06-30,kr,topgrossing,7012,解谜
20,588637521,퍼즐앤드래곤,"GungHo Online Entertainment, Inc.",https://apps.apple.com/kr/app/%ED%8D%BC%EC%A6%90%EC%95%A4%EB%93%9C%EB%9E%98%EA%B3%A4/id588637521?uo=2,https://is1-ssl.mzstatic.com/image/thumb/Purple221/v4/6d/2b/f3/6d2bf3e5-4804-668b-5a66-76f0f9ff5398/AppIcon_ko-0-0-1x_U007emarketing-0-8-0-85-220.png/100x100bb.png,2026-06-30,kr,topgrossing,7012,解谜
21,6758334085,꽥꽥 구조대 - 알 폭격 디펜스,HaoPlay Limited,https://apps.apple.com/kr/app/%EA%BD%A5%EA%BD%A5-%EA%B5%AC%EC%A1%B0%EB%8C%80-%EC%95%8C-%ED%8F%AD%EA%B2%A9-%EB%94%94%ED%8E%9C%EC%8A%A4/id6758334085?uo=2,https://is1-ssl.mzstatic.com/image/thumb/Purple221/v4/fb/04/f1/fb04f13c-1bfd-fb9f-a12e-c4d4f42b53f3/AppIcon-0-0-1x_U007emarketing-0-8-0-85-220.png/100x100bb.png,2026-06-30,kr,topgrossing,7012,解谜
22,6740043080,Screwdom : 나사와 볼트 퍼즐,Zego Global Pte Ltd,https://apps.apple.com/kr/app/screwdom-%EB%82%98%EC%82%AC%EC%99%80-%EB%B3%BC%ED%8A%B8-%ED%8D%BC%EC%A6%90/id6740043080?uo=2,https://is1-ssl.mzstatic.com/image/thumb/Purple221/v4/a2/0f/e9/a20fe92f-96c7-013e-9f94-389245518263/AppIcon-0-0-1x_U007emarketing-0-8-0-85-220.png/100x100bb.png,2026-06-30,kr,topgrossing,7012,解谜
23,6504332779,Color Block Jam,Rollic Games,https://apps.apple.com/kr/app/color-block-jam/id6504332779?uo=2,https://is1-ssl.mzstatic.com/image/thumb/Purple211/v4/8e/55/86/8e55860d-453a-1daa-04c3-4238a270aa2a/AppIcon-0-0-1x_U007emarketing-0-8-0-85-220.png/100x100bb.png,2026-06-30,kr,topgrossing,7012,解谜
24,6751056652,Pixel Flow!,Loom Games Oyun Yazilim ve Pazarlama Anonim Sirketi,https://apps.apple.com/kr/app/pixel-flow/id6751056652?uo=2,https://is1-ssl.mzstatic.com/image/thumb/Purple221/v4/0a/a1/40/0aa140e6-9524-2453-a1f8-e75bbedc49c0/AppIcon-0-0-1x_U007emarketing-0-8-0-85-220.png/100x100bb.png,2026-06-30,kr,topgrossing,7012,解谜
25,951627425,DRAGON BALL Z 폭렬격전,Bandai Namco Entertainment Inc.,https://apps.apple.com/kr/app/dragon-ball-z-%ED%8F%AD%EB%A0%AC%EA%B2%A9%EC%A0%84/id951627425?uo=2,https://is1-ssl.mzstatic.com/image/thumb/Purple211/v4/61/cf/64/61cf64e9-a5cf-590e-a572-ce4b959643a7/AppIcon-1x_U007emarketing-0-11-0-85-220-0.png/100x100bb.png,2026-06-30,kr,topgrossing,7012,解谜
26,6466373096,동글동글 거위헬스장,THE HORTOR TECHNOLOGY PTE.LTD.,https://apps.apple.com/kr/app/%EB%8F%99%EA%B8%80%EB%8F%99%EA%B8%80-%EA%B1%B0%EC%9C%84%ED%97%AC%EC%8A%A4%EC%9E%A5/id6466373096?uo=2,https://is1-ssl.mzstatic.com/image/thumb/Purple221/v4/c3/db/4e/c3db4e52-4f52-d2b9-c61d-9b96a4e55fbd/AppIcon-0-0-1x_U007emarketing-0-11-0-85-220.png/100x100bb.png,2026-06-30,kr,topgrossing,7012,解谜
27,6749132002,빠지냥! (Drop the Cat),ACTIONFIT,https://apps.apple.com/kr/app/%EB%B9%A0%EC%A7%80%EB%83%A5-drop-the-cat/id6749132002?uo=2,https://is1-ssl.mzstatic.com/image/thumb/Purple221/v4/32/54/ed/3254ed18-7d57-06af-c6fe-2aa935f613fa/AppIcon-0-0-1x_U007emarketing-0-8-0-85-220.png/100x100bb.png,2026-06-30,kr,topgrossing,7012,解谜
28,6752672568,Block Out! - Color Sort Puzzle,Grand Games A.Ş.,https://apps.apple.com/kr/app/block-out-color-sort-puzzle/id6752672568?uo=2,https://is1-ssl.mzstatic.com/image/thumb/Purple211/v4/42/22/df/4222df44-fbaa-9fe1-f732-d1aec055395c/AppIcon-0-0-1x_U007emarketing-0-8-0-85-220.png/100x100bb.png,2026-06-30,kr,topgrossing,7012,解谜
29,1483058899,Project Makeover,"Magic Tavern, Inc.",https://apps.apple.com/kr/app/project-makeover/id1483058899?uo=2,https://is1-ssl.mzstatic.com/image/thumb/Purple211/v4/c3/04/00/c304002f-4ea4-c9e6-a871-9d8b31a04e05/AppIcon-0-0-1x_U007emarketing-0-8-0-85-220.png/100x100bb.png,2026-06-30,kr,topgrossing,7012,解谜
30,6752369665,Haunted Merge: Horror Story,WhaleJoy Game Limited,https://apps.apple.com/kr/app/haunted-merge-horror-story/id6752369665?uo=2,https://is1-ssl.mzstatic.com/image/thumb/Purple221/v4/97/b4/4b/97b44b32-8a90-90c0-1268-e12c6c06dd2d/AppIcon-gl-0-0-1x_U007emarketing-0-11-0-85-220.png/100x100bb.png,2026-06-30,kr,topgrossing,7012,解谜
31,6752886832,호텔 레거시,Century Games Innovation Pte. Ltd.,https://apps.apple.com/kr/app/%ED%98%B8%ED%85%94-%EB%A0%88%EA%B1%B0%EC%8B%9C/id6752886832?uo=2,https://is1-ssl.mzstatic.com/image/thumb/Purple211/v4/ca/66/99/ca6699f0-b0dd-74fc-31f2-d80b72e87905/AppIcon-0-0-1x_U007emarketing-0-8-0-85-220.png/100x100bb.png,2026-06-30,kr,topgrossing,7012,解谜
32,6746175307,머지 크라임: 추리&로맨스 서스펜스,Standegg,https://apps.apple.com/kr/app/%EB%A8%B8%EC%A7%80-%ED%81%AC%EB%9D%BC%EC%9E%84-%EC%B6%94%EB%A6%AC-%EB%A1%9C%EB%A7%A8%EC%8A%A4-%EC%84%9C%EC%8A%A4%ED%8E%9C%EC%8A%A4/id6746175307?uo=2,https://is1-ssl.mzstatic.com/image/thumb/Purple221/v4/aa/d4/16/aad41682-8ae2-e11c-2e86-4b4293ba01b7/AppIcon-0-0-1x_U007emarketing-0-8-0-85-220.png/100x100bb.png,2026-06-30,kr,topgrossing,7012,解谜
33,6753862216,푸드스타（Foodstars）: 합쳐서 요리하기,Happibits,https://apps.apple.com/kr/app/%ED%91%B8%EB%93%9C%EC%8A%A4%ED%83%80-foodstars-%ED%95%A9%EC%B3%90%EC%84%9C-%EC%9A%94%EB%A6%AC%ED%95%98%EA%B8%B0/id6753862216?uo=2,https://is1-ssl.mzstatic.com/image/thumb/Purple221/v4/70/82/b5/7082b5f7-b790-1a4e-458e-ddf7230695ef/AppIcon-0-0-1x_U007emarketing-0-8-0-85-220.png/100x100bb.png,2026-06-30,kr,topgrossing,7012,解谜
34,880047117,앵그리버드 2 (Angry Birds 2),Rovio Entertainment Oyj,https://apps.apple.com/kr/app/%EC%95%B5%EA%B7%B8%EB%A6%AC%EB%B2%84%EB%93%9C-2-angry-birds-2/id880047117?uo=2,https://is1-ssl.mzstatic.com/image/thumb/Purple221/v4/9e/4c/4c/9e4c4cd1-c2a6-b88c-9e76-e4d5cfb5fd3c/AppIcon-0-0-1x_U007emarketing-0-8-0-85-220.png/100x100bb.png,2026-06-30,kr,topgrossing,7012,解谜
35,1311102174,위 베어 베어스 더 퍼즐 : 퍼즐게임,"Wemade Play Co.,Ltd.",https://apps.apple.com/kr/app/%EC%9C%84-%EB%B2%A0%EC%96%B4-%EB%B2%A0%EC%96%B4%EC%8A%A4-%EB%8D%94-%ED%8D%BC%EC%A6%90-%ED%8D%BC%EC%A6%90%EA%B2%8C%EC%9E%84/id1311102174?uo=2,https://is1-ssl.mzstatic.com/image/thumb/Purple221/v4/09/c3/97/09c39781-9487-9aa2-0884-0f2001fb581f/AppIcon-0-0-1x_U007emarketing-0-8-0-85-220.png/100x100bb.png,2026-06-30,kr,topgrossing,7012,解谜
36,6737874398,Merge Fashion: Romance Story,Wind's Choice Tech Limited,https://apps.apple.com/kr/app/merge-fashion-romance-story/id6737874398?uo=2,https://is1-ssl.mzstatic.com/image/thumb/Purple211/v4/b7/b7/45/b7b745f7-4d4f-f88a-c121-c512179e51c3/AppIcon-0-0-1x_U007emarketing-0-8-0-85-220.png/100x100bb.png,2026-06-30,kr,topgrossing,7012,解谜
37,6499209744,마법의 정렬 (Magic Sort!),Grand Games A.Ş.,https://apps.apple.com/kr/app/%EB%A7%88%EB%B2%95%EC%9D%98-%EC%A0%95%EB%A0%AC-magic-sort/id6499209744?uo=2,https://is1-ssl.mzstatic.com/image/thumb/Purple211/v4/61/df/dc/61dfdca9-6c81-db86-1756-5b63b642a0a8/AppIcon-0-0-1x_U007emarketing-0-8-0-85-220.png/100x100bb.png,2026-06-30,kr,topgrossing,7012,解谜
38,6756058501,젤리 버스터즈: 퍼즐 게임,Moon Active,https://apps.apple.com/kr/app/%EC%A0%A4%EB%A6%AC-%EB%B2%84%EC%8A%A4%ED%84%B0%EC%A6%88-%ED%8D%BC%EC%A6%90-%EA%B2%8C%EC%9E%84/id6756058501?uo=2,https://is1-ssl.mzstatic.com/image/thumb/Purple211/v4/a4/6e/ee/a46eeebe-933b-03c6-2296-e3fa0aec3c2f/AppIcon-1x_U007emarketing-0-8-0-85-220-0.png/100x100bb.png,2026-06-30,kr,topgrossing,7012,解谜
39,6749032286,Dream Recipe: 드림 레시피 - 머지 쿠킹,HYSPIRE PTE. LTD.,https://apps.apple.com/kr/app/dream-recipe-%EB%93%9C%EB%A6%BC-%EB%A0%88%EC%8B%9C%ED%94%BC-%EB%A8%B8%EC%A7%80-%EC%BF%A0%ED%82%B9/id6749032286?uo=2,https://is1-ssl.mzstatic.com/image/thumb/Purple211/v4/27/12/f6/2712f671-d220-a823-8c0b-0a3e11e18d96/AppIcon-0-0-1x_U007emarketing-0-8-0-85-220.png/100x100bb.png,2026-06-30,kr,topgrossing,7012,解谜
40,850417475,캔디크러쉬소다,King,https://apps.apple.com/kr/app/%EC%BA%94%EB%94%94%ED%81%AC%EB%9F%AC%EC%89%AC%EC%86%8C%EB%8B%A4/id850417475?uo=2,https://is1-ssl.mzstatic.com/image/thumb/Purple211/v4/e9/fc/cd/e9fccd91-a460-201a-20de-6743da8db590/AppIcon-0-0-1x_U007epad-0-1-85-220.png/100x100bb.png,2026-06-30,kr,topgrossing,7012,解谜
41,1156321059,프렌즈팝콘,Kakao Games Corp.,https://apps.apple.com/kr/app/%ED%94%84%EB%A0%8C%EC%A6%88%ED%8C%9D%EC%BD%98/id1156321059?uo=2,https://is1-ssl.mzstatic.com/image/thumb/Purple211/v4/c6/ba/01/c6ba0189-960d-1b92-d230-c54ab40bd877/AppIcon-1x_U007emarketing-0-8-0-85-220-0.png/100x100bb.png,2026-06-30,kr,topgrossing,7012,解谜
42,6477151796,머지 감옥 (Merge Prison),Blue Ultra Game Limited,https://apps.apple.com/kr/app/%EB%A8%B8%EC%A7%80-%EA%B0%90%EC%98%A5-merge-prison/id6477151796?uo=2,https://is1-ssl.mzstatic.com/image/thumb/Purple211/v4/2d/6f/f6/2d6ff6ca-4fa9-fca8-5dcf-94c2fcca577c/AppIcon-gl-0-0-1x_U007emarketing-0-11-0-85-220.png/100x100bb.png,2026-06-30,kr,topgrossing,7012,解谜
43,1483015354,애니팡4,"Wemade Play Co.,Ltd.",https://apps.apple.com/kr/app/%EC%95%A0%EB%8B%88%ED%8C%A14/id1483015354?uo=2,https://is1-ssl.mzstatic.com/image/thumb/Purple221/v4/c8/15/e4/c815e413-b3fa-2978-b9fd-e27a90a51813/AppIcon-0-0-1x_U007emarketing-0-8-0-85-220.png/100x100bb.png,2026-06-30,kr,topgrossing,7012,解谜
44,1216575026,행복의 저택,"Magic Tavern, Inc.",https://apps.apple.com/kr/app/%ED%96%89%EB%B3%B5%EC%9D%98-%EC%A0%80%ED%83%9D/id1216575026?uo=2,https://is1-ssl.mzstatic.com/image/thumb/Purple221/v4/bb/ea/b3/bbeab3ad-4046-7553-31e8-46a1f92abe3e/AppIcon-1x_U007emarketing-0-8-0-85-220-0.png/100x100bb.png,2026-06-30,kr,topgrossing,7012,解谜
45,6738049542,Merge Restyle,"HIGGS TECHNOLOGY CO., LIMITED",https://apps.apple.com/kr/app/merge-restyle/id6738049542?uo=2,https://is1-ssl.mzstatic.com/image/thumb/Purple221/v4/5a/77/3e/5a773e86-ff4c-170b-8140-a05234621a77/AppIcon-0-0-1x_U007epad-0-1-85-220.png/100x100bb.png,2026-06-30,kr,topgrossing,7012,解谜
46,6758072393,추락한 아름다움: 머지&스토리,KINETIC ENERGY WIRELESS(HONG KONG)LIMITED,https://apps.apple.com/kr/app/%EC%B6%94%EB%9D%BD%ED%95%9C-%EC%95%84%EB%A6%84%EB%8B%A4%EC%9B%80-%EB%A8%B8%EC%A7%80-%EC%8A%A4%ED%86%A0%EB%A6%AC/id6758072393?uo=2,https://is1-ssl.mzstatic.com/image/thumb/Purple221/v4/bc/c5/0a/bcc50ace-3f97-1daf-438d-19fcbd187113/AppIcon-0-0-1x_U007emarketing-0-8-0-85-220.png/100x100bb.png,2026-06-30,kr,topgrossing,7012,解谜
47,6476976929,트럭 스타 매치,Century Games Pte. Ltd.,https://apps.apple.com/kr/app/%ED%8A%B8%EB%9F%AD-%EC%8A%A4%ED%83%80-%EB%A7%A4%EC%B9%98/id6476976929?uo=2,https://is1-ssl.mzstatic.com/image/thumb/Purple211/v4/d2/3e/a3/d23ea3b9-f4e9-8ab1-25a8-a323eb602f23/AppIcon-1x_U007emarketing-0-8-0-85-220-0.png/100x100bb.png,2026-06-30,kr,topgrossing,7012,解谜
48,6449094229,매치 팩토리(Match Factory)!,Peak Games,https://apps.apple.com/kr/app/%EB%A7%A4%EC%B9%98-%ED%8C%A9%ED%86%A0%EB%A6%AC-match-factory/id6449094229?uo=2,https://is1-ssl.mzstatic.com/image/thumb/Purple221/v4/30/65/44/3065447b-4674-7285-954a-4f5db9728e60/AppIcon-0-0-1x_U007emarketing-0-8-0-85-220.png/100x100bb.png,2026-06-30,kr,topgrossing,7012,解谜
49,6479752688,Match Villains,Good Job Games,https://apps.apple.com/kr/app/match-villains/id6479752688?uo=2,https://is1-ssl.mzstatic.com/image/thumb/Purple221/v4/36/7c/1d/367c1dfd-5eeb-8dbe-cfdd-3367d6178708/AppIcon-0-0-1x_U007emarketing-0-8-0-85-220.png/100x100bb.png,2026-06-30,kr,topgrossing,7012,解谜
50,6503284107,올인홀 (All in Hole),HOMA GAMES,https://apps.apple.com/kr/app/%EC%98%AC%EC%9D%B8%ED%99%80-all-in-hole/id6503284107?uo=2,https://is1-ssl.mzstatic.com/image/thumb/Purple221/v4/76/cf/2d/76cf2d8f-2431-e9fc-bda5-bc21d3109fe9/AppIcon-0-0-1x_U007emarketing-0-8-0-85-220.png/100x100bb.png,2026-06-30,kr,topgrossing,7012,解谜
1,6443575749,WOS: 화이트아웃 서바이벌,Century Games Pte. Ltd.,https://apps.apple.com/kr/app/wos-%ED%99%94%EC%9D%B4%ED%8A%B8%EC%95%84%EC%9B%83-%EC%84%9C%EB%B0%94%EC%9D%B4%EB%B2%8C/id6443575749?uo=2,https://is1-ssl.mzstatic.com/image/thumb/Purple221/v4/e5/1e/1d/e51e1db7-4655-6bb8-9441-af76dbfd291c/AppIcon-0-0-1x_U007emarketing-0-8-0-85-220.png/100x100bb.png,2026-06-30,kr,topgrossing,6014,游戏
2,6739554056,킹샷:Kingshot,Century Games Pte. Ltd.,https://apps.apple.com/kr/app/%ED%82%B9%EC%83%B7-kingshot/id6739554056?uo=2,https://is1-ssl.mzstatic.com/image/thumb/Purple211/v4/ee/d2/22/eed22297-9313-d8b0-52c8-95f42a2795b2/AppIcon-0-0-1x_U007emarketing-0-8-0-85-220.png/100x100bb.png,2026-06-30,kr,topgrossing,6014,游戏
3,6499562253,드래곤빌리지3,Highbrow,https://apps.apple.com/kr/app/%EB%93%9C%EB%9E%98%EA%B3%A4%EB%B9%8C%EB%A6%AC%EC%A7%803/id6499562253?uo=2,https://is1-ssl.mzstatic.com/image/thumb/Purple221/v4/c8/56/f5/c856f5b3-4c9d-f380-a598-87d1cb4094c5/AppIcon-0-0-1x_U007emarketing-0-11-0-85-220.png/100x100bb.png,2026-06-30,kr,topgrossing,6014,游戏
4,6739616715,메이플 키우기,NEXON Company,https://apps.apple.com/kr/app/%EB%A9%94%EC%9D%B4%ED%94%8C-%ED%82%A4%EC%9A%B0%EA%B8%B0/id6739616715?uo=2,https://is1-ssl.mzstatic.com/image/thumb/Purple221/v4/6c/bd/8e/6cbd8ee4-d86c-5183-b119-79a518cc0586/AppIcon-0-0-1x_U007emarketing-0-8-0-85-220.png/100x100bb.png,2026-06-30,kr,topgrossing,6014,游戏
5,6482291732,운빨존많겜,111%,https://apps.apple.com/kr/app/%EC%9A%B4%EB%B9%A8%EC%A1%B4%EB%A7%8E%EA%B2%9C/id6482291732?uo=2,https://is1-ssl.mzstatic.com/image/thumb/Purple221/v4/d2/42/c1/d242c1e1-8a16-6a6d-9b74-2f57eb18f2a4/AppIcon-0-0-1x_U007emarketing-0-5-85-220.png/100x100bb.png,2026-06-30,kr,topgrossing,6014,游戏
6,1623318294,가십하버: 합성 & 스토리 게임,Microfun Limited,https://apps.apple.com/kr/app/%EA%B0%80%EC%8B%AD%ED%95%98%EB%B2%84-%ED%95%A9%EC%84%B1-%EC%8A%A4%ED%86%A0%EB%A6%AC-%EA%B2%8C%EC%9E%84/id1623318294?uo=2,https://is1-ssl.mzstatic.com/image/thumb/Purple221/v4/d5/d7/02/d5d702dd-af54-09a5-21d1-ed6db319d310/AppIcon-0-0-1x_U007emarketing-0-8-0-85-220.png/100x100bb.png,2026-06-30,kr,topgrossing,6014,游戏
7,6503702666,협타디: 협동 타워 디펜스,SuperMagic,https://apps.apple.com/kr/app/%ED%98%91%ED%83%80%EB%94%94-%ED%98%91%EB%8F%99-%ED%83%80%EC%9B%8C-%EB%94%94%ED%8E%9C%EC%8A%A4/id6503702666?uo=2,https://is1-ssl.mzstatic.com/image/thumb/Purple211/v4/bb/24/af/bb24afde-cd0c-eed7-10b8-60e45be3c21e/AppIcon-0-0-1x_U007emarketing-0-8-0-85-220.png/100x100bb.png,2026-06-30,kr,topgrossing,6014,游戏
8,1441742921,마비노기 모바일,NEXON Company,https://apps.apple.com/kr/app/%EB%A7%88%EB%B9%84%EB%85%B8%EA%B8%B0-%EB%AA%A8%EB%B0%94%EC%9D%BC/id1441742921?uo=2,https://is1-ssl.mzstatic.com/image/thumb/Purple211/v4/55/d8/4e/55d84e44-cf05-4685-050b-022826e91eef/AppIcon-0-0-1x_U007emarketing-0-8-0-85-220.png/100x100bb.png,2026-06-30,kr,topgrossing,6014,游戏
9,6748004690,SOL: enchant,Netmarble Corporation,https://apps.apple.com/kr/app/sol-enchant/id6748004690?uo=2,https://is1-ssl.mzstatic.com/image/thumb/Purple211/v4/b3/88/dd/b388dd7c-690b-bfdb-268d-422f8aad99e4/AppIcon-0-0-1x_U007emarketing-0-8-0-85-220.png/100x100bb.png,2026-06-30,kr,topgrossing,6014,游戏
10,6448786147,라스트 워: 서바이벌,FUNFLY PTE. LTD.,https://apps.apple.com/kr/app/%EB%9D%BC%EC%8A%A4%ED%8A%B8-%EC%9B%8C-%EC%84%9C%EB%B0%94%EC%9D%B4%EB%B2%8C/id6448786147?uo=2,https://is1-ssl.mzstatic.com/image/thumb/Purple211/v4/43/bb/21/43bb21ce-1039-f722-aa4b-b4fd93fb52c5/AppIcon-0-0-1x_U007emarketing-0-8-0-85-220.png/100x100bb.png,2026-06-30,kr,topgrossing,6014,游戏
11,1458848044,컴투스프로야구V26,Com2uS Corp.,https://apps.apple.com/kr/app/%EC%BB%B4%ED%88%AC%EC%8A%A4%ED%94%84%EB%A1%9C%EC%95%BC%EA%B5%ACv26/id1458848044?uo=2,https://is1-ssl.mzstatic.com/image/thumb/Purple221/v4/49/6f/71/496f7104-47f2-7a90-c031-40c0d4e775ee/AppIcon-0-0-1x_U007emarketing-0-8-0-85-220.png/100x100bb.png,2026-06-30,kr,topgrossing,6014,游戏
12,1482155847,로얄 매치 (Royal Match),Dream Games,https://apps.apple.com/kr/app/%EB%A1%9C%EC%96%84-%EB%A7%A4%EC%B9%98-royal-match/id1482155847?uo=2,https://is1-ssl.mzstatic.com/image/thumb/Purple221/v4/50/3d/ab/503dabf4-c381-e224-5630-5b031703c08d/AppIcon-0-0-1x_U007emarketing-0-8-0-85-220.png/100x100bb.png,2026-06-30,kr,topgrossing,6014,游戏
13,1474589366,리니지M,NC Corp.,https://apps.apple.com/kr/app/%EB%A6%AC%EB%8B%88%EC%A7%80m/id1474589366?uo=2,https://is1-ssl.mzstatic.com/image/thumb/Purple221/v4/96/6a/ce/966aceaf-257e-a905-ad43-691092600456/AppIcon-0-0-1x_U007emarketing-0-11-0-85-220.png/100x100bb.png,2026-06-30,kr,topgrossing,6014,游戏
14,6443755785,씨사이드 익스케이프: 합성 & 스토리 게임,Microfun Limited,https://apps.apple.com/kr/app/%EC%94%A8%EC%82%AC%EC%9D%B4%EB%93%9C-%EC%9D%B5%EC%8A%A4%EC%BC%80%EC%9D%B4%ED%94%84-%ED%95%A9%EC%84%B1-%EC%8A%A4%ED%86%A0%EB%A6%AC-%EA%B2%8C%EC%9E%84/id6443755785?uo=2,https://is1-ssl.mzstatic.com/image/thumb/Purple211/v4/93/64/f8/9364f8fe-aca6-8b43-d78c-24cd33a2f92d/AppIcon-0-0-1x_U007emarketing-0-8-0-85-220.png/100x100bb.png,2026-06-30,kr,topgrossing,6014,游戏
15,1105855019,Gardenscapes,Playrix,https://apps.apple.com/kr/app/gardenscapes/id1105855019?uo=2,https://is1-ssl.mzstatic.com/image/thumb/Purple211/v4/54/9f/3a/549f3a53-96e5-8dfa-8639-ca30bf676cee/AppIcon-0-0-1x_U007emarketing-0-8-0-85-220.png/100x100bb.png,2026-06-30,kr,topgrossing,6014,游戏
16,1117270703,eFootball™,KONAMI,https://apps.apple.com/kr/app/efootball/id1117270703?uo=2,https://is1-ssl.mzstatic.com/image/thumb/Purple211/v4/f7/0c/8f/f70c8f63-9613-a144-8f0c-57039d41fc9a/PesMobile-0-0-1x_U007emarketing-0-8-0-85-220.png/100x100bb.png,2026-06-30,kr,topgrossing,6014,游戏
17,1273957743,EA SPORTS FC Online M,NEXON Company,https://apps.apple.com/kr/app/ea-sports-fc-online-m/id1273957743?uo=2,https://is1-ssl.mzstatic.com/image/thumb/Purple221/v4/74/da/0c/74da0cf5-042d-c43f-9256-2aac44a2e35a/AppIcon-0-0-1x_U007emarketing-0-8-0-85-220.png/100x100bb.png,2026-06-30,kr,topgrossing,6014,游戏
18,1229016807,브롤스타즈,Supercell,https://apps.apple.com/kr/app/%EB%B8%8C%EB%A1%A4%EC%8A%A4%ED%83%80%EC%A6%88/id1229016807?uo=2,https://is1-ssl.mzstatic.com/image/thumb/Purple211/v4/a6/dc/a4/a6dca41e-7385-e8fb-cddf-dcb9751c1454/AppIcon-0-0-1x_U007epad-0-1-85-220.png/100x100bb.png,2026-06-30,kr,topgrossing,6014,游戏
19,6471045672,테이스티 트레블: 합성 게임,Century Games Pte. Ltd.,https://apps.apple.com/kr/app/%ED%85%8C%EC%9D%B4%EC%8A%A4%ED%8B%B0-%ED%8A%B8%EB%A0%88%EB%B8%94-%ED%95%A9%EC%84%B1-%EA%B2%8C%EC%9E%84/id6471045672?uo=2,https://is1-ssl.mzstatic.com/image/thumb/Purple221/v4/cc/cc/f2/ccccf200-20e5-c0fa-68fc-2ea32d90371c/AppIcon-0-0-1x_U007emarketing-0-8-0-85-220.png/100x100bb.png,2026-06-30,kr,topgrossing,6014,游戏
20,1520354659,오딘: 발할라 라이징,Kakao Games Corp.,https://apps.apple.com/kr/app/%EC%98%A4%EB%94%98-%EB%B0%9C%ED%95%A0%EB%9D%BC-%EB%9D%BC%EC%9D%B4%EC%A7%95/id1520354659?uo=2,https://is1-ssl.mzstatic.com/image/thumb/Purple221/v4/84/78/cc/8478ccb2-9013-d758-83d7-95411f3b599e/AppIcon-1x_U007emarketing-0-8-0-85-220-0.png/100x100bb.png,2026-06-30,kr,topgrossing,6014,游戏
21,1478371252,FC 모바일,NEXON Company,https://apps.apple.com/kr/app/fc-%EB%AA%A8%EB%B0%94%EC%9D%BC/id1478371252?uo=2,https://is1-ssl.mzstatic.com/image/thumb/Purple221/v4/21/3d/de/213dde4c-9347-e163-a8b0-46a31ad8f764/AppIcon-1x_U007emarketing-0-8-0-85-220-0.png/100x100bb.png,2026-06-30,kr,topgrossing,6014,游戏
22,1195621598,Homescapes: Match 3 Games,Playrix,https://apps.apple.com/kr/app/homescapes-match-3-games/id1195621598?uo=2,https://is1-ssl.mzstatic.com/image/thumb/Purple211/v4/c8/ee/2a/c8ee2a9b-49f3-69b8-ca00-e57a83d2ca64/AppIcon-0-0-1x_U007emarketing-0-11-0-85-220.png/100x100bb.png,2026-06-30,kr,topgrossing,6014,游戏
23,6746465127,세포 특공대 - 전략형 타워 디펜스,Snap Brain Games,https://apps.apple.com/kr/app/%EC%84%B8%ED%8F%AC-%ED%8A%B9%EA%B3%B5%EB%8C%80-%EC%A0%84%EB%9E%B5%ED%98%95-%ED%83%80%EC%9B%8C-%EB%94%94%ED%8E%9C%EC%8A%A4/id6746465127?uo=2,https://is1-ssl.mzstatic.com/image/thumb/Purple221/v4/be/92/db/be92db2e-841b-1479-854e-98f0ce2f28b1/AppIcon-0-0-1x_U007epad-0-1-85-220.png/100x100bb.png,2026-06-30,kr,topgrossing,6014,游戏
24,1366526331,배틀그라운드,KRAFTON Inc,https://apps.apple.com/kr/app/%EB%B0%B0%ED%8B%80%EA%B7%B8%EB%9D%BC%EC%9A%B4%EB%93%9C/id1366526331?uo=2,https://is1-ssl.mzstatic.com/image/thumb/Purple211/v4/b2/b1/73/b2b173c2-26fd-3d18-ba5e-83acaa1bfe3d/AppIcon-0-0-1x_U007emarketing-0-7-0-85-220.png/100x100bb.png,2026-06-30,kr,topgrossing,6014,游戏
25,6692615881,SD건담 지 제네레이션 이터널,Bandai Namco Entertainment Inc.,https://apps.apple.com/kr/app/sd%EA%B1%B4%EB%8B%B4-%EC%A7%80-%EC%A0%9C%EB%84%A4%EB%A0%88%EC%9D%B4%EC%85%98-%EC%9D%B4%ED%84%B0%EB%84%90/id6692615881?uo=2,https://is1-ssl.mzstatic.com/image/thumb/Purple211/v4/52/58/c0/5258c03c-bab3-b168-85eb-df4fb7b3cad7/AppIcon-0-0-1x_U007emarketing-0-8-0-85-220.png/100x100bb.png,2026-06-30,kr,topgrossing,6014,游戏
26,6479970832,포켓몬 카드 게임 Pocket,The Pokemon Company,https://apps.apple.com/kr/app/%ED%8F%AC%EC%BC%93%EB%AA%AC-%EC%B9%B4%EB%93%9C-%EA%B2%8C%EC%9E%84-pocket/id6479970832?uo=2,https://is1-ssl.mzstatic.com/image/thumb/Purple211/v4/54/12/78/541278bd-ccac-156d-b027-a46e1cd536bb/AppIcon-0-0-1x_U007emarketing-0-8-0-85-220.png/100x100bb.png,2026-06-30,kr,topgrossing,6014,游戏
27,1616108452,우마무스메 프리티 더비,Kakao Games Corp.,https://apps.apple.com/kr/app/%EC%9A%B0%EB%A7%88%EB%AC%B4%EC%8A%A4%EB%A9%94-%ED%94%84%EB%A6%AC%ED%8B%B0-%EB%8D%94%EB%B9%84/id1616108452?uo=2,https://is1-ssl.mzstatic.com/image/thumb/Purple221/v4/be/b2/80/beb280ac-2751-82c1-793c-926e2a15d77b/AppIcon-0-0-1x_U007emarketing-0-8-0-85-220.png/100x100bb.png,2026-06-30,kr,topgrossing,6014,游戏
28,1585915174,승리의 여신: 니케,Level Infinite,https://apps.apple.com/kr/app/%EC%8A%B9%EB%A6%AC%EC%9D%98-%EC%97%AC%EC%8B%A0-%EB%8B%88%EC%BC%80/id1585915174?uo=2,https://is1-ssl.mzstatic.com/image/thumb/Purple221/v4/92/70/77/92707729-ee50-3103-9171-99436c9acfbd/AppIcon-0-0-1x_U007emarketing-0-8-0-85-220.png/100x100bb.png,2026-06-30,kr,topgrossing,6014,游戏
29,6618142292,핫레스토랑: 머지&쿠킹,Microfun Limited,https://apps.apple.com/kr/app/%ED%95%AB%EB%A0%88%EC%8A%A4%ED%86%A0%EB%9E%91-%EB%A8%B8%EC%A7%80-%EC%BF%A0%ED%82%B9/id6618142292?uo=2,https://is1-ssl.mzstatic.com/image/thumb/Purple221/v4/82/50/d2/8250d24f-8042-b152-706f-caa35fcf24a8/AppIcon-0-0-1x_U007emarketing-0-8-0-85-220.png/100x100bb.png,2026-06-30,kr,topgrossing,6014,游戏
30,1094591345,Pokémon GO,"Niantic, Inc.",https://apps.apple.com/kr/app/pok%C3%A9mon-go/id1094591345?uo=2,https://is1-ssl.mzstatic.com/image/thumb/Purple211/v4/c0/15/94/c01594df-94f1-fe64-141d-891e404a22ea/AppIcon-0-0-1x_U007emarketing-0-8-0-85-220.png/100x100bb.png,2026-06-30,kr,topgrossing,6014,游戏
31,1643509748,머지 쿠킹 테마 레스토랑（Merge Cooking）,Happibits,https://apps.apple.com/kr/app/%EB%A8%B8%EC%A7%80-%EC%BF%A0%ED%82%B9-%ED%85%8C%EB%A7%88-%EB%A0%88%EC%8A%A4%ED%86%A0%EB%9E%91-merge-cooking/id1643509748?uo=2,https://is1-ssl.mzstatic.com/image/thumb/Purple211/v4/3c/a6/cf/3ca6cfa1-757b-2632-12a1-652d5a949517/AppIcon-0-0-1x_U007emarketing-0-8-0-85-220.png/100x100bb.png,2026-06-30,kr,topgrossing,6014,游戏
32,6475033368,명조:워더링 웨이브 × 사이버펑크 콜라보,KURO GAMES,https://apps.apple.com/kr/app/%EB%AA%85%EC%A1%B0-%EC%9B%8C%EB%8D%94%EB%A7%81-%EC%9B%A8%EC%9D%B4%EB%B8%8C-%EC%82%AC%EC%9D%B4%EB%B2%84%ED%8E%91%ED%81%AC-%EC%BD%9C%EB%9D%BC%EB%B3%B4/id6475033368?uo=2,https://is1-ssl.mzstatic.com/image/thumb/Purple221/v4/b5/95/e2/b595e2a1-02fb-fded-102d-7afe1c848490/AppIcon-0-0-1x_U007emarketing-0-8-0-85-220.png/100x100bb.png,2026-06-30,kr,topgrossing,6014,游戏
33,6737408689,스톤에이지 키우기,Netmarble Corporation,https://apps.apple.com/kr/app/%EC%8A%A4%ED%86%A4%EC%97%90%EC%9D%B4%EC%A7%80-%ED%82%A4%EC%9A%B0%EA%B8%B0/id6737408689?uo=2,https://is1-ssl.mzstatic.com/image/thumb/Purple211/v4/c8/cc/9a/c8cc9a5f-5d73-0ddb-9609-be380e3b55f5/AppIcon-0-0-1x_U007emarketing-0-8-0-85-220.png/100x100bb.png,2026-06-30,kr,topgrossing,6014,游戏
34,6446516059,캣 히어로 : 방치형 RPG,"Game Duo Co.,Ltd.",https://apps.apple.com/kr/app/%EC%BA%A3-%ED%9E%88%EC%96%B4%EB%A1%9C-%EB%B0%A9%EC%B9%98%ED%98%95-rpg/id6446516059?uo=2,https://is1-ssl.mzstatic.com/image/thumb/Purple221/v4/46/d9/6c/46d96c19-b845-a1e0-7968-7a7215f97780/AppIcon-0-0-1x_U007emarketing-0-8-0-85-220.png/100x100bb.png,2026-06-30,kr,topgrossing,6014,游戏
35,848091833,냥코 대전쟁,ponos corporation,https://apps.apple.com/kr/app/%EB%83%A5%EC%BD%94-%EB%8C%80%EC%A0%84%EC%9F%81/id848091833?uo=2,https://is1-ssl.mzstatic.com/image/thumb/Purple221/v4/0f/25/a6/0f25a6e3-a49b-50f2-638f-f94be0101e76/AppIcon-kr-1x_U007epad-0-1-85-220-0.png/100x100bb.png,2026-06-30,kr,topgrossing,6014,游戏
36,1480616748,전략적 팀 전투: 리그 오브 레전드 전략 게임,Riot Games,https://apps.apple.com/kr/app/%EC%A0%84%EB%9E%B5%EC%A0%81-%ED%8C%80-%EC%A0%84%ED%88%AC-%EB%A6%AC%EA%B7%B8-%EC%98%A4%EB%B8%8C-%EB%A0%88%EC%A0%84%EB%93%9C-%EC%A0%84%EB%9E%B5-%EA%B2%8C%EC%9E%84/id1480616748?uo=2,https://is1-ssl.mzstatic.com/image/thumb/Purple221/v4/91/4b/0e/914b0e15-6270-b6b6-0e58-250dfddc8ff6/AppIcon-0-0-1x_U007epad-0-1-85-220.png/100x100bb.png,2026-06-30,kr,topgrossing,6014,游戏
37,638689075,꿈의 마을 (Township),Playrix,https://apps.apple.com/kr/app/%EA%BF%88%EC%9D%98-%EB%A7%88%EC%9D%84-township/id638689075?uo=2,https://is1-ssl.mzstatic.com/image/thumb/Purple211/v4/f3/d3/ab/f3d3abe7-ac2f-d4a3-1683-0873d183913e/AppIcon-0-0-1x_U007emarketing-0-11-0-85-220.png/100x100bb.png,2026-06-30,kr,topgrossing,6014,游戏
38,1606549505,로얄 킹덤 (Royal Kingdom),Dream Games,https://apps.apple.com/kr/app/%EB%A1%9C%EC%96%84-%ED%82%B9%EB%8D%A4-royal-kingdom/id1606549505?uo=2,https://is1-ssl.mzstatic.com/image/thumb/Purple211/v4/5c/c4/75/5cc4753e-cd56-1020-daa7-a09f15857a63/AppIcon-0-0-1x_U007emarketing-0-8-0-85-220.png/100x100bb.png,2026-06-30,kr,topgrossing,6014,游戏
39,553834731,캔디크러쉬사가,King,https://apps.apple.com/kr/app/%EC%BA%94%EB%94%94%ED%81%AC%EB%9F%AC%EC%89%AC%EC%82%AC%EA%B0%80/id553834731?uo=2,https://is1-ssl.mzstatic.com/image/thumb/Purple211/v4/a1/c5/92/a1c59272-aace-ff82-0b16-ca93a87cb33c/AppIcon-0-0-1x_U007emarketing-0-8-0-85-220.png/100x100bb.png,2026-06-30,kr,topgrossing,6014,游戏
40,6450953550,탑 히어로즈: 영웅의 시대,River Game HK Limited,https://apps.apple.com/kr/app/%ED%83%91-%ED%9E%88%EC%96%B4%EB%A1%9C%EC%A6%88-%EC%98%81%EC%9B%85%EC%9D%98-%EC%8B%9C%EB%8C%80/id6450953550?uo=2,https://is1-ssl.mzstatic.com/image/thumb/Purple221/v4/2d/a5/2d/2da52d46-d957-096f-1bfe-a3550ad94b26/AppIcon-0-0-1x_U007emarketing-0-8-0-85-220.png/100x100bb.png,2026-06-30,kr,topgrossing,6014,游戏
41,1471942989,한게임 섯다&맞고,NHN Corp.,https://apps.apple.com/kr/app/%ED%95%9C%EA%B2%8C%EC%9E%84-%EC%84%AF%EB%8B%A4-%EB%A7%9E%EA%B3%A0/id1471942989?uo=2,https://is1-ssl.mzstatic.com/image/thumb/Purple221/v4/66/c4/76/66c4768e-7fc7-3851-0b5b-94c0acb4bb0c/AppIcon-0-0-1x_U007emarketing-0-8-0-85-220.png/100x100bb.png,2026-06-30,kr,topgrossing,6014,游戏
42,6756989323,라스트 어사일럼: 페스트,WISENESS GAME ONLINE INTERNATIONAL LTD,https://apps.apple.com/kr/app/%EB%9D%BC%EC%8A%A4%ED%8A%B8-%EC%96%B4%EC%82%AC%EC%9D%BC%EB%9F%BC-%ED%8E%98%EC%8A%A4%ED%8A%B8/id6756989323?uo=2,https://is1-ssl.mzstatic.com/image/thumb/Purple211/v4/cf/0c/e6/cf0ce6c9-ad6e-c968-b7ce-c9b4856e1ce2/AppIcon-0-0-1x_U007emarketing-0-8-0-85-220.png/100x100bb.png,2026-06-30,kr,topgrossing,6014,游戏
43,6475757306,Disney Solitaire,SuperPlay,https://apps.apple.com/kr/app/disney-solitaire/id6475757306?uo=2,https://is1-ssl.mzstatic.com/image/thumb/Purple211/v4/86/76/5f/86765fea-b7f7-dcd0-6446-0dd01ca74367/AppIcon-0-0-1x_U007emarketing-0-8-0-85-220.png/100x100bb.png,2026-06-30,kr,topgrossing,6014,游戏
44,852912420,서머너즈 워: 천공의 아레나,Com2uS Corp.,https://apps.apple.com/kr/app/%EC%84%9C%EB%A8%B8%EB%84%88%EC%A6%88-%EC%9B%8C-%EC%B2%9C%EA%B3%B5%EC%9D%98-%EC%95%84%EB%A0%88%EB%82%98/id852912420?uo=2,https://is1-ssl.mzstatic.com/image/thumb/Purple211/v4/c8/fc/a5/c8fca5d1-b667-5b1b-185d-c1e38ab9c74e/AppIcon-0-0-1x_U007emarketing-0-11-0-85-220.png/100x100bb.png,2026-06-30,kr,topgrossing,6014,游戏
45,6760331151,시티 데몬헌터즈: 각성자들,"Dawn Breaking Network Technology Co., Limited",https://apps.apple.com/kr/app/%EC%8B%9C%ED%8B%B0-%EB%8D%B0%EB%AA%AC%ED%97%8C%ED%84%B0%EC%A6%88-%EA%B0%81%EC%84%B1%EC%9E%90%EB%93%A4/id6760331151?uo=2,https://is1-ssl.mzstatic.com/image/thumb/Purple221/v4/e7/9a/53/e79a53dd-c5c4-0d34-279e-89ae1e4d989f/AppIcon-0-0-1x_U007emarketing-0-8-0-85-220.png/100x100bb.png,2026-06-30,kr,topgrossing,6014,游戏
46,1466736988,카트라이더 러쉬플러스,NEXON Company,https://apps.apple.com/kr/app/%EC%B9%B4%ED%8A%B8%EB%9D%BC%EC%9D%B4%EB%8D%94-%EB%9F%AC%EC%89%AC%ED%94%8C%EB%9F%AC%EC%8A%A4/id1466736988?uo=2,https://is1-ssl.mzstatic.com/image/thumb/Purple211/v4/7c/87/5b/7c875b65-85f0-939d-3b29-43632d684219/AppIcon-1x_U007emarketing-0-8-0-85-220-0.png/100x100bb.png,2026-06-30,kr,topgrossing,6014,游戏
47,1471486284,한게임 포커,NHN Corp.,https://apps.apple.com/kr/app/%ED%95%9C%EA%B2%8C%EC%9E%84-%ED%8F%AC%EC%BB%A4/id1471486284?uo=2,https://is1-ssl.mzstatic.com/image/thumb/Purple211/v4/b0/f3/1c/b0f31c88-4830-e795-f3db-d499aa0a03c4/AppIcon-0-0-1x_U007emarketing-0-8-0-85-220.png/100x100bb.png,2026-06-30,kr,topgrossing,6014,游戏
48,6746192853,변신 키우기,Billionairegames,https://apps.apple.com/kr/app/%EB%B3%80%EC%8B%A0-%ED%82%A4%EC%9A%B0%EA%B8%B0/id6746192853?uo=2,https://is1-ssl.mzstatic.com/image/thumb/Purple211/v4/a3/64/59/a364596e-2303-3fa0-1113-5e60b35b0ecb/AppIcon-0-0-1x_U007emarketing-0-8-0-85-220.png/100x100bb.png,2026-06-30,kr,topgrossing,6014,游戏
49,6443477650,한게임 로얄홀덤,NHN Corp.,https://apps.apple.com/kr/app/%ED%95%9C%EA%B2%8C%EC%9E%84-%EB%A1%9C%EC%96%84%ED%99%80%EB%8D%A4/id6443477650?uo=2,https://is1-ssl.mzstatic.com/image/thumb/Purple211/v4/7f/55/ec/7f55ecf5-3779-87fb-3db0-d754a5bc0a26/AppIcon-0-0-1x_U007emarketing-0-8-0-85-220.png/100x100bb.png,2026-06-30,kr,topgrossing,6014,游戏
50,6759822089,오늘의 꽃 : 진짜 꽃을 키우는 게임,Ujoy Games Limited,https://apps.apple.com/kr/app/%EC%98%A4%EB%8A%98%EC%9D%98-%EA%BD%83-%EC%A7%84%EC%A7%9C-%EA%BD%83%EC%9D%84-%ED%82%A4%EC%9A%B0%EB%8A%94-%EA%B2%8C%EC%9E%84/id6759822089?uo=2,https://is1-ssl.mzstatic.com/image/thumb/Purple221/v4/cc/74/42/cc744263-0e93-75f5-9e03-3ef96af16816/AppIcon-0-0-1x_U007emarketing-0-8-0-85-220.png/100x100bb.png,2026-06-30,kr,topgrossing,6014,游戏
1,6748950306,솔리테어 - 카드게임 또 워드퍼즐,Hitapps Games LTD,https://apps.apple.com/kr/app/%EC%86%94%EB%A6%AC%ED%85%8C%EC%96%B4-%EC%B9%B4%EB%93%9C%EA%B2%8C%EC%9E%84-%EB%98%90-%EC%9B%8C%EB%93%9C%ED%8D%BC%EC%A6%90/id6748950306?uo=2,https://is1-ssl.mzstatic.com/image/thumb/Purple221/v4/40/a7/d8/40a7d82f-e64f-e659-2616-19712300466a/AppIcon-0-0-1x_U007emarketing-0-8-0-85-220.png/100x100bb.png,2026-06-30,kr,topgrossing,7019,文字
2,6759077038,Profile Perfect,Lion Studios Plus,https://apps.apple.com/kr/app/profile-perfect/id6759077038?uo=2,https://is1-ssl.mzstatic.com/image/thumb/Purple221/v4/9d/7a/c9/9d7ac98c-2b27-aa66-3621-6bc76e1574fe/AppIcon-0-0-1x_U007emarketing-0-8-0-85-220.png/100x100bb.png,2026-06-30,kr,topgrossing,7019,文字
3,6532601126,That’s My Seat – 논리 퍼즐,ROOFTOP GAMES OYUN TEKNOLOJILERI ANONIM SIRKETI,https://apps.apple.com/kr/app/thats-my-seat-%EB%85%BC%EB%A6%AC-%ED%8D%BC%EC%A6%90/id6532601126?uo=2,https://is1-ssl.mzstatic.com/image/thumb/Purple211/v4/4f/88/fd/4f88fd1f-bcba-2ac7-7ef8-ebaf53eca4c5/AppIcon-0-0-1x_U007emarketing-0-8-0-85-220.png/100x100bb.png,2026-06-30,kr,topgrossing,7019,文字
4,6749684876,알키오네: 화학 퍼즐,Boil Studio Inc.,https://apps.apple.com/kr/app/%EC%95%8C%ED%82%A4%EC%98%A4%EB%84%A4-%ED%99%94%ED%95%99-%ED%8D%BC%EC%A6%90/id6749684876?uo=2,https://is1-ssl.mzstatic.com/image/thumb/Purple211/v4/00/41/ac/0041ac0e-42e0-bf28-3ff4-1520ccfd6127/AppIcon-0-0-1x_U007emarketing-0-8-0-85-220.png/100x100bb.png,2026-06-30,kr,topgrossing,7019,文字
5,1529068001,우즈 - 머더 미스터리 앱,"Sally, inc.",https://apps.apple.com/kr/app/%EC%9A%B0%EC%A6%88-%EB%A8%B8%EB%8D%94-%EB%AF%B8%EC%8A%A4%ED%84%B0%EB%A6%AC-%EC%95%B1/id1529068001?uo=2,https://is1-ssl.mzstatic.com/image/thumb/Purple221/v4/08/a7/76/08a77649-0268-a1d9-59dd-5d82871b8925/AppIcon-prd-1x_U007emarketing-0-11-0-85-220-0.png/100x100bb.png,2026-06-30,kr,topgrossing,7019,文字
6,6499306754,Code Busters: Word Puzzle Game,Smartronic,https://apps.apple.com/kr/app/code-busters-word-puzzle-game/id6499306754?uo=2,https://is1-ssl.mzstatic.com/image/thumb/Purple221/v4/8c/18/0f/8c180f7d-9367-14c2-dfb5-6b3c7fd4d474/AppIcon-0-0-1x_U007emarketing-0-11-0-85-220.png/100x100bb.png,2026-06-30,kr,topgrossing,7019,文字
7,6755815731,Word Screw - 나사와 단어,Astrasen Global,https://apps.apple.com/kr/app/word-screw-%EB%82%98%EC%82%AC%EC%99%80-%EB%8B%A8%EC%96%B4/id6755815731?uo=2,https://is1-ssl.mzstatic.com/image/thumb/Purple221/v4/dd/cf/e2/ddcfe2e2-2d90-a005-ab05-c4e2295b7e88/AppIcon-0-0-1x_U007epad-0-1-85-220.png/100x100bb.png,2026-06-30,kr,topgrossing,7019,文字
8,6677019784,야구 GOAT,Red falcon,https://apps.apple.com/kr/app/%EC%95%BC%EA%B5%AC-goat/id6677019784?uo=2,https://is1-ssl.mzstatic.com/image/thumb/Purple211/v4/d0/d7/d4/d0d7d438-e730-fa64-9b49-8eaaf77059f3/AppIcon-0-0-1x_U007emarketing-0-6-0-85-220.png/100x100bb.png,2026-06-30,kr,topgrossing,7019,文字
9,307569751,NYT Games: Wordle & Crossword,The New York Times Company,https://apps.apple.com/kr/app/nyt-games-wordle-crossword/id307569751?uo=2,https://is1-ssl.mzstatic.com/image/thumb/Purple221/v4/6f/c6/d8/6fc6d80b-80f1-e130-f877-ddf0de04652a/Release-0-0-1x_U007epad-0-1-0-sRGB-0-85-220.png/100x100bb.png,2026-06-30,kr,topgrossing,7019,文字
10,1608860892,MomoLingo: 영어와 다양한 언어 공부,MNO GO APPS LTD,https://apps.apple.com/kr/app/momolingo-%EC%98%81%EC%96%B4%EC%99%80-%EB%8B%A4%EC%96%91%ED%95%9C-%EC%96%B8%EC%96%B4-%EA%B3%B5%EB%B6%80/id1608860892?uo=2,https://is1-ssl.mzstatic.com/image/thumb/Purple221/v4/3b/8d/99/3b8d99c9-7b07-9646-e5a1-d944e829a467/AppIcon-0-0-1x_U007emarketing-0-8-0-85-220.png/100x100bb.png,2026-06-30,kr,topgrossing,7019,文字
11,1477841973,Brain Out -Tricky riddle games,EYEWIND LIMITED,https://apps.apple.com/kr/app/brain-out-tricky-riddle-games/id1477841973?uo=2,https://is1-ssl.mzstatic.com/image/thumb/Purple211/v4/23/23/ce/2323ceba-53b8-50bd-d71c-87ae5c5656e0/AppIcon-1x_U007emarketing-0-8-0-85-220-0.png/100x100bb.png,2026-06-30,kr,topgrossing,7019,文字
12,6753799160,Word Solitaire Now!,Arrowise Studio,https://apps.apple.com/kr/app/word-solitaire-now/id6753799160?uo=2,https://is1-ssl.mzstatic.com/image/thumb/Purple211/v4/61/ce/9d/61ce9de8-696c-459f-7d6c-f1441aafeba3/AppIcon-0-0-1x_U007epad-0-11-0-85-220.png/100x100bb.png,2026-06-30,kr,topgrossing,7019,文字
13,6446421159,낱말퀴즈 - 재미있는 워드단어퍼즐게임,Mirror of Ember,https://apps.apple.com/kr/app/%EB%82%B1%EB%A7%90%ED%80%B4%EC%A6%88-%EC%9E%AC%EB%AF%B8%EC%9E%88%EB%8A%94-%EC%9B%8C%EB%93%9C%EB%8B%A8%EC%96%B4%ED%8D%BC%EC%A6%90%EA%B2%8C%EC%9E%84/id6446421159?uo=2,https://is1-ssl.mzstatic.com/image/thumb/Purple211/v4/5a/85/18/5a851874-c874-80e0-b614-2246a1e6c9f5/AppIcon-0-0-1x_U007epad-0-1-85-220.png/100x100bb.png,2026-06-30,kr,topgrossing,7019,文字
14,6443809942,"배틀워즈 - 영단어, 단어장",sang wook Jang,https://apps.apple.com/kr/app/%EB%B0%B0%ED%8B%80%EC%9B%8C%EC%A6%88-%EC%98%81%EB%8B%A8%EC%96%B4-%EB%8B%A8%EC%96%B4%EC%9E%A5/id6443809942?uo=2,https://is1-ssl.mzstatic.com/image/thumb/Purple221/v4/28/a7/e4/28a7e420-cefa-bd63-3686-c0429ff83458/AppIcon-0-0-1x_U007emarketing-0-6-0-85-220.png/100x100bb.png,2026-06-30,kr,topgrossing,7019,文字
15,1207472156,워드스케이프 (Wordscapes),"PeopleFun, Inc.",https://apps.apple.com/kr/app/%EC%9B%8C%EB%93%9C%EC%8A%A4%EC%BC%80%EC%9D%B4%ED%94%84-wordscapes/id1207472156?uo=2,https://is1-ssl.mzstatic.com/image/thumb/Purple221/v4/5d/1c/d5/5d1cd573-f1be-43ba-270a-6c0cca56074d/AppIcon-0-0-1x_U007emarketing-0-8-0-85-220.png/100x100bb.png,2026-06-30,kr,topgrossing,7019,文字
16,1453720435,Liar Game,DongUk Kim,https://apps.apple.com/kr/app/liar-game/id1453720435?uo=2,https://is1-ssl.mzstatic.com/image/thumb/Purple211/v4/f3/82/ef/f382efe1-df9d-15b7-16c4-b86064cee9a8/AppIcon-0-0-1x_U007emarketing-0-6-0-85-220.png/100x100bb.png,2026-06-30,kr,topgrossing,7019,文字
17,6476513210,LOK Digital,Draknek Limited,https://apps.apple.com/kr/app/lok-digital/id6476513210?uo=2,https://is1-ssl.mzstatic.com/image/thumb/Purple221/v4/13/21/93/132193b0-f24f-47f4-9611-fc1899e2a792/AppIcon-0-0-1x_U007emarketing-0-7-0-85-220.png/100x100bb.png,2026-06-30,kr,topgrossing,7019,文字
18,1526842079,Brain Who? 까다로운 수수께끼 테스트,Teos Oyun,https://apps.apple.com/kr/app/brain-who-%EA%B9%8C%EB%8B%A4%EB%A1%9C%EC%9A%B4-%EC%88%98%EC%88%98%EA%BB%98%EB%81%BC-%ED%85%8C%EC%8A%A4%ED%8A%B8/id1526842079?uo=2,https://is1-ssl.mzstatic.com/image/thumb/Purple221/v4/74/bb/c1/74bbc196-9dba-dca1-1e26-63ac757ffa0d/AppIcon-0-0-1x_U007emarketing-0-8-0-85-220.png/100x100bb.png,2026-06-30,kr,topgrossing,7019,文字
19,6749696890,Associations - Colorwood 게임,Burny Games,https://apps.apple.com/kr/app/associations-colorwood-%EA%B2%8C%EC%9E%84/id6749696890?uo=2,https://is1-ssl.mzstatic.com/image/thumb/Purple211/v4/58/4c/9c/584c9c66-64ea-bcc0-c66e-3f2064035fc3/AppIcon-0-0-1x_U007emarketing-0-8-0-85-220.png/100x100bb.png,2026-06-30,kr,topgrossing,7019,文字
20,6443831605,The Case of the Golden Idol,Playstack Ltd,https://apps.apple.com/kr/app/the-case-of-the-golden-idol/id6443831605?uo=2,https://is1-ssl.mzstatic.com/image/thumb/Purple221/v4/70/2e/33/702e3305-30cd-f352-0fab-1ea0aa38e039/AppIcon-0-0-1x_U007emarketing-0-8-0-85-220.png/100x100bb.png,2026-06-30,kr,topgrossing,7019,文字
21,1660171117,Zen Word® - Relax Puzzle Game,Oakever Games,https://apps.apple.com/kr/app/zen-word-relax-puzzle-game/id1660171117?uo=2,https://is1-ssl.mzstatic.com/image/thumb/Purple221/v4/ed/51/84/ed51840c-7bfd-d698-9743-10b3fa693da3/AppIcon-0-0-1x_U007emarketing-0-8-0-85-220.png/100x100bb.png,2026-06-30,kr,topgrossing,7019,文字
22,1221235267,워드타워 - 재미있는 단어 퍼즐,MONSTER PLANET Corp.,https://apps.apple.com/kr/app/%EC%9B%8C%EB%93%9C%ED%83%80%EC%9B%8C-%EC%9E%AC%EB%AF%B8%EC%9E%88%EB%8A%94-%EB%8B%A8%EC%96%B4-%ED%8D%BC%EC%A6%90/id1221235267?uo=2,https://is1-ssl.mzstatic.com/image/thumb/Purple125/v4/c7/23/91/c723916e-0cd1-7cb2-a3db-3141424f7093/AppIcon-1x_U007emarketing-0-9-0-85-220.png/100x100bb.png,2026-06-30,kr,topgrossing,7019,文字
23,6692629257,단어 연결 - 워드퍼즐 & 단어게임,Hitapps Games LTD,https://apps.apple.com/kr/app/%EB%8B%A8%EC%96%B4-%EC%97%B0%EA%B2%B0-%EC%9B%8C%EB%93%9C%ED%8D%BC%EC%A6%90-%EB%8B%A8%EC%96%B4%EA%B2%8C%EC%9E%84/id6692629257?uo=2,https://is1-ssl.mzstatic.com/image/thumb/Purple211/v4/28/d5/f4/28d5f425-8daa-3408-1792-c75b050774cb/AppIcon-0-0-1x_U007emarketing-0-8-0-85-220.png/100x100bb.png,2026-06-30,kr,topgrossing,7019,文字
24,1642299188,종이 혼례복 3 원앙빚,"FUNNY GAME CO.,LTD",https://apps.apple.com/kr/app/%EC%A2%85%EC%9D%B4-%ED%98%BC%EB%A1%80%EB%B3%B5-3-%EC%9B%90%EC%95%99%EB%B9%9A/id1642299188?uo=2,https://is1-ssl.mzstatic.com/image/thumb/Purple211/v4/0d/a5/3a/0da53af8-3704-eacd-5d18-b7ae6cd24321/AppIcon-0-0-1x_U007emarketing-0-9-0-85-220.png/100x100bb.png,2026-06-30,kr,topgrossing,7019,文字
25,1644099880,Cryptogram: Logic Word Search,Joyteractive,https://apps.apple.com/kr/app/cryptogram-logic-word-search/id1644099880?uo=2,https://is1-ssl.mzstatic.com/image/thumb/Purple221/v4/c8/54/e8/c854e876-1d68-4ec6-122a-a55731f7a067/AppIcon-0-0-1x_U007emarketing-0-8-0-85-220.png/100x100bb.png,2026-06-30,kr,topgrossing,7019,文字
26,1580064408,Riddle Test: 브레인 티저 게임,Kidding Box,https://apps.apple.com/kr/app/riddle-test-%EB%B8%8C%EB%A0%88%EC%9D%B8-%ED%8B%B0%EC%A0%80-%EA%B2%8C%EC%9E%84/id1580064408?uo=2,https://is1-ssl.mzstatic.com/image/thumb/Purple211/v4/72/96/b2/7296b255-1db5-faa1-644f-43967cb7c5cd/AppIcon-0-0-1x_U007emarketing-0-8-0-85-220.png/100x100bb.png,2026-06-30,kr,topgrossing,7019,文字
27,1592118437,몸으로 말해요: 제스처 게임 스피드퀴즈,Yangmei Studios AB,https://apps.apple.com/kr/app/%EB%AA%B8%EC%9C%BC%EB%A1%9C-%EB%A7%90%ED%95%B4%EC%9A%94-%EC%A0%9C%EC%8A%A4%EC%B2%98-%EA%B2%8C%EC%9E%84-%EC%8A%A4%ED%94%BC%EB%93%9C%ED%80%B4%EC%A6%88/id1592118437?uo=2,https://is1-ssl.mzstatic.com/image/thumb/Purple221/v4/43/88/0b/43880b80-3cd5-95bb-681c-c9f2ed910036/AppIcon-0-0-1x_U007emarketing-0-8-0-0-85-220.png/100x100bb.png,2026-06-30,kr,topgrossing,7019,文字
28,1493506562,워드타워 - 킹덤,MONSTER PLANET Corp.,https://apps.apple.com/kr/app/%EC%9B%8C%EB%93%9C%ED%83%80%EC%9B%8C-%ED%82%B9%EB%8D%A4/id1493506562?uo=2,https://is1-ssl.mzstatic.com/image/thumb/Purple124/v4/7b/26/7b/7b267b09-b49c-caf5-8735-372c0dc65f86/AppIcon-0-0-1x_U007emarketing-0-0-0-7-0-0-sRGB-0-0-0-GLES2_U002c0-512MB-85-220-0-0.png/100x100bb.png,2026-06-30,kr,topgrossing,7019,文字
29,6737890035,Brain Out 2 - Tricky Challenge,EYEWIND LIMITED,https://apps.apple.com/kr/app/brain-out-2-tricky-challenge/id6737890035?uo=2,https://is1-ssl.mzstatic.com/image/thumb/Purple221/v4/f8/b8/8d/f8b88d10-a729-cd83-89d2-5f8252a40d82/AppIcon-1x_U007emarketing-0-8-0-85-220-0.png/100x100bb.png,2026-06-30,kr,topgrossing,7019,文字
30,6453159988,Family Tree! - 로직 퍼즐,Lion Studios Plus,https://apps.apple.com/kr/app/family-tree-%EB%A1%9C%EC%A7%81-%ED%8D%BC%EC%A6%90/id6453159988?uo=2,https://is1-ssl.mzstatic.com/image/thumb/Purple211/v4/7a/3e/19/7a3e1955-f465-87e6-e2a0-5ab474014bb3/AppIcon-0-0-1x_U007emarketing-0-8-0-85-220.png/100x100bb.png,2026-06-30,kr,topgrossing,7019,文字
31,1369521645,Words of Wonders: 퍼즐 로직!,FUGO BILISIM TEKNOLOJILERI VE YAZILIM TICARET ANONIM SIRKETI,https://apps.apple.com/kr/app/words-of-wonders-%ED%8D%BC%EC%A6%90-%EB%A1%9C%EC%A7%81/id1369521645?uo=2,https://is1-ssl.mzstatic.com/image/thumb/Purple221/v4/c6/2d/aa/c62daa46-5af1-a339-9580-f239755bf983/AppIcon-0-0-1x_U007emarketing-0-8-0-85-220.png/100x100bb.png,2026-06-30,kr,topgrossing,7019,文字
32,6754000884,Arcado: Retro Story Simulator,Spect Perspective Technologies,https://apps.apple.com/kr/app/arcado-retro-story-simulator/id6754000884?uo=2,https://is1-ssl.mzstatic.com/image/thumb/Purple221/v4/40/15/f8/4015f8b4-5c0a-8e3e-6351-f8aaa15c679a/AppIcon-0-0-1x_U007ephone-0-1-85-220.png/100x100bb.png,2026-06-30,kr,topgrossing,7019,文字
33,806789635,"한국사 퀴즈 (중학생, 고등학생, 공무원 준비생을 위한...)",Naeun Zang,https://apps.apple.com/kr/app/%ED%95%9C%EA%B5%AD%EC%82%AC-%ED%80%B4%EC%A6%88-%EC%A4%91%ED%95%99%EC%83%9D-%EA%B3%A0%EB%93%B1%ED%95%99%EC%83%9D-%EA%B3%B5%EB%AC%B4%EC%9B%90-%EC%A4%80%EB%B9%84%EC%83%9D%EC%9D%84-%EC%9C%84%ED%95%9C/id806789635?uo=2,https://is1-ssl.mzstatic.com/image/thumb/Purple60/v4/8f/93/1e/8f931e71-0343-78dc-b291-2bb32c0d326e/mzl.dgrabvpc.png/100x100bb.png,2026-06-30,kr,topgrossing,7019,文字
34,1602799021,Word Games – PuzzWord,Wordless LLC,https://apps.apple.com/kr/app/word-games-puzzword/id1602799021?uo=2,https://is1-ssl.mzstatic.com/image/thumb/Purple112/v4/34/1f/be/341fbe37-141f-8701-13f9-7a4c399e7021/AppIcon-0-1x_U007emarketing-0-10-0-sRGB-85-220.png/100x100bb.png,2026-06-30,kr,topgrossing,7019,文字
35,6475351623,Word Salad: a daily puzzle,Bleppo,https://apps.apple.com/kr/app/word-salad-a-daily-puzzle/id6475351623?uo=2,https://is1-ssl.mzstatic.com/image/thumb/Purple211/v4/59/40/c6/5940c6ad-d7f5-d1bf-981f-a28f37cd6630/AppIcon-0-0-1x_U007epad-0-1-85-220.png/100x100bb.png,2026-06-30,kr,topgrossing,7019,文字
36,1546228874,IQ Test & Brain Training LEVO,Pawel Kieczko,https://apps.apple.com/kr/app/iq-test-brain-training-levo/id1546228874?uo=2,https://is1-ssl.mzstatic.com/image/thumb/Purple211/v4/bc/de/ac/bcdeac7f-fcec-7b14-feb2-e5b6246f8bc1/AppIconDarkGreenGlow-0-0-1x_U007ephone-0-0-0-1-0-0-85-220.png/100x100bb.png,2026-06-30,kr,topgrossing,7019,文字
37,1559853506,13호 병원 - 스릴러 방 탈출 퍼즐게임,"FUNNY GAME CO.,LTD",https://apps.apple.com/kr/app/13%ED%98%B8-%EB%B3%91%EC%9B%90-%EC%8A%A4%EB%A6%B4%EB%9F%AC-%EB%B0%A9-%ED%83%88%EC%B6%9C-%ED%8D%BC%EC%A6%90%EA%B2%8C%EC%9E%84/id1559853506?uo=2,https://is1-ssl.mzstatic.com/image/thumb/Purple211/v4/48/2f/e9/482fe9d3-1017-4160-43d1-41159c4644b0/AppIcon-0-0-1x_U007emarketing-0-9-0-85-220.png/100x100bb.png,2026-06-30,kr,topgrossing,7019,文字
38,623592465,Heads Up!,Warner Bros.,https://apps.apple.com/kr/app/heads-up/id623592465?uo=2,https://is1-ssl.mzstatic.com/image/thumb/Purple211/v4/a3/27/33/a32733ef-8c13-9c09-4a43-085476244d57/AppIcon-0-0-1x_U007emarketing-0-8-0-85-220.png/100x100bb.png,2026-06-30,kr,topgrossing,7019,文字
39,6476744942,어휘역 - 단어추리게임,Sunghee Lee,https://apps.apple.com/kr/app/%EC%96%B4%ED%9C%98%EC%97%AD-%EB%8B%A8%EC%96%B4%EC%B6%94%EB%A6%AC%EA%B2%8C%EC%9E%84/id6476744942?uo=2,https://is1-ssl.mzstatic.com/image/thumb/Purple221/v4/7e/55/91/7e559146-1f2f-4ff1-dd46-6c5e90aede33/AppIcon-0-0-1x_U007emarketing-0-11-0-0-85-220.png/100x100bb.png,2026-06-30,kr,topgrossing,7019,文字
40,1517829670,Wordgrams - Crossword & Puzzle,"FunCraft, Inc",https://apps.apple.com/kr/app/wordgrams-crossword-puzzle/id1517829670?uo=2,https://is1-ssl.mzstatic.com/image/thumb/Purple211/v4/02/67/54/026754c5-4125-0f91-fc5e-287d96917ea8/AppIcon-1x_U007emarketing-0-8-0-85-220-0.png/100x100bb.png,2026-06-30,kr,topgrossing,7019,文字
41,1215933788,Scrabble® GO – Fun with Words!,"Scopely, Inc.",https://apps.apple.com/kr/app/scrabble-go-fun-with-words/id1215933788?uo=2,https://is1-ssl.mzstatic.com/image/thumb/Purple211/v4/dd/c7/bb/ddc7bbe4-9cf7-e22a-3936-376603918534/AppIcon-0-0-1x_U007emarketing-0-5-85-220.png/100x100bb.png,2026-06-30,kr,topgrossing,7019,文字
42,1130710966,단어 폭포!,Ludobros,https://apps.apple.com/kr/app/%EB%8B%A8%EC%96%B4-%ED%8F%AD%ED%8F%AC/id1130710966?uo=2,https://is1-ssl.mzstatic.com/image/thumb/Purple211/v4/6f/28/d4/6f28d4bf-47c4-9443-86e9-ee8945884af3/AppIcon-0-0-1x_U007emarketing-0-11-0-85-220.png/100x100bb.png,2026-06-30,kr,topgrossing,7019,文字
43,335618395,세계 수도 퀴즈 · 두뇌게임,Supergonk Ltd.,https://apps.apple.com/kr/app/%EC%84%B8%EA%B3%84-%EC%88%98%EB%8F%84-%ED%80%B4%EC%A6%88-%EB%91%90%EB%87%8C%EA%B2%8C%EC%9E%84/id335618395?uo=2,https://is1-ssl.mzstatic.com/image/thumb/Purple221/v4/29/9f/d9/299fd9c4-b060-ba24-03e1-9fab1e8c7199/AppIcon-0-0-1x_U007emarketing-0-8-0-85-220.png/100x100bb.png,2026-06-30,kr,topgrossing,7019,文字
44,1411086150,Flow Fit - Word Puzzle,Big Duck Games LLC,https://apps.apple.com/kr/app/flow-fit-word-puzzle/id1411086150?uo=2,https://is1-ssl.mzstatic.com/image/thumb/Purple112/v4/de/4d/c4/de4dc486-415b-7c60-2b15-7ef0ac77e59c/AppIcon-0-0-1x_U007emarketing-0-0-0-7-0-0-sRGB-0-0-0-GLES2_U002c0-512MB-85-220-0-0.png/100x100bb.png,2026-06-30,kr,topgrossing,7019,文字
45,6741839590,PlaySimple Cryptogram,PlaySimple Games Pte Ltd,https://apps.apple.com/kr/app/playsimple-cryptogram/id6741839590?uo=2,https://is1-ssl.mzstatic.com/image/thumb/Purple211/v4/e7/39/66/e7396625-e8a5-02ea-8cdb-fc6e6dd723fa/AppIcon-0-0-1x_U007emarketing-0-8-0-85-220.png/100x100bb.png,2026-06-30,kr,topgrossing,7019,文字
46,6502423687,Ancient Life 古代人生 Re,"Wingjoy Games Co., Ltd",https://apps.apple.com/kr/app/ancient-life-%E5%8F%A4%E4%BB%A3%E4%BA%BA%E7%94%9F-re/id6502423687?uo=2,https://is1-ssl.mzstatic.com/image/thumb/Purple221/v4/da/03/b5/da03b5e9-375d-c38e-2325-9db9919387a9/AppIcon-0-0-1x_U007emarketing-0-7-0-85-220.png/100x100bb.png,2026-06-30,kr,topgrossing,7019,文字
47,1308181322,Puzzle Page - Daily Games!,AppyNation Ltd.,https://apps.apple.com/kr/app/puzzle-page-daily-games/id1308181322?uo=2,https://is1-ssl.mzstatic.com/image/thumb/Purple221/v4/90/84/a2/9084a238-2e76-eb0e-73e1-9b7ac23a346b/AppIcon-0-0-1x_U007emarketing-0-8-0-85-220.png/100x100bb.png,2026-06-30,kr,topgrossing,7019,文字
48,6759088044,Word Solitaire: Match & Play,UNICO STUDIO,https://apps.apple.com/kr/app/word-solitaire-match-play/id6759088044?uo=2,https://is1-ssl.mzstatic.com/image/thumb/Purple221/v4/08/da/6b/08da6b1f-c401-f640-89ad-377fba81321b/AppIcon-0-0-1x_U007emarketing-0-8-0-85-220.png/100x100bb.png,2026-06-30,kr,topgrossing,7019,文字
49,6754839783,Bubble Word Jam,Lion Studios Plus,https://apps.apple.com/kr/app/bubble-word-jam/id6754839783?uo=2,https://is1-ssl.mzstatic.com/image/thumb/Purple221/v4/cf/a2/de/cfa2de64-164c-e3cf-1e2f-f2182d085439/AppIcon-0-0-1x_U007emarketing-0-8-0-85-220.png/100x100bb.png,2026-06-30,kr,topgrossing,7019,文字
50,708600202,WordBrain: classic word puzzle,MAG Interactive,https://apps.apple.com/kr/app/wordbrain-classic-word-puzzle/id708600202?uo=2,https://is1-ssl.mzstatic.com/image/thumb/Purple221/v4/e6/53/02/e6530291-4477-613c-9ac8-88196f801687/AppIcon-0-0-1x_U007emarketing-0-8-0-85-220.png/100x100bb.png,2026-06-30,kr,topgrossing,7019,文字
1,6761760135,Meowdoku!,Oakever Games,https://apps.apple.com/gb/app/meowdoku/id6761760135?uo=2,https://is1-ssl.mzstatic.com/image/thumb/Purple221/v4/fc/fe/6d/fcfe6dcf-aa1d-ef3f-e01d-e5eac2d16178/AppIcon-0-0-1x_U007ephone-0-11-0-85-220.png/100x100bb.png,2026-06-30,gb,topfree,7012,解谜
2,6752672568,Block Out! - Color Sort Puzzle,Grand Games A.Ş.,https://apps.apple.com/gb/app/block-out-color-sort-puzzle/id6752672568?uo=2,https://is1-ssl.mzstatic.com/image/thumb/Purple211/v4/42/22/df/4222df44-fbaa-9fe1-f732-d1aec055395c/AppIcon-0-0-1x_U007emarketing-0-8-0-85-220.png/100x100bb.png,2026-06-30,gb,topfree,7012,解谜
3,1521236603,Travel Town - Merge Adventure,Moon Active,https://apps.apple.com/gb/app/travel-town-merge-adventure/id1521236603?uo=2,https://is1-ssl.mzstatic.com/image/thumb/Purple221/v4/47/97/29/479729c4-a2ef-3587-4346-a53c4e4fd4fb/AppIcon-0-0-1x_U007emarketing-0-8-0-85-220.png/100x100bb.png,2026-06-30,gb,topfree,7012,解谜
4,6499209744,Magic Sort!,Grand Games A.Ş.,https://apps.apple.com/gb/app/magic-sort/id6499209744?uo=2,https://is1-ssl.mzstatic.com/image/thumb/Purple211/v4/61/df/dc/61dfdca9-6c81-db86-1756-5b63b642a0a8/AppIcon-0-0-1x_U007emarketing-0-8-0-85-220.png/100x100bb.png,2026-06-30,gb,topfree,7012,解谜
5,6759763476,Bus Traffic Fever!,"GOODROID,Inc.",https://apps.apple.com/gb/app/bus-traffic-fever/id6759763476?uo=2,https://is1-ssl.mzstatic.com/image/thumb/Purple211/v4/b0/85/8c/b0858cef-e647-671a-19e6-c0d17dd02d45/AppIcon-1x_U007emarketing-0-8-0-85-220-0.png/100x100bb.png,2026-06-30,gb,topfree,7012,解谜
6,6754839783,Bubble Word Jam,Lion Studios Plus,https://apps.apple.com/gb/app/bubble-word-jam/id6754839783?uo=2,https://is1-ssl.mzstatic.com/image/thumb/Purple221/v4/cf/a2/de/cfa2de64-164c-e3cf-1e2f-f2182d085439/AppIcon-0-0-1x_U007emarketing-0-8-0-85-220.png/100x100bb.png,2026-06-30,gb,topfree,7012,解谜
7,6748397500,Arrows – Puzzle Escape,Lessmore GmbH,https://apps.apple.com/gb/app/arrows-puzzle-escape/id6748397500?uo=2,https://is1-ssl.mzstatic.com/image/thumb/Purple221/v4/8d/12/50/8d12503f-10ab-e482-7ec1-5088c4af8cd8/AppIcon-0-0-1x_U007emarketing-0-8-0-85-220.png/100x100bb.png,2026-06-30,gb,topfree,7012,解谜
8,1617391485,Block Blast!,Hungry Studio,https://apps.apple.com/gb/app/block-blast/id1617391485?uo=2,https://is1-ssl.mzstatic.com/image/thumb/Purple211/v4/3a/c3/b3/3ac3b3bb-a768-8bc1-b1b2-fcc291a55b43/AppIcon-0-0-1x_U007emarketing-0-11-0-sRGB-85-220.png/100x100bb.png,2026-06-30,gb,topfree,7012,解谜
9,6763931528,Enigmic: Crime Puzzle Cases,Javier Campana,https://apps.apple.com/gb/app/enigmic-crime-puzzle-cases/id6763931528?uo=2,https://is1-ssl.mzstatic.com/image/thumb/Purple211/v4/25/d8/75/25d87505-b108-2fdb-0e3c-387574981009/AppIcon-0-0-1x_U007ephone-0-1-85-220.png/100x100bb.png,2026-06-30,gb,topfree,7012,解谜
10,6448104157,Offline Games - No Wifi Games,Moreno Maio,https://apps.apple.com/gb/app/offline-games-no-wifi-games/id6448104157?uo=2,https://is1-ssl.mzstatic.com/image/thumb/Purple221/v4/57/ca/9f/57ca9f7d-dc49-7415-2370-99548f83969a/AppIcon-0-0-1x_U007emarketing-0-8-0-85-220.png/100x100bb.png,2026-06-30,gb,topfree,7012,解谜
11,6471045672,Tasty Travels: Merge Game,Century Games Pte. Ltd.,https://apps.apple.com/gb/app/tasty-travels-merge-game/id6471045672?uo=2,https://is1-ssl.mzstatic.com/image/thumb/Purple221/v4/cc/cc/f2/ccccf200-20e5-c0fa-68fc-2ea32d90371c/AppIcon-0-0-1x_U007emarketing-0-8-0-85-220.png/100x100bb.png,2026-06-30,gb,topfree,7012,解谜
12,6755183085,Yarn Loop: Knit Puzzle,Combo Games,https://apps.apple.com/gb/app/yarn-loop-knit-puzzle/id6755183085?uo=2,https://is1-ssl.mzstatic.com/image/thumb/Purple211/v4/f0/0b/5d/f00b5df3-2e9a-ab21-64eb-de28c9776532/AppIcon-0-0-1x_U007emarketing-0-8-0-85-220.png/100x100bb.png,2026-06-30,gb,topfree,7012,解谜
13,6751056652,Pixel Flow!,Loom Games Oyun Yazilim ve Pazarlama Anonim Sirketi,https://apps.apple.com/gb/app/pixel-flow/id6751056652?uo=2,https://is1-ssl.mzstatic.com/image/thumb/Purple221/v4/0a/a1/40/0aa140e6-9524-2453-a1f8-e75bbedc49c0/AppIcon-0-0-1x_U007emarketing-0-8-0-85-220.png/100x100bb.png,2026-06-30,gb,topfree,7012,解谜
14,6752886832,Hotel Legacy: Merge Game,Century Games Innovation Pte. Ltd.,https://apps.apple.com/gb/app/hotel-legacy-merge-game/id6752886832?uo=2,https://is1-ssl.mzstatic.com/image/thumb/Purple211/v4/ca/66/99/ca6699f0-b0dd-74fc-31f2-d80b72e87905/AppIcon-0-0-1x_U007emarketing-0-8-0-85-220.png/100x100bb.png,2026-06-30,gb,topfree,7012,解谜
15,6757844491,Tricky Story 2: Brain Twist,Tang Thi Thuy,https://apps.apple.com/gb/app/tricky-story-2-brain-twist/id6757844491?uo=2,https://is1-ssl.mzstatic.com/image/thumb/Purple221/v4/f2/8e/10/f28e10b1-c469-8428-ff89-f580a991498a/AppIcon-0-0-1x_U007emarketing-0-8-0-85-220.png/100x100bb.png,2026-06-30,gb,topfree,7012,解谜
16,1606549505,Royal Kingdom,Dream Games,https://apps.apple.com/gb/app/royal-kingdom/id1606549505?uo=2,https://is1-ssl.mzstatic.com/image/thumb/Purple211/v4/5c/c4/75/5cc4753e-cd56-1020-daa7-a09f15857a63/AppIcon-0-0-1x_U007emarketing-0-8-0-85-220.png/100x100bb.png,2026-06-30,gb,topfree,7012,解谜
17,638689075,Township,Playrix,https://apps.apple.com/gb/app/township/id638689075?uo=2,https://is1-ssl.mzstatic.com/image/thumb/Purple211/v4/f3/d3/ab/f3d3abe7-ac2f-d4a3-1683-0873d183913e/AppIcon-0-0-1x_U007emarketing-0-11-0-85-220.png/100x100bb.png,2026-06-30,gb,topfree,7012,解谜
18,6499306754,Code Busters: Word Puzzle Game,Smartronic,https://apps.apple.com/gb/app/code-busters-word-puzzle-game/id6499306754?uo=2,https://is1-ssl.mzstatic.com/image/thumb/Purple221/v4/8c/18/0f/8c180f7d-9367-14c2-dfb5-6b3c7fd4d474/AppIcon-0-0-1x_U007emarketing-0-11-0-85-220.png/100x100bb.png,2026-06-30,gb,topfree,7012,解谜
19,6482849843,Goods Puzzle: Sort Challenge,ONESOFT GLOBAL PTE. LTD.,https://apps.apple.com/gb/app/goods-puzzle-sort-challenge/id6482849843?uo=2,https://is1-ssl.mzstatic.com/image/thumb/Purple211/v4/f9/5d/0f/f95d0fc6-8a90-940b-1b2e-88d1ed027fb2/AppIcon-0-0-1x_U007emarketing-0-8-0-85-220.png/100x100bb.png,2026-06-30,gb,topfree,7012,解谜
20,1105855019,Gardenscapes,Playrix,https://apps.apple.com/gb/app/gardenscapes/id1105855019?uo=2,https://is1-ssl.mzstatic.com/image/thumb/Purple211/v4/54/9f/3a/549f3a53-96e5-8dfa-8639-ca30bf676cee/AppIcon-0-0-1x_U007emarketing-0-8-0-85-220.png/100x100bb.png,2026-06-30,gb,topfree,7012,解谜
21,1602508478,Word Search Explorer®,PlaySimple Games Pte Ltd,https://apps.apple.com/gb/app/word-search-explorer/id1602508478?uo=2,https://is1-ssl.mzstatic.com/image/thumb/Purple211/v4/44/99/ae/4499aec6-4b2b-6cfb-5ed0-1328808dcfa5/AppIcon-0-0-1x_U007emarketing-0-8-0-85-220.png/100x100bb.png,2026-06-30,gb,topfree,7012,解谜
22,6758326278,Amaze GO!,Oakever Games,https://apps.apple.com/gb/app/amaze-go/id6758326278?uo=2,https://is1-ssl.mzstatic.com/image/thumb/Purple221/v4/69/a2/57/69a25772-6707-b207-50a6-dbe244ea8442/AppIcon-0-0-1x_U007emarketing-0-8-0-85-220.png/100x100bb.png,2026-06-30,gb,topfree,7012,解谜
23,1482155847,Royal Match,Dream Games,https://apps.apple.com/gb/app/royal-match/id1482155847?uo=2,https://is1-ssl.mzstatic.com/image/thumb/Purple221/v4/50/3d/ab/503dabf4-c381-e224-5630-5b031703c08d/AppIcon-0-0-1x_U007emarketing-0-8-0-85-220.png/100x100bb.png,2026-06-30,gb,topfree,7012,解谜
24,6504324020,Hexa Away,"GOODROID,Inc.",https://apps.apple.com/gb/app/hexa-away/id6504324020?uo=2,https://is1-ssl.mzstatic.com/image/thumb/Purple221/v4/22/05/4c/22054cc3-b4cd-19ed-b14a-ad6292d0c0a1/AppIcon-1x_U007emarketing-0-8-0-85-220-0.png/100x100bb.png,2026-06-30,gb,topfree,7012,解谜
25,1193508329,Sudoku.com - Number Games,Easybrain Ltd,https://apps.apple.com/gb/app/sudoku-com-number-games/id1193508329?uo=2,https://is1-ssl.mzstatic.com/image/thumb/Purple211/v4/a7/4e/e9/a74ee927-ad1d-0278-e1e2-7707aa271bb3/AppIcon-0-0-1x_U007emarketing-0-8-0-85-220.png/100x100bb.png,2026-06-30,gb,topfree,7012,解谜
26,307569751,NYT Games: Wordle & Crossword,The New York Times Company,https://apps.apple.com/gb/app/nyt-games-wordle-crossword/id307569751?uo=2,https://is1-ssl.mzstatic.com/image/thumb/Purple221/v4/6f/c6/d8/6fc6d80b-80f1-e130-f877-ddf0de04652a/Release-0-0-1x_U007epad-0-1-0-sRGB-0-85-220.png/100x100bb.png,2026-06-30,gb,topfree,7012,解谜
27,6759077038,Profile Perfect,Lion Studios Plus,https://apps.apple.com/gb/app/profile-perfect/id6759077038?uo=2,https://is1-ssl.mzstatic.com/image/thumb/Purple221/v4/9d/7a/c9/9d7ac98c-2b27-aa66-3621-6bc76e1574fe/AppIcon-0-0-1x_U007emarketing-0-8-0-85-220.png/100x100bb.png,2026-06-30,gb,topfree,7012,解谜
28,6759081967,Jewel Coloring,Ta Ta Game Technology Limited,https://apps.apple.com/gb/app/jewel-coloring/id6759081967?uo=2,https://is1-ssl.mzstatic.com/image/thumb/Purple211/v4/62/f1/cf/62f1cf1a-3f79-100e-3708-66b3fb582a17/AppIcon-0-0-1x_U007emarketing-0-8-0-85-220.png/100x100bb.png,2026-06-30,gb,topfree,7012,解谜
29,880047117,Angry Birds 2,Rovio Entertainment Oyj,https://apps.apple.com/gb/app/angry-birds-2/id880047117?uo=2,https://is1-ssl.mzstatic.com/image/thumb/Purple221/v4/9e/4c/4c/9e4c4cd1-c2a6-b88c-9e76-e4d5cfb5fd3c/AppIcon-0-0-1x_U007emarketing-0-8-0-85-220.png/100x100bb.png,2026-06-30,gb,topfree,7012,解谜
30,6755455500,Hollywood Merge,VoyagerOne,https://apps.apple.com/gb/app/hollywood-merge/id6755455500?uo=2,https://is1-ssl.mzstatic.com/image/thumb/Purple221/v4/8f/0c/49/8f0c4932-0793-34f8-a7c2-6a873c272d17/AppIcon-0-0-1x_U007emarketing-0-8-0-85-220.png/100x100bb.png,2026-06-30,gb,topfree,7012,解谜
31,6756482832,Brain Puzzle 3: Crazy Mind,SmallStep Dev Team,https://apps.apple.com/gb/app/brain-puzzle-3-crazy-mind/id6756482832?uo=2,https://is1-ssl.mzstatic.com/image/thumb/Purple221/v4/19/ed/f5/19edf5ae-ab7a-1274-cce7-cf6dd9e42804/AppIcon-0-0-1x_U007emarketing-0-8-0-85-220.png/100x100bb.png,2026-06-30,gb,topfree,7012,解谜
32,6758138698,Car Sort: Color Puzzle,Rollic Games,https://apps.apple.com/gb/app/car-sort-color-puzzle/id6758138698?uo=2,https://is1-ssl.mzstatic.com/image/thumb/Purple221/v4/59/43/48/59434845-8edd-b1d9-7808-ed95f3caa17b/AppIcon-0-0-1x_U007emarketing-0-8-0-85-220.png/100x100bb.png,2026-06-30,gb,topfree,7012,解谜
33,553834731,Candy Crush Saga,King,https://apps.apple.com/gb/app/candy-crush-saga/id553834731?uo=2,https://is1-ssl.mzstatic.com/image/thumb/Purple211/v4/a1/c5/92/a1c59272-aace-ff82-0b16-ca93a87cb33c/AppIcon-0-0-1x_U007emarketing-0-8-0-85-220.png/100x100bb.png,2026-06-30,gb,topfree,7012,解谜
34,6756482472,HexMoji - Logic Associations,MagicLab,https://apps.apple.com/gb/app/hexmoji-logic-associations/id6756482472?uo=2,https://is1-ssl.mzstatic.com/image/thumb/Purple221/v4/39/aa/5f/39aa5f00-c548-83c5-1a69-6bd1d147be23/AppIcon-0-0-1x_U007emarketing-0-8-0-85-220.png/100x100bb.png,2026-06-30,gb,topfree,7012,解谜
35,6769314786,Food Hunt: Pixel Puzzle,FUNFINITY PTE. LTD,https://apps.apple.com/gb/app/food-hunt-pixel-puzzle/id6769314786?uo=2,https://is1-ssl.mzstatic.com/image/thumb/Purple221/v4/07/fc/04/07fc0446-3dd4-3de9-cd3f-63b120f4f9de/AppIcon-0-0-1x_U007emarketing-0-8-0-85-220.png/100x100bb.png,2026-06-30,gb,topfree,7012,解谜
36,1407852246,Happy Color® Colour by Numbers,X-Flow,https://apps.apple.com/gb/app/happy-color-colour-by-numbers/id1407852246?uo=2,https://is1-ssl.mzstatic.com/image/thumb/Purple221/v4/b7/09/ce/b709ce88-7824-2d87-4a9e-586a130010bc/AppIcon-0-0-1x_U007emarketing-0-8-0-85-220.png/100x100bb.png,2026-06-30,gb,topfree,7012,解谜
37,1643509748,Merge Cooking®,Happibits,https://apps.apple.com/gb/app/merge-cooking/id1643509748?uo=2,https://is1-ssl.mzstatic.com/image/thumb/Purple211/v4/3c/a6/cf/3ca6cfa1-757b-2632-12a1-652d5a949517/AppIcon-0-0-1x_U007emarketing-0-8-0-85-220.png/100x100bb.png,2026-06-30,gb,topfree,7012,解谜
38,1636821805,Crostic Crossword－Word Puzzles,Severex,https://apps.apple.com/gb/app/crostic-crossword-word-puzzles/id1636821805?uo=2,https://is1-ssl.mzstatic.com/image/thumb/Purple211/v4/de/b5/37/deb537b0-dc7d-cbaf-9023-4e0a90bb2cc4/AppIcon-0-0-1x_U007emarketing-0-8-0-85-220.png/100x100bb.png,2026-06-30,gb,topfree,7012,解谜
39,6758149135,Money Sort: Merge Puzzle,Loop Games Oyun Teknolojileri Anonim Sirketi,https://apps.apple.com/gb/app/money-sort-merge-puzzle/id6758149135?uo=2,https://is1-ssl.mzstatic.com/image/thumb/Purple221/v4/6f/50/78/6f5078c5-7873-5061-2425-8aa139cefb37/AppIcon-0-0-1x_U007emarketing-0-8-0-85-220.png/100x100bb.png,2026-06-30,gb,topfree,7012,解谜
40,6755425214,Pocket Sort: Coin Merge Puzzle,SayGames LTD,https://apps.apple.com/gb/app/pocket-sort-coin-merge-puzzle/id6755425214?uo=2,https://is1-ssl.mzstatic.com/image/thumb/Purple211/v4/38/13/99/381399fb-4138-6f6a-4433-918a4f6cc637/AppIcon-0-0-1x_U007emarketing-0-8-0-85-220.png/100x100bb.png,2026-06-30,gb,topfree,7012,解谜
41,6743385713,Wool Crush®: Bus Knit Away Jam,Astrasen Global,https://apps.apple.com/gb/app/wool-crush-bus-knit-away-jam/id6743385713?uo=2,https://is1-ssl.mzstatic.com/image/thumb/Purple211/v4/f9/f0/c6/f9f0c6ad-e8e1-1036-d889-e6212b48dda5/AppIcon-0-0-1x_U007epad-0-1-85-220.png/100x100bb.png,2026-06-30,gb,topfree,7012,解谜
42,6757261926,Reality Bay: Merge & Discover,Moon Active,https://apps.apple.com/gb/app/reality-bay-merge-discover/id6757261926?uo=2,https://is1-ssl.mzstatic.com/image/thumb/Purple211/v4/5b/1c/40/5b1c407f-abb4-e382-ef69-8800d6126565/NewAppIcon-0-0-1x_U007emarketing-0-8-0-85-220.png/100x100bb.png,2026-06-30,gb,topfree,7012,解谜
43,1486214495,Brain Test: Tricky Puzzles,UNICO STUDIO,https://apps.apple.com/gb/app/brain-test-tricky-puzzles/id1486214495?uo=2,https://is1-ssl.mzstatic.com/image/thumb/Purple221/v4/38/8a/00/388a009e-f5e9-88d7-164a-add9afa32ac6/AppIcon-0-0-1x_U007emarketing-0-8-0-85-220.png/100x100bb.png,2026-06-30,gb,topfree,7012,解谜
44,6747028173,Hole Stars: Puzzle Game,Moon Active,https://apps.apple.com/gb/app/hole-stars-puzzle-game/id6747028173?uo=2,https://is1-ssl.mzstatic.com/image/thumb/Purple211/v4/76/40/76/764076e6-446e-3707-0f16-58806ce1b116/AppIcon-0-0-1x_U007emarketing-0-8-0-85-220.png/100x100bb.png,2026-06-30,gb,topfree,7012,解谜
45,6747492600,Mahjong Blast,Nebula Studio,https://apps.apple.com/gb/app/mahjong-blast/id6747492600?uo=2,https://is1-ssl.mzstatic.com/image/thumb/Purple211/v4/76/f8/30/76f830da-dbfd-069b-58ac-9edaa7bd5122/AppIcon-0-0-1x_U007epad-0-11-0-85-220.png/100x100bb.png,2026-06-30,gb,topfree,7012,解谜
46,6449094229,Match Factory!,Peak Games,https://apps.apple.com/gb/app/match-factory/id6449094229?uo=2,https://is1-ssl.mzstatic.com/image/thumb/Purple221/v4/30/65/44/3065447b-4674-7285-954a-4f5db9728e60/AppIcon-0-0-1x_U007emarketing-0-8-0-85-220.png/100x100bb.png,2026-06-30,gb,topfree,7012,解谜
47,1475514684,Bubble Cash,Papaya Gaming,https://apps.apple.com/gb/app/bubble-cash/id1475514684?uo=2,https://is1-ssl.mzstatic.com/image/thumb/Purple221/v4/6d/38/a0/6d38a03b-52c4-0e9c-6bae-4b013d102642/AppIcon-0-0-1x_U007emarketing-0-8-0-85-220.png/100x100bb.png,2026-06-30,gb,topfree,7012,解谜
48,6739069151,Crossword Go!,PlaySimple Games Pte Ltd,https://apps.apple.com/gb/app/crossword-go/id6739069151?uo=2,https://is1-ssl.mzstatic.com/image/thumb/Purple211/v4/4b/d4/12/4bd4122f-a4b6-cfcc-15b0-293127666f3f/AppIcon-0-0-1x_U007emarketing-0-8-0-85-220.png/100x100bb.png,2026-06-30,gb,topfree,7012,解谜
49,6760325543,CubeAway - 3DPuzzle,"GOODROID,Inc.",https://apps.apple.com/gb/app/cubeaway-3dpuzzle/id6760325543?uo=2,https://is1-ssl.mzstatic.com/image/thumb/Purple221/v4/d8/0d/c3/d80dc318-f902-5487-8e6d-46934e1febf2/AppIcon-1x_U007emarketing-0-8-0-85-220-0.png/100x100bb.png,2026-06-30,gb,topfree,7012,解谜
50,6618142292,Flambé®: Merge and Cook,Microfun Limited,https://apps.apple.com/gb/app/flamb%C3%A9-merge-and-cook/id6618142292?uo=2,https://is1-ssl.mzstatic.com/image/thumb/Purple221/v4/82/50/d2/8250d24f-8042-b152-706f-caa35fcf24a8/AppIcon-0-0-1x_U007emarketing-0-8-0-85-220.png/100x100bb.png,2026-06-30,gb,topfree,7012,解谜
1,6761760135,Meowdoku!,Oakever Games,https://apps.apple.com/gb/app/meowdoku/id6761760135?uo=2,https://is1-ssl.mzstatic.com/image/thumb/Purple221/v4/fc/fe/6d/fcfe6dcf-aa1d-ef3f-e01d-e5eac2d16178/AppIcon-0-0-1x_U007ephone-0-11-0-85-220.png/100x100bb.png,2026-06-30,gb,topfree,6014,游戏
2,6752672568,Block Out! - Color Sort Puzzle,Grand Games A.Ş.,https://apps.apple.com/gb/app/block-out-color-sort-puzzle/id6752672568?uo=2,https://is1-ssl.mzstatic.com/image/thumb/Purple211/v4/42/22/df/4222df44-fbaa-9fe1-f732-d1aec055395c/AppIcon-0-0-1x_U007emarketing-0-8-0-85-220.png/100x100bb.png,2026-06-30,gb,topfree,6014,游戏
3,6748084174,Smash Fest!,Flow Games Bilisim Yazilim ve Pazarlama Anonim Sirketi,https://apps.apple.com/gb/app/smash-fest/id6748084174?uo=2,https://is1-ssl.mzstatic.com/image/thumb/Purple211/v4/2b/08/a3/2b08a3fc-17de-ea89-b12c-da20274add92/AppIcon-0-0-1x_U007emarketing-0-8-0-85-220.png/100x100bb.png,2026-06-30,gb,topfree,6014,游戏
4,6483539426,Fortnite,Epic Games Inc.,https://apps.apple.com/gb/app/fortnite/id6483539426?uo=2,https://is1-ssl.mzstatic.com/image/thumb/Purple221/v4/50/41/14/5041140b-3d2b-f766-61c0-72c359df6be3/AppIcon-0-0-1x_U007epad-0-1-85-220.png/100x100bb.png,2026-06-30,gb,topfree,6014,游戏
5,6468921495,Vita Mahjong,Vita Studio,https://apps.apple.com/gb/app/vita-mahjong/id6468921495?uo=2,https://is1-ssl.mzstatic.com/image/thumb/Purple211/v4/98/e1/a7/98e1a71c-41b2-d28b-7b68-f385772c57e4/AppIcon-0-0-1x_U007emarketing-0-8-0-85-220.png/100x100bb.png,2026-06-30,gb,topfree,6014,游戏
6,1521236603,Travel Town - Merge Adventure,Moon Active,https://apps.apple.com/gb/app/travel-town-merge-adventure/id1521236603?uo=2,https://is1-ssl.mzstatic.com/image/thumb/Purple221/v4/47/97/29/479729c4-a2ef-3587-4346-a53c4e4fd4fb/AppIcon-0-0-1x_U007emarketing-0-8-0-85-220.png/100x100bb.png,2026-06-30,gb,topfree,6014,游戏
7,1274132545,Total Battle: Strategy Games,Scorewarrior,https://apps.apple.com/gb/app/total-battle-strategy-games/id1274132545?uo=2,https://is1-ssl.mzstatic.com/image/thumb/Purple221/v4/b8/90/17/b8901731-ae0f-52d4-f461-da14d23cd7e5/crowd_multipliers_v6-0-0-1x_U007emarketing-0-5-0-85-220.png/100x100bb.png,2026-06-30,gb,topfree,6014,游戏
8,6499209744,Magic Sort!,Grand Games A.Ş.,https://apps.apple.com/gb/app/magic-sort/id6499209744?uo=2,https://is1-ssl.mzstatic.com/image/thumb/Purple211/v4/61/df/dc/61dfdca9-6c81-db86-1756-5b63b642a0a8/AppIcon-0-0-1x_U007emarketing-0-8-0-85-220.png/100x100bb.png,2026-06-30,gb,topfree,6014,游戏
9,6759763476,Bus Traffic Fever!,"GOODROID,Inc.",https://apps.apple.com/gb/app/bus-traffic-fever/id6759763476?uo=2,https://is1-ssl.mzstatic.com/image/thumb/Purple211/v4/b0/85/8c/b0858cef-e647-671a-19e6-c0d17dd02d45/AppIcon-1x_U007emarketing-0-8-0-85-220-0.png/100x100bb.png,2026-06-30,gb,topfree,6014,游戏
10,6754839783,Bubble Word Jam,Lion Studios Plus,https://apps.apple.com/gb/app/bubble-word-jam/id6754839783?uo=2,https://is1-ssl.mzstatic.com/image/thumb/Purple221/v4/cf/a2/de/cfa2de64-164c-e3cf-1e2f-f2182d085439/AppIcon-0-0-1x_U007emarketing-0-8-0-85-220.png/100x100bb.png,2026-06-30,gb,topfree,6014,游戏
11,1550945606,Soccer Superstar - Football,Real Free Soccer,https://apps.apple.com/gb/app/soccer-superstar-football/id1550945606?uo=2,https://is1-ssl.mzstatic.com/image/thumb/Purple211/v4/6f/33/f3/6f33f30b-be06-13d9-8ac1-620fdf9094ce/AppIcon-1x_U007emarketing-0-8-0-85-220-0.png/100x100bb.png,2026-06-30,gb,topfree,6014,游戏
12,1621328561,MONOPOLY GO!,"Scopely, Inc.",https://apps.apple.com/gb/app/monopoly-go/id1621328561?uo=2,https://is1-ssl.mzstatic.com/image/thumb/Purple211/v4/1c/41/d5/1c41d5d0-b33c-2de9-5d79-e0d70a3bfdcb/AppIcon-0-0-1x_U007emarketing-0-8-0-85-220.png/100x100bb.png,2026-06-30,gb,topfree,6014,游戏
13,6748397500,Arrows – Puzzle Escape,Lessmore GmbH,https://apps.apple.com/gb/app/arrows-puzzle-escape/id6748397500?uo=2,https://is1-ssl.mzstatic.com/image/thumb/Purple221/v4/8d/12/50/8d12503f-10ab-e482-7ec1-5088c4af8cd8/AppIcon-0-0-1x_U007emarketing-0-8-0-85-220.png/100x100bb.png,2026-06-30,gb,topfree,6014,游戏
14,6760320099,FIFA Heroes: Football Action,Solace Games SARL,https://apps.apple.com/gb/app/fifa-heroes-football-action/id6760320099?uo=2,https://is1-ssl.mzstatic.com/image/thumb/Purple211/v4/e0/62/79/e062795b-273a-27bc-88e5-44831c316361/AppIcon-1x_U007emarketing-0-8-0-85-220-0.png/100x100bb.png,2026-06-30,gb,topfree,6014,游戏
15,6475757306,Disney Solitaire,SuperPlay,https://apps.apple.com/gb/app/disney-solitaire/id6475757306?uo=2,https://is1-ssl.mzstatic.com/image/thumb/Purple211/v4/86/76/5f/86765fea-b7f7-dcd0-6446-0dd01ca74367/AppIcon-0-0-1x_U007emarketing-0-8-0-85-220.png/100x100bb.png,2026-06-30,gb,topfree,6014,游戏
16,6781590450,38-0: Football Draft,Robert Novakov,https://apps.apple.com/gb/app/38-0-football-draft/id6781590450?uo=2,https://is1-ssl.mzstatic.com/image/thumb/Purple221/v4/ca/9d/7e/ca9d7ec5-0fa4-ac07-d9e5-f87a5c475af0/AppIcon-0-0-1x_U007ephone-0-1-85-220.png/100x100bb.png,2026-06-30,gb,topfree,6014,游戏
17,1617391485,Block Blast!,Hungry Studio,https://apps.apple.com/gb/app/block-blast/id1617391485?uo=2,https://is1-ssl.mzstatic.com/image/thumb/Purple211/v4/3a/c3/b3/3ac3b3bb-a768-8bc1-b1b2-fcc291a55b43/AppIcon-0-0-1x_U007emarketing-0-11-0-sRGB-85-220.png/100x100bb.png,2026-06-30,gb,topfree,6014,游戏
18,431946152,Roblox,Roblox Corporation,https://apps.apple.com/gb/app/roblox/id431946152?uo=2,https://is1-ssl.mzstatic.com/image/thumb/Purple221/v4/ae/d6/57/aed65717-e85f-212b-21e0-f57112aa8c02/AppIcon-0-0-1x_U007epad-0-1-0-85-220.png/100x100bb.png,2026-06-30,gb,topfree,6014,游戏
19,6763931528,Enigmic: Crime Puzzle Cases,Javier Campana,https://apps.apple.com/gb/app/enigmic-crime-puzzle-cases/id6763931528?uo=2,https://is1-ssl.mzstatic.com/image/thumb/Purple211/v4/25/d8/75/25d87505-b108-2fdb-0e3c-387574981009/AppIcon-0-0-1x_U007ephone-0-1-85-220.png/100x100bb.png,2026-06-30,gb,topfree,6014,游戏
20,6741503079,Pokémon Champions,The Pokemon Company,https://apps.apple.com/gb/app/pok%C3%A9mon-champions/id6741503079?uo=2,https://is1-ssl.mzstatic.com/image/thumb/Purple221/v4/10/0a/92/100a9291-5b49-3875-786a-65ee6a115ba0/AppIcon-0-0-1x_U007emarketing-0-8-0-85-220.png/100x100bb.png,2026-06-30,gb,topfree,6014,游戏
21,6448104157,Offline Games - No Wifi Games,Moreno Maio,https://apps.apple.com/gb/app/offline-games-no-wifi-games/id6448104157?uo=2,https://is1-ssl.mzstatic.com/image/thumb/Purple221/v4/57/ca/9f/57ca9f7d-dc49-7415-2370-99548f83969a/AppIcon-0-0-1x_U007emarketing-0-8-0-85-220.png/100x100bb.png,2026-06-30,gb,topfree,6014,游戏
22,6471045672,Tasty Travels: Merge Game,Century Games Pte. Ltd.,https://apps.apple.com/gb/app/tasty-travels-merge-game/id6471045672?uo=2,https://is1-ssl.mzstatic.com/image/thumb/Purple221/v4/cc/cc/f2/ccccf200-20e5-c0fa-68fc-2ea32d90371c/AppIcon-0-0-1x_U007emarketing-0-8-0-85-220.png/100x100bb.png,2026-06-30,gb,topfree,6014,游戏
23,6739554056,Kingshot,Century Games Pte. Ltd.,https://apps.apple.com/gb/app/kingshot/id6739554056?uo=2,https://is1-ssl.mzstatic.com/image/thumb/Purple211/v4/ee/d2/22/eed22297-9313-d8b0-52c8-95f42a2795b2/AppIcon-0-0-1x_U007emarketing-0-8-0-85-220.png/100x100bb.png,2026-06-30,gb,topfree,6014,游戏
24,6755183085,Yarn Loop: Knit Puzzle,Combo Games,https://apps.apple.com/gb/app/yarn-loop-knit-puzzle/id6755183085?uo=2,https://is1-ssl.mzstatic.com/image/thumb/Purple211/v4/f0/0b/5d/f00b5df3-2e9a-ab21-64eb-de28c9776532/AppIcon-0-0-1x_U007emarketing-0-8-0-85-220.png/100x100bb.png,2026-06-30,gb,topfree,6014,游戏
25,6751056652,Pixel Flow!,Loom Games Oyun Yazilim ve Pazarlama Anonim Sirketi,https://apps.apple.com/gb/app/pixel-flow/id6751056652?uo=2,https://is1-ssl.mzstatic.com/image/thumb/Purple221/v4/0a/a1/40/0aa140e6-9524-2453-a1f8-e75bbedc49c0/AppIcon-0-0-1x_U007emarketing-0-8-0-85-220.png/100x100bb.png,2026-06-30,gb,topfree,6014,游戏
26,1443446174,Magic Tiles 3™: Piano Game,Amanotes Pte. Ltd.,https://apps.apple.com/gb/app/magic-tiles-3-piano-game/id1443446174?uo=2,https://is1-ssl.mzstatic.com/image/thumb/Purple211/v4/99/fc/c8/99fcc84a-8981-20a0-2b97-fffc730e73ad/AppIcon-0-0-1x_U007emarketing-0-8-0-85-220.png/100x100bb.png,2026-06-30,gb,topfree,6014,游戏
27,6780195090,82-0.com,Vaulty Studios Inc.,https://apps.apple.com/gb/app/82-0-com/id6780195090?uo=2,https://is1-ssl.mzstatic.com/image/thumb/Purple211/v4/c6/86/77/c686776e-de67-db1c-e029-dbc9f0491a43/AppIcon-0-0-1x_U007epad-0-1-85-220.png/100x100bb.png,2026-06-30,gb,topfree,6014,游戏
28,6754464806,Car Evolve,Heseri Games Inc,https://apps.apple.com/gb/app/car-evolve/id6754464806?uo=2,https://is1-ssl.mzstatic.com/image/thumb/Purple211/v4/a6/8f/55/a68f556f-91dc-88cf-cbbc-d71e4d8edfcc/AppIcon-0-0-1x_U007emarketing-0-8-0-85-220.png/100x100bb.png,2026-06-30,gb,topfree,6014,游戏
29,6748950306,Solitaire Associations Journey,Hitapps Games LTD,https://apps.apple.com/gb/app/solitaire-associations-journey/id6748950306?uo=2,https://is1-ssl.mzstatic.com/image/thumb/Purple221/v4/40/a7/d8/40a7d82f-e64f-e659-2616-19712300466a/AppIcon-0-0-1x_U007emarketing-0-8-0-85-220.png/100x100bb.png,2026-06-30,gb,topfree,6014,游戏
30,6757350661,Police Chief,VoyagerOne,https://apps.apple.com/gb/app/police-chief/id6757350661?uo=2,https://is1-ssl.mzstatic.com/image/thumb/Purple221/v4/66/09/43/66094322-72f5-48fc-9dd4-78a369aa6718/AppIcon-1x_U007emarketing-0-5-85-220-0.png/100x100bb.png,2026-06-30,gb,topfree,6014,游戏
31,512939461,Subway Surfers,Sybo Games ApS,https://apps.apple.com/gb/app/subway-surfers/id512939461?uo=2,https://is1-ssl.mzstatic.com/image/thumb/Purple221/v4/cb/82/82/cb8282de-0cce-5372-1cd9-0fc686ea588e/AppIcon-0-0-1x_U007emarketing-0-8-0-85-220.png/100x100bb.png,2026-06-30,gb,topfree,6014,游戏
32,329218549,Chess.com - Play and Learn,Chess.com,https://apps.apple.com/gb/app/chess-com-play-and-learn/id329218549?uo=2,https://is1-ssl.mzstatic.com/image/thumb/Purple221/v4/27/a6/c0/27a6c071-58bb-dc2e-2a97-698788a3dbf8/AppIcon-0-0-1x_U007epad-0-1-0-0-85-220.png/100x100bb.png,2026-06-30,gb,topfree,6014,游戏
33,6742241805,Referee Simulator 2026,J LABS TEKNOLOJI ANONIM SIRKETI,https://apps.apple.com/gb/app/referee-simulator-2026/id6742241805?uo=2,https://is1-ssl.mzstatic.com/image/thumb/Purple221/v4/c0/fa/e4/c0fae415-1fcf-3788-786b-1cdcddb916ff/AppIcon-0-0-1x_U007emarketing-0-8-0-85-220.png/100x100bb.png,2026-06-30,gb,topfree,6014,游戏
34,6498883328,Tile Explorer - Triple Match,Oakever Games,https://apps.apple.com/gb/app/tile-explorer-triple-match/id6498883328?uo=2,https://is1-ssl.mzstatic.com/image/thumb/Purple221/v4/03/1e/3a/031e3a10-4270-6ac0-5fa4-3ca1acf9d67f/AppIcon-0-0-1x_U007emarketing-0-8-0-85-220.png/100x100bb.png,2026-06-30,gb,topfree,6014,游戏
35,6752886832,Hotel Legacy: Merge Game,Century Games Innovation Pte. Ltd.,https://apps.apple.com/gb/app/hotel-legacy-merge-game/id6752886832?uo=2,https://is1-ssl.mzstatic.com/image/thumb/Purple211/v4/ca/66/99/ca6699f0-b0dd-74fc-31f2-d80b72e87905/AppIcon-0-0-1x_U007emarketing-0-8-0-85-220.png/100x100bb.png,2026-06-30,gb,topfree,6014,游戏
36,6752884808,MADFUT 26,Trivela Games,https://apps.apple.com/gb/app/madfut-26/id6752884808?uo=2,https://is1-ssl.mzstatic.com/image/thumb/Purple211/v4/3e/38/2e/3e382e59-9aa0-5d7e-f781-9229aea61ed6/AppIcon-0-0-1x_U007epad-0-11-0-85-220.png/100x100bb.png,2026-06-30,gb,topfree,6014,游戏
37,6757844491,Tricky Story 2: Brain Twist,Tang Thi Thuy,https://apps.apple.com/gb/app/tricky-story-2-brain-twist/id6757844491?uo=2,https://is1-ssl.mzstatic.com/image/thumb/Purple221/v4/f2/8e/10/f28e10b1-c469-8428-ff89-f580a991498a/AppIcon-0-0-1x_U007emarketing-0-8-0-85-220.png/100x100bb.png,2026-06-30,gb,topfree,6014,游戏
38,1606549505,Royal Kingdom,Dream Games,https://apps.apple.com/gb/app/royal-kingdom/id1606549505?uo=2,https://is1-ssl.mzstatic.com/image/thumb/Purple211/v4/5c/c4/75/5cc4753e-cd56-1020-daa7-a09f15857a63/AppIcon-0-0-1x_U007emarketing-0-8-0-85-220.png/100x100bb.png,2026-06-30,gb,topfree,6014,游戏
39,6752864987,FIFA Panini Collection,Panini S.p.A.,https://apps.apple.com/gb/app/fifa-panini-collection/id6752864987?uo=2,https://is1-ssl.mzstatic.com/image/thumb/Purple221/v4/d1/80/f6/d180f6d8-c2db-e3a2-c9a7-17eb3183915b/AppIcon-0-0-1x_U007emarketing-0-8-0-85-220.png/100x100bb.png,2026-06-30,gb,topfree,6014,游戏
40,6745120053,Find the Imposter,Sven Vucak,https://apps.apple.com/gb/app/find-the-imposter/id6745120053?uo=2,https://is1-ssl.mzstatic.com/image/thumb/Purple211/v4/10/69/e0/1069e0bd-1564-9f77-7ea4-a8072e6e90ff/AppIcon-0-0-1x_U007emarketing-0-11-0-0-85-220.png/100x100bb.png,2026-06-30,gb,topfree,6014,游戏
41,638689075,Township,Playrix,https://apps.apple.com/gb/app/township/id638689075?uo=2,https://is1-ssl.mzstatic.com/image/thumb/Purple211/v4/f3/d3/ab/f3d3abe7-ac2f-d4a3-1683-0873d183913e/AppIcon-0-0-1x_U007emarketing-0-11-0-85-220.png/100x100bb.png,2026-06-30,gb,topfree,6014,游戏
42,6499306754,Code Busters: Word Puzzle Game,Smartronic,https://apps.apple.com/gb/app/code-busters-word-puzzle-game/id6499306754?uo=2,https://is1-ssl.mzstatic.com/image/thumb/Purple221/v4/8c/18/0f/8c180f7d-9367-14c2-dfb5-6b3c7fd4d474/AppIcon-0-0-1x_U007emarketing-0-11-0-85-220.png/100x100bb.png,2026-06-30,gb,topfree,6014,游戏
43,1642607669,Game of Thrones: Dragonfire,Warner Bros.,https://apps.apple.com/gb/app/game-of-thrones-dragonfire/id1642607669?uo=2,https://is1-ssl.mzstatic.com/image/thumb/Purple211/v4/af/63/4d/af634d13-7790-f885-810d-0307c3bbab9b/AppIcon-1x_U007emarketing-0-8-0-85-220-0.png/100x100bb.png,2026-06-30,gb,topfree,6014,游戏
44,6776756035,38-0-0: Football Squad Draft,Deniz Sancar,https://apps.apple.com/gb/app/38-0-0-football-squad-draft/id6776756035?uo=2,https://is1-ssl.mzstatic.com/image/thumb/Purple221/v4/e1/c1/d8/e1c1d8d6-9661-945f-5e25-172c2e81bbbd/AppIcon-0-0-1x_U007epad-0-1-85-220.png/100x100bb.png,2026-06-30,gb,topfree,6014,游戏
45,6482849843,Goods Puzzle: Sort Challenge,ONESOFT GLOBAL PTE. LTD.,https://apps.apple.com/gb/app/goods-puzzle-sort-challenge/id6482849843?uo=2,https://is1-ssl.mzstatic.com/image/thumb/Purple211/v4/f9/5d/0f/f95d0fc6-8a90-940b-1b2e-88d1ed027fb2/AppIcon-0-0-1x_U007emarketing-0-8-0-85-220.png/100x100bb.png,2026-06-30,gb,topfree,6014,游戏
46,1351168404,Among Us!,InnerSloth LLC,https://apps.apple.com/gb/app/among-us/id1351168404?uo=2,https://is1-ssl.mzstatic.com/image/thumb/Purple211/v4/57/dc/f8/57dcf861-9c14-e964-6f5b-09f8c4fff8d2/AppIcon-0-0-1x_U007emarketing-0-8-0-85-220.png/100x100bb.png,2026-06-30,gb,topfree,6014,游戏
47,6742410648,WhoLiked? - Guess Who Liked it,IRL Apps,https://apps.apple.com/gb/app/wholiked-guess-who-liked-it/id6742410648?uo=2,https://is1-ssl.mzstatic.com/image/thumb/Purple221/v4/b8/68/36/b86836ce-07b2-9024-c5f8-8026919d4ac1/WhoLikedIcon-0-0-1x_U007ephone-0-1-0-sRGB-85-220.png/100x100bb.png,2026-06-30,gb,topfree,6014,游戏
48,1094930513,EA SPORTS FC™ Football Mobile,Electronic Arts,https://apps.apple.com/gb/app/ea-sports-fc-football-mobile/id1094930513?uo=2,https://is1-ssl.mzstatic.com/image/thumb/Purple221/v4/07/c5/4e/07c54e36-942e-ccbf-0bf7-c125f1261d42/AppIcon-0-0-1x_U007emarketing-0-8-0-85-220.png/100x100bb.png,2026-06-30,gb,topfree,6014,游戏
49,1105855019,Gardenscapes,Playrix,https://apps.apple.com/gb/app/gardenscapes/id1105855019?uo=2,https://is1-ssl.mzstatic.com/image/thumb/Purple211/v4/54/9f/3a/549f3a53-96e5-8dfa-8639-ca30bf676cee/AppIcon-0-0-1x_U007emarketing-0-8-0-85-220.png/100x100bb.png,2026-06-30,gb,topfree,6014,游戏
50,1602508478,Word Search Explorer®,PlaySimple Games Pte Ltd,https://apps.apple.com/gb/app/word-search-explorer/id1602508478?uo=2,https://is1-ssl.mzstatic.com/image/thumb/Purple211/v4/44/99/ae/4499aec6-4b2b-6cfb-5ed0-1328808dcfa5/AppIcon-0-0-1x_U007emarketing-0-8-0-85-220.png/100x100bb.png,2026-06-30,gb,topfree,6014,游戏
1,6754839783,Bubble Word Jam,Lion Studios Plus,https://apps.apple.com/gb/app/bubble-word-jam/id6754839783?uo=2,https://is1-ssl.mzstatic.com/image/thumb/Purple221/v4/cf/a2/de/cfa2de64-164c-e3cf-1e2f-f2182d085439/AppIcon-0-0-1x_U007emarketing-0-8-0-85-220.png/100x100bb.png,2026-06-30,gb,topfree,7019,文字
2,6748950306,Solitaire Associations Journey,Hitapps Games LTD,https://apps.apple.com/gb/app/solitaire-associations-journey/id6748950306?uo=2,https://is1-ssl.mzstatic.com/image/thumb/Purple221/v4/40/a7/d8/40a7d82f-e64f-e659-2616-19712300466a/AppIcon-0-0-1x_U007emarketing-0-8-0-85-220.png/100x100bb.png,2026-06-30,gb,topfree,7019,文字
3,6745120053,Find the Imposter,Sven Vucak,https://apps.apple.com/gb/app/find-the-imposter/id6745120053?uo=2,https://is1-ssl.mzstatic.com/image/thumb/Purple211/v4/10/69/e0/1069e0bd-1564-9f77-7ea4-a8072e6e90ff/AppIcon-0-0-1x_U007emarketing-0-11-0-0-85-220.png/100x100bb.png,2026-06-30,gb,topfree,7019,文字
4,6499306754,Code Busters: Word Puzzle Game,Smartronic,https://apps.apple.com/gb/app/code-busters-word-puzzle-game/id6499306754?uo=2,https://is1-ssl.mzstatic.com/image/thumb/Purple221/v4/8c/18/0f/8c180f7d-9367-14c2-dfb5-6b3c7fd4d474/AppIcon-0-0-1x_U007emarketing-0-11-0-85-220.png/100x100bb.png,2026-06-30,gb,topfree,7019,文字
5,1602508478,Word Search Explorer®,PlaySimple Games Pte Ltd,https://apps.apple.com/gb/app/word-search-explorer/id1602508478?uo=2,https://is1-ssl.mzstatic.com/image/thumb/Purple211/v4/44/99/ae/4499aec6-4b2b-6cfb-5ed0-1328808dcfa5/AppIcon-0-0-1x_U007emarketing-0-8-0-85-220.png/100x100bb.png,2026-06-30,gb,topfree,7019,文字
6,307569751,NYT Games: Wordle & Crossword,The New York Times Company,https://apps.apple.com/gb/app/nyt-games-wordle-crossword/id307569751?uo=2,https://is1-ssl.mzstatic.com/image/thumb/Purple221/v4/6f/c6/d8/6fc6d80b-80f1-e130-f877-ddf0de04652a/Release-0-0-1x_U007epad-0-1-0-sRGB-0-85-220.png/100x100bb.png,2026-06-30,gb,topfree,7019,文字
7,6759077038,Profile Perfect,Lion Studios Plus,https://apps.apple.com/gb/app/profile-perfect/id6759077038?uo=2,https://is1-ssl.mzstatic.com/image/thumb/Purple221/v4/9d/7a/c9/9d7ac98c-2b27-aa66-3621-6bc76e1574fe/AppIcon-0-0-1x_U007emarketing-0-8-0-85-220.png/100x100bb.png,2026-06-30,gb,topfree,7019,文字
8,6749012623,Fakeit: Imposter Game,smak apps,https://apps.apple.com/gb/app/fakeit-imposter-game/id6749012623?uo=2,https://is1-ssl.mzstatic.com/image/thumb/Purple221/v4/69/5c/3a/695c3aa2-51a1-0969-4640-d29028de2bae/AppIcon-0-0-1x_U007epad-0-1-85-220.png/100x100bb.png,2026-06-30,gb,topfree,7019,文字
9,1660171117,Zen Word® - Relax Puzzle Game,Oakever Games,https://apps.apple.com/gb/app/zen-word-relax-puzzle-game/id1660171117?uo=2,https://is1-ssl.mzstatic.com/image/thumb/Purple221/v4/ed/51/84/ed51840c-7bfd-d698-9743-10b3fa693da3/AppIcon-0-0-1x_U007emarketing-0-8-0-85-220.png/100x100bb.png,2026-06-30,gb,topfree,7019,文字
10,6737275844,Word Tiles GO,Gulliver's Games,https://apps.apple.com/gb/app/word-tiles-go/id6737275844?uo=2,https://is1-ssl.mzstatic.com/image/thumb/Purple221/v4/f4/3b/c6/f43bc65a-1f02-fb14-2786-03fbc1e4ca4d/AppIcon-0-0-1x_U007emarketing-0-8-0-85-220.png/100x100bb.png,2026-06-30,gb,topfree,7019,文字
11,1636821805,Crostic Crossword－Word Puzzles,Severex,https://apps.apple.com/gb/app/crostic-crossword-word-puzzles/id1636821805?uo=2,https://is1-ssl.mzstatic.com/image/thumb/Purple211/v4/de/b5/37/deb537b0-dc7d-cbaf-9023-4e0a90bb2cc4/AppIcon-0-0-1x_U007emarketing-0-8-0-85-220.png/100x100bb.png,2026-06-30,gb,topfree,7019,文字
12,1095569891,Wordle!,Lion Studios Plus,https://apps.apple.com/gb/app/wordle/id1095569891?uo=2,https://is1-ssl.mzstatic.com/image/thumb/Purple211/v4/86/2f/54/862f541c-b0bf-5d10-d748-8c430f38930c/AppIcon-0-0-1x_U007emarketing-0-8-0-85-220.png/100x100bb.png,2026-06-30,gb,topfree,7019,文字
13,6756664092,You Know: Associations,Tripledot Studios,https://apps.apple.com/gb/app/you-know-associations/id6756664092?uo=2,https://is1-ssl.mzstatic.com/image/thumb/Purple221/v4/05/e5/fa/05e5fa15-1b99-ad85-1269-87ea0efb2aac/AppIcon-0-0-1x_U007emarketing-0-8-0-85-220.png/100x100bb.png,2026-06-30,gb,topfree,7019,文字
14,6739069151,Crossword Go!,PlaySimple Games Pte Ltd,https://apps.apple.com/gb/app/crossword-go/id6739069151?uo=2,https://is1-ssl.mzstatic.com/image/thumb/Purple211/v4/4b/d4/12/4bd4122f-a4b6-cfcc-15b0-293127666f3f/AppIcon-0-0-1x_U007emarketing-0-8-0-85-220.png/100x100bb.png,2026-06-30,gb,topfree,7019,文字
15,1580601028,Everyday Puzzles: Mini Games,Fanatee,https://apps.apple.com/gb/app/everyday-puzzles-mini-games/id1580601028?uo=2,https://is1-ssl.mzstatic.com/image/thumb/Purple221/v4/01/27/13/012713bf-544b-4169-2f4c-a704ec44f76b/AppIcon-0-0-1x_U007emarketing-0-8-0-85-220.png/100x100bb.png,2026-06-30,gb,topfree,7019,文字
16,6741839590,PlaySimple Cryptogram,PlaySimple Games Pte Ltd,https://apps.apple.com/gb/app/playsimple-cryptogram/id6741839590?uo=2,https://is1-ssl.mzstatic.com/image/thumb/Purple211/v4/e7/39/66/e7396625-e8a5-02ea-8cdb-fc6e6dd723fa/AppIcon-0-0-1x_U007emarketing-0-8-0-85-220.png/100x100bb.png,2026-06-30,gb,topfree,7019,文字
17,6480587399,Scrabble® – Official Word Game,"Scopely, Inc.",https://apps.apple.com/gb/app/scrabble-official-word-game/id6480587399?uo=2,https://is1-ssl.mzstatic.com/image/thumb/Purple221/v4/17/1a/0d/171a0d98-509b-e8d8-7cc6-ae4b2d502a69/AppIcon-0-0-1x_U007emarketing-0-5-0-85-220.png/100x100bb.png,2026-06-30,gb,topfree,7019,文字
18,6615086509,NYT Crossplay: Word Games,The New York Times Company,https://apps.apple.com/gb/app/nyt-crossplay-word-games/id6615086509?uo=2,https://is1-ssl.mzstatic.com/image/thumb/Purple221/v4/48/3a/fa/483afaeb-5a67-3b35-af3f-18474b108b1e/Release-0-0-1x_U007ephone-0-1-sRGB-85-220.png/100x100bb.png,2026-06-30,gb,topfree,7019,文字
19,1512834505,Wavelength,Palm Court LLC,https://apps.apple.com/gb/app/wavelength/id1512834505?uo=2,https://is1-ssl.mzstatic.com/image/thumb/Purple221/v4/25/e2/7c/25e27c04-ef27-cb6f-9d6d-bbe3beaa62ca/AppIcon-0-0-1x_U007emarketing-0-8-0-85-220.png/100x100bb.png,2026-06-30,gb,topfree,7019,文字
20,1424246763,Headbands: Heads Up Charades,David Kadlcek,https://apps.apple.com/gb/app/headbands-heads-up-charades/id1424246763?uo=2,https://is1-ssl.mzstatic.com/image/thumb/Purple211/v4/e1/68/d5/e168d5b9-1dfa-79e3-ef5c-96132d6c6525/AppIcon-0-0-1x_U007epad-0-1-0-85-220.png/100x100bb.png,2026-06-30,gb,topfree,7019,文字
21,6745003362,Word Oasis: Calm Puzzle Game,Oasis Games LTD,https://apps.apple.com/gb/app/word-oasis-calm-puzzle-game/id6745003362?uo=2,https://is1-ssl.mzstatic.com/image/thumb/Purple221/v4/ff/68/60/ff6860f6-3437-686b-a11f-8872b9ae75c6/AppIcon-0-0-1x_U007emarketing-0-8-0-85-220.png/100x100bb.png,2026-06-30,gb,topfree,7019,文字
22,1207472156,Wordscapes - Word Game,"PeopleFun, Inc.",https://apps.apple.com/gb/app/wordscapes-word-game/id1207472156?uo=2,https://is1-ssl.mzstatic.com/image/thumb/Purple221/v4/5d/1c/d5/5d1cd573-f1be-43ba-270a-6c0cca56074d/AppIcon-0-0-1x_U007emarketing-0-8-0-85-220.png/100x100bb.png,2026-06-30,gb,topfree,7019,文字
23,1453837845,Charades - Family & Party Game,Dmytro Cheverda,https://apps.apple.com/gb/app/charades-family-party-game/id1453837845?uo=2,https://is1-ssl.mzstatic.com/image/thumb/Purple221/v4/63/9e/69/639e6952-1342-2d2d-da79-5375571e2e46/AppIcon-0-0-1x_U007epad-0-1-85-220.png/100x100bb.png,2026-06-30,gb,topfree,7019,文字
24,6742752351,Netflix Puzzled: Logic Games,"Netflix, Inc.",https://apps.apple.com/gb/app/netflix-puzzled-logic-games/id6742752351?uo=2,https://is1-ssl.mzstatic.com/image/thumb/Purple211/v4/57/e9/58/57e95841-0710-b935-f9d0-8074373f4351/appicon-0-0-1x_U007emarketing-0-8-0-85-220.png/100x100bb.png,2026-06-30,gb,topfree,7019,文字
25,6755815731,Word Screw - Snappy Words 3D,Astrasen Global,https://apps.apple.com/gb/app/word-screw-snappy-words-3d/id6755815731?uo=2,https://is1-ssl.mzstatic.com/image/thumb/Purple221/v4/dd/cf/e2/ddcfe2e2-2d90-a005-ab05-c4e2295b7e88/AppIcon-0-0-1x_U007epad-0-1-85-220.png/100x100bb.png,2026-06-30,gb,topfree,7019,文字
26,1369521645,Words of Wonders: Crossword,FUGO BILISIM TEKNOLOJILERI VE YAZILIM TICARET ANONIM SIRKETI,https://apps.apple.com/gb/app/words-of-wonders-crossword/id1369521645?uo=2,https://is1-ssl.mzstatic.com/image/thumb/Purple221/v4/c6/2d/aa/c62daa46-5af1-a339-9580-f239755bf983/AppIcon-0-0-1x_U007emarketing-0-8-0-85-220.png/100x100bb.png,2026-06-30,gb,topfree,7019,文字
27,6473058122,ForeHeads: Charades Guess Word,smak apps,https://apps.apple.com/gb/app/foreheads-charades-guess-word/id6473058122?uo=2,https://is1-ssl.mzstatic.com/image/thumb/Purple221/v4/78/cd/b2/78cdb2ee-390f-ce9c-9300-d18bce6a7873/AppIcon-0-0-1x_U007epad-0-1-0-sRGB-85-220.jpeg/100x100bb.png,2026-06-30,gb,topfree,7019,文字
28,6739423612,Word Master,FUGO BILISIM TEKNOLOJILERI VE YAZILIM TICARET ANONIM SIRKETI,https://apps.apple.com/gb/app/word-master/id6739423612?uo=2,https://is1-ssl.mzstatic.com/image/thumb/Purple211/v4/4e/76/6b/4e766b08-0fb7-0ddf-04c9-1d1d4d0e86ae/AppIcon-0-0-1x_U007emarketing-0-8-0-85-220.png/100x100bb.png,2026-06-30,gb,topfree,7019,文字
29,1005765746,Psych! Outwit Your Friends,Warner Bros.,https://apps.apple.com/gb/app/psych-outwit-your-friends/id1005765746?uo=2,https://is1-ssl.mzstatic.com/image/thumb/Purple116/v4/c2/78/6d/c2786df3-f446-bdcb-faae-91375a4e016a/AppIcon-0-0-1x_U007emarketing-0-0-0-7-0-0-sRGB-0-0-0-GLES2_U002c0-512MB-85-220-0-0.png/100x100bb.png,2026-06-30,gb,topfree,7019,文字
30,1215933788,Scrabble® GO – Fun with Words!,"Scopely, Inc.",https://apps.apple.com/gb/app/scrabble-go-fun-with-words/id1215933788?uo=2,https://is1-ssl.mzstatic.com/image/thumb/Purple211/v4/dd/c7/bb/ddc7bbe4-9cf7-e22a-3936-376603918534/AppIcon-0-0-1x_U007emarketing-0-5-85-220.png/100x100bb.png,2026-06-30,gb,topfree,7019,文字
31,6472233094,Puzzlit - Puzzles Made Social,PuzzLit,https://apps.apple.com/gb/app/puzzlit-puzzles-made-social/id6472233094?uo=2,https://is1-ssl.mzstatic.com/image/thumb/Purple211/v4/a3/ca/43/a3ca43a1-d602-25ca-eb69-aa379bea8194/AppIcon-0-0-1x_U007ephone-0-1-85-220.png/100x100bb.png,2026-06-30,gb,topfree,7019,文字
32,6547858927,Crossword Master - Word Puzzle,Easybrain Ltd,https://apps.apple.com/gb/app/crossword-master-word-puzzle/id6547858927?uo=2,https://is1-ssl.mzstatic.com/image/thumb/Purple221/v4/c8/57/cb/c857cb42-7f3c-7ef9-dbad-8eec49c438c9/AppIcon-0-0-1x_U007emarketing-0-8-0-85-220.png/100x100bb.png,2026-06-30,gb,topfree,7019,文字
33,6532601126,That's My Seat - Logic Puzzle,ROOFTOP GAMES OYUN TEKNOLOJILERI ANONIM SIRKETI,https://apps.apple.com/gb/app/thats-my-seat-logic-puzzle/id6532601126?uo=2,https://is1-ssl.mzstatic.com/image/thumb/Purple211/v4/4f/88/fd/4f88fd1f-bcba-2ac7-7ef8-ebaf53eca4c5/AppIcon-0-0-1x_U007emarketing-0-8-0-85-220.png/100x100bb.png,2026-06-30,gb,topfree,7019,文字
34,1197354394,Daily Themed Crossword Puzzles,PlaySimple Games Pte Ltd,https://apps.apple.com/gb/app/daily-themed-crossword-puzzles/id1197354394?uo=2,https://is1-ssl.mzstatic.com/image/thumb/Purple211/v4/6c/32/36/6c323650-f58b-4bd5-2514-3b1e8bcb5d9f/AppIcon-0-0-1x_U007emarketing-0-8-0-85-220.png/100x100bb.png,2026-06-30,gb,topfree,7019,文字
35,1447483685,English Crosswords Puzzle Game,Yan Drobysh,https://apps.apple.com/gb/app/english-crosswords-puzzle-game/id1447483685?uo=2,https://is1-ssl.mzstatic.com/image/thumb/Purple211/v4/89/20/4c/89204cd9-f9e6-f353-21ed-a4cd86402ec4/AppIcon-0-0-1x_U007emarketing-0-8-0-0-85-220.png/100x100bb.png,2026-06-30,gb,topfree,7019,文字
36,1420294918,Wordscapes Search - Word Game,"PeopleFun, Inc.",https://apps.apple.com/gb/app/wordscapes-search-word-game/id1420294918?uo=2,https://is1-ssl.mzstatic.com/image/thumb/Purple221/v4/dd/a3/7d/dda37d1f-d7c1-ce7a-6159-e8e3993c410a/AppIcon-0-0-1x_U007emarketing-0-8-0-85-220.png/100x100bb.png,2026-06-30,gb,topfree,7019,文字
37,6472485066,Mindblow: Guess the Word!,Kidding Box,https://apps.apple.com/gb/app/mindblow-guess-the-word/id6472485066?uo=2,https://is1-ssl.mzstatic.com/image/thumb/Purple221/v4/61/6f/4f/616f4f31-4447-8fc2-6d48-6bfc867b5063/AppIcon-0-0-1x_U007epad-0-1-85-220.png/100x100bb.png,2026-06-30,gb,topfree,7019,文字
38,6759585687,Imposter Game: Who is SpyParty,"Octopus Internet Technology Co., Limited",https://apps.apple.com/gb/app/imposter-game-who-is-spyparty/id6759585687?uo=2,https://is1-ssl.mzstatic.com/image/thumb/Purple211/v4/fc/30/47/fc304787-54f1-957f-ab7f-0c523ae83760/AppIcon-0-0-1x_U007emarketing-0-8-0-85-220.png/100x100bb.png,2026-06-30,gb,topfree,7019,文字
39,6759453475,Wordington Solitaire,Qiiwi Games AB,https://apps.apple.com/gb/app/wordington-solitaire/id6759453475?uo=2,https://is1-ssl.mzstatic.com/image/thumb/Purple211/v4/b2/f7/cc/b2f7cc8a-fb62-0580-bce4-25d193478c6d/AppIcon-0-0-1x_U007emarketing-0-8-0-85-220.png/100x100bb.png,2026-06-30,gb,topfree,7019,文字
40,6741474981,Crossword Challenge,Nocturnal Games,https://apps.apple.com/gb/app/crossword-challenge/id6741474981?uo=2,https://is1-ssl.mzstatic.com/image/thumb/Purple211/v4/e9/30/ec/e930ec5e-cc9d-cb14-7493-65906fe8a8f0/AppIcon-0-0-1x_U007emarketing-0-8-0-85-220.png/100x100bb.png,2026-06-30,gb,topfree,7019,文字
41,1549726220,Word Search Journey - Puzzle,Bluetile Games S.L.,https://apps.apple.com/gb/app/word-search-journey-puzzle/id1549726220?uo=2,https://is1-ssl.mzstatic.com/image/thumb/Purple211/v4/b7/a3/59/b7a359d4-f762-2deb-9fb9-934f472530d6/AppIcon-0-0-1x_U007emarketing-0-8-0-85-220.png/100x100bb.png,2026-06-30,gb,topfree,7019,文字
42,1598506904,Word Maker - Puzzle Game,"NewPubCo, Inc",https://apps.apple.com/gb/app/word-maker-puzzle-game/id1598506904?uo=2,https://is1-ssl.mzstatic.com/image/thumb/Purple221/v4/45/26/66/45266614-0703-5ff9-0fb3-7fbdb2824ed8/AppIcon-0-0-1x_U007emarketing-0-8-0-85-220.png/100x100bb.png,2026-06-30,gb,topfree,7019,文字
43,1633021483,Crossword - Word Hike,Joy Vendor Limited,https://apps.apple.com/gb/app/crossword-word-hike/id1633021483?uo=2,https://is1-ssl.mzstatic.com/image/thumb/Purple211/v4/8f/58/09/8f5809f0-6825-e7d9-f864-c2ddfa6a9550/AppIcon-0-0-1x_U007emarketing-0-8-0-85-220.png/100x100bb.png,2026-06-30,gb,topfree,7019,文字
44,6748455155,Imposter Game: Who is the Spy?,Cosmicode Lda,https://apps.apple.com/gb/app/imposter-game-who-is-the-spy/id6748455155?uo=2,https://is1-ssl.mzstatic.com/image/thumb/Purple211/v4/c2/53/0e/c2530e20-f0f5-905a-38fd-140d2484950a/AppIcon-0-0-1x_U007epad-0-1-85-220.png/100x100bb.png,2026-06-30,gb,topfree,7019,文字
45,1467771859,Logo Quiz 2026: Guess the logo,Peter Skarheim,https://apps.apple.com/gb/app/logo-quiz-2026-guess-the-logo/id1467771859?uo=2,https://is1-ssl.mzstatic.com/image/thumb/Purple221/v4/b4/ea/97/b4ea9791-e755-a34d-1819-702ea3572c56/AppIcon-0-0-1x_U007ephone-0-1-0-P3-85-220.png/100x100bb.png,2026-06-30,gb,topfree,7019,文字
46,1473573813,Word Craze - Trivia crosswords,Joy Vendor Limited,https://apps.apple.com/gb/app/word-craze-trivia-crosswords/id1473573813?uo=2,https://is1-ssl.mzstatic.com/image/thumb/Purple221/v4/2c/9d/7d/2c9d7d29-1db1-de00-0351-9ea113cb863f/AppIcon-0-0-1x_U007emarketing-0-8-0-85-220.png/100x100bb.png,2026-06-30,gb,topfree,7019,文字
47,1644099880,Cryptogram: Word Brain Puzzle,Joyteractive,https://apps.apple.com/gb/app/cryptogram-word-brain-puzzle/id1644099880?uo=2,https://is1-ssl.mzstatic.com/image/thumb/Purple221/v4/c8/54/e8/c854e876-1d68-4ec6-122a-a55731f7a067/AppIcon-0-0-1x_U007emarketing-0-8-0-85-220.png/100x100bb.png,2026-06-30,gb,topfree,7019,文字
48,6446890132,Word Seekers,Gimica GmbH,https://apps.apple.com/gb/app/word-seekers/id6446890132?uo=2,https://is1-ssl.mzstatic.com/image/thumb/Purple211/v4/60/37/f8/6037f891-6b06-55da-2b20-fd7bb40186f6/AppIcon-0-0-1x_U007emarketing-0-8-0-85-220.png/100x100bb.png,2026-06-30,gb,topfree,7019,文字
49,1226926872,Word Connect ¤,ZenLife Games Pte. Ltd.,https://apps.apple.com/gb/app/word-connect-%C2%A4/id1226926872?uo=2,https://is1-ssl.mzstatic.com/image/thumb/Purple221/v4/55/07/42/5507420d-ef1f-56ca-517c-1e678fbb3270/AppIcon-1x_U007emarketing-0-14-0-85-220-0.png/100x100bb.png,2026-06-30,gb,topfree,7019,文字
50,1214223596,Word Trip - Word Puzzles Games,PlaySimple Games Pte Ltd,https://apps.apple.com/gb/app/word-trip-word-puzzles-games/id1214223596?uo=2,https://is1-ssl.mzstatic.com/image/thumb/Purple221/v4/83/da/ba/83dabab0-5586-a222-7923-a9ad2c10c20a/AppIcon-0-0-1x_U007epad-0-1-85-220.png/100x100bb.png,2026-06-30,gb,topfree,7019,文字
1,1596736236,Red's First Flight,Rovio Entertainment Oyj,https://apps.apple.com/gb/app/reds-first-flight/id1596736236?uo=2,https://is1-ssl.mzstatic.com/image/thumb/Purple126/v4/16/b2/ca/16b2ca07-9218-4469-5e09-29addd3eff9e/AppIcon-1x_U007emarketing-0-7-0-85-220.png/100x100bb.png,2026-06-30,gb,toppaid,7012,解谜
2,376374689,Doodle God™,JoyBits Ltd.,https://apps.apple.com/gb/app/doodle-god/id376374689?uo=2,https://is1-ssl.mzstatic.com/image/thumb/Purple126/v4/3a/62/75/3a627585-35d6-8595-93eb-3484a0e33b75/AppIcon-0-0-1x_U007emarketing-0-0-0-9-0-0-sRGB-0-0-0-GLES2_U002c0-512MB-85-220-0-0.png/100x100bb.png,2026-06-30,gb,toppaid,7012,解谜
3,6738784092,A Little to the Left: Drawers,Secret Mode,https://apps.apple.com/gb/app/a-little-to-the-left-drawers/id6738784092?uo=2,https://is1-ssl.mzstatic.com/image/thumb/Purple221/v4/ca/15/1f/ca151fa8-6f3c-0191-7f7d-88be9097fc21/AppIcon-0-0-1x_U007emarketing-0-8-0-85-220.png/100x100bb.png,2026-06-30,gb,toppaid,7012,解谜
4,449735650,Where's My Water?,Disney,https://apps.apple.com/gb/app/wheres-my-water/id449735650?uo=2,https://is1-ssl.mzstatic.com/image/thumb/Purple126/v4/3b/61/31/3b61311b-af40-6af9-83c6-c8eb7ca4ad93/AppIcon-0-0-1x_U007emarketing-0-0-0-9-0-0-sRGB-0-0-0-GLES2_U002c0-512MB-85-220-0-0.png/100x100bb.png,2026-06-30,gb,toppaid,7012,解谜
5,6747814605,Is This Seat Taken?,Poti Poti Studio,https://apps.apple.com/gb/app/is-this-seat-taken/id6747814605?uo=2,https://is1-ssl.mzstatic.com/image/thumb/Purple211/v4/16/24/d5/1624d5e2-611f-9cee-cb5e-e596962c809f/AppIcon-0-0-1x_U007emarketing-0-8-0-85-220.png/100x100bb.png,2026-06-30,gb,toppaid,7012,解谜
6,1445772666,Keep Talking & Nobody Explodes,Steel Crate Games,https://apps.apple.com/gb/app/keep-talking-nobody-explodes/id1445772666?uo=2,https://is1-ssl.mzstatic.com/image/thumb/Purple124/v4/bf/92/0b/bf920b63-9103-5bfd-3b0a-b740eb889563/AppIcon-0-0-1x_U007emarketing-0-0-0-9-0-0-sRGB-0-0-0-GLES2_U002c0-512MB-85-220-0-0.png/100x100bb.png,2026-06-30,gb,toppaid,7012,解谜
7,6738784151,A Little to the Left: Stars,Secret Mode,https://apps.apple.com/gb/app/a-little-to-the-left-stars/id6738784151?uo=2,https://is1-ssl.mzstatic.com/image/thumb/Purple221/v4/58/a8/54/58a85469-2c22-bb02-7a2e-eb316d8c2ef4/AppIcon-0-0-1x_U007emarketing-0-8-0-85-220.png/100x100bb.png,2026-06-30,gb,toppaid,7012,解谜
8,1286676015,The Room: Old Sins,Fireproof Studios Limited,https://apps.apple.com/gb/app/the-room-old-sins/id1286676015?uo=2,https://is1-ssl.mzstatic.com/image/thumb/Purple118/v4/79/e5/77/79e5775a-8baa-543b-d2d6-9aeea7a223e5/AppIcon-1x_U007emarketing-0-0-GLES2_U002c0-512MB-sRGB-0-0-0-85-220-0-0-0-5.png/100x100bb.png,2026-06-30,gb,toppaid,7012,解谜
9,6762288718,What's the Password?,TrampolineTales,https://apps.apple.com/gb/app/whats-the-password/id6762288718?uo=2,https://is1-ssl.mzstatic.com/image/thumb/Purple211/v4/84/e3/3d/84e33d8e-aa4b-1b2f-5723-82e8e19d490c/AppIcon-0-0-1x_U007epad-0-11-0-85-220.png/100x100bb.png,2026-06-30,gb,toppaid,7012,解谜
10,329981776,Sudoku ′ No ads,"Mind The Frog, Inc.",https://apps.apple.com/gb/app/sudoku-no-ads/id329981776?uo=2,https://is1-ssl.mzstatic.com/image/thumb/Purple221/v4/54/c7/2a/54c72ae8-292f-b274-39bb-09022fea4fe1/AppIcon-0-1x_U007emarketing-0-8-0-85-220-0.png/100x100bb.png,2026-06-30,gb,toppaid,7012,解谜
11,1438091392,Human: Fall Flat,"505 Games (US), Inc.",https://apps.apple.com/gb/app/human-fall-flat/id1438091392?uo=2,https://is1-ssl.mzstatic.com/image/thumb/Purple211/v4/4e/4b/6e/4e4b6e9f-fa38-3566-aa2f-f0af4f1334c1/AppIcon-1x_U007emarketing-0-8-0-85-220-0.png/100x100bb.png,2026-06-30,gb,toppaid,7012,解谜
12,1321324744,Up to 99,Sunspear Software LLC,https://apps.apple.com/gb/app/up-to-99/id1321324744?uo=2,https://is1-ssl.mzstatic.com/image/thumb/Purple211/v4/59/65/72/59657289-135d-f4e0-b9d0-23e8ad4c3719/AppIcon-0-0-1x_U007emarketing-0-6-0-85-220.png/100x100bb.png,2026-06-30,gb,toppaid,7012,解谜
13,728293409,Monument Valley,ustwo games,https://apps.apple.com/gb/app/monument-valley/id728293409?uo=2,https://is1-ssl.mzstatic.com/image/thumb/Purple211/v4/21/8e/d8/218ed8a3-c616-9ec7-419e-368073b9deb7/AppIcon-0-0-1x_U007emarketing-0-8-0-85-220.png/100x100bb.png,2026-06-30,gb,toppaid,7012,解谜
14,6745312000,ISLANDERS: Mobile,Coatsink Software,https://apps.apple.com/gb/app/islanders-mobile/id6745312000?uo=2,https://is1-ssl.mzstatic.com/image/thumb/Purple211/v4/c6/53/c3/c653c3d5-f718-8a95-7ae7-519c23612e5f/AppIcon-0-0-1x_U007emarketing-0-8-0-85-220.png/100x100bb.png,2026-06-30,gb,toppaid,7012,解谜
15,6746919411,Nubby's Number Factory,MogDogBlog Productions,https://apps.apple.com/gb/app/nubbys-number-factory/id6746919411?uo=2,https://is1-ssl.mzstatic.com/image/thumb/Purple211/v4/08/20/f1/0820f1a8-00d5-f9d1-2df5-c00519711e19/AppIcon-0-0-1x_U007emarketing-0-8-0-0-85-220.png/100x100bb.png,2026-06-30,gb,toppaid,7012,解谜
16,1461751938,Purple Place - Classic Games,Semyon Popov,https://apps.apple.com/gb/app/purple-place-classic-games/id1461751938?uo=2,https://is1-ssl.mzstatic.com/image/thumb/Purple116/v4/5f/14/f6/5f14f6d0-d38a-2031-7b66-1f0e24528153/AppIcon-0-0-1x_U007emarketing-0-0-0-7-0-0-sRGB-0-0-0-GLES2_U002c0-512MB-85-220-0-0.png/100x100bb.png,2026-06-30,gb,toppaid,7012,解谜
17,1610947489,Poppy Playtime Chapter 1,"Mob Entertainment, Inc",https://apps.apple.com/gb/app/poppy-playtime-chapter-1/id1610947489?uo=2,https://is1-ssl.mzstatic.com/image/thumb/Purple112/v4/40/e1/ab/40e1abb0-cfcb-1efb-2eac-f8b274028e8c/AppIcon-0-0-1x_U007emarketing-0-0-0-7-0-0-sRGB-0-0-0-GLES2_U002c0-512MB-85-220-0-0.png/100x100bb.png,2026-06-30,gb,toppaid,7012,解谜
18,1361525484,Layton: Curious Village in HD,Level-5 Inc.,https://apps.apple.com/gb/app/layton-curious-village-in-hd/id1361525484?uo=2,https://is1-ssl.mzstatic.com/image/thumb/Purple122/v4/85/e3/62/85e362dc-1b0d-63b6-7e2a-05f702b5273e/AppIcon-1x_U007emarketing-0-7-85-220.png/100x100bb.png,2026-06-30,gb,toppaid,7012,解谜
19,6448352407,Unboxing the Cryptic Killer,Eleven Products Sp. z o.o.,https://apps.apple.com/gb/app/unboxing-the-cryptic-killer/id6448352407?uo=2,https://is1-ssl.mzstatic.com/image/thumb/Purple211/v4/ad/49/23/ad492327-aaf9-5c91-b332-1a0acfdcd27c/AppIcon-0-0-1x_U007emarketing-0-8-0-85-220.png/100x100bb.png,2026-06-30,gb,toppaid,7012,解谜
20,6746137187,Poppy Playtime Chapter 4,"Mob Entertainment, Inc",https://apps.apple.com/gb/app/poppy-playtime-chapter-4/id6746137187?uo=2,https://is1-ssl.mzstatic.com/image/thumb/Purple211/v4/15/96/da/1596da58-cb6b-d99b-cea4-91dceadc79fd/AppIcon-1x_U007emarketing-0-8-0-85-220-0.png/100x100bb.png,2026-06-30,gb,toppaid,7012,解谜
21,1642601792,The Past Within,Rusty Lake,https://apps.apple.com/gb/app/the-past-within/id1642601792?uo=2,https://is1-ssl.mzstatic.com/image/thumb/Purple211/v4/bb/2c/df/bb2cdff2-5289-a7b8-da79-4b7323917d16/AppIcon-0-0-1x_U007emarketing-0-7-0-85-220.png/100x100bb.png,2026-06-30,gb,toppaid,7012,解谜
22,1238247658,Cluedo: Classic Edition,Marmalade Game Studio,https://apps.apple.com/gb/app/cluedo-classic-edition/id1238247658?uo=2,https://is1-ssl.mzstatic.com/image/thumb/Purple211/v4/fb/4e/f8/fb4ef821-28f8-69a5-8579-7ec6d212bec2/AppIcon-0-0-1x_U007emarketing-0-8-0-85-220.png/100x100bb.png,2026-06-30,gb,toppaid,7012,解谜
23,1187265767,Monument Valley 2,ustwo games,https://apps.apple.com/gb/app/monument-valley-2/id1187265767?uo=2,https://is1-ssl.mzstatic.com/image/thumb/Purple221/v4/97/f1/15/97f11538-719a-d660-41d2-d1cde2c59258/AppIcon-0-0-1x_U007emarketing-0-8-0-85-220.png/100x100bb.png,2026-06-30,gb,toppaid,7012,解谜
24,1517281887,Baba Is You,Hempuli,https://apps.apple.com/gb/app/baba-is-you/id1517281887?uo=2,https://is1-ssl.mzstatic.com/image/thumb/Purple211/v4/ee/d8/e3/eed8e37d-2d8d-ac79-9281-2591265bda49/AppIcon-1x_U007emarketing-0-0-GLES2_U002c0-512MB-sRGB-0-0-0-85-220-0-0-0-8.png/100x100bb.png,2026-06-30,gb,toppaid,7012,解谜
25,1665706687,Underground Blossom,Rusty Lake,https://apps.apple.com/gb/app/underground-blossom/id1665706687?uo=2,https://is1-ssl.mzstatic.com/image/thumb/Purple221/v4/ca/1b/44/ca1b4427-1586-df07-a871-4fda139d5470/AppIcon-0-0-1x_U007emarketing-0-0-0-7-0-0-sRGB-0-0-0-GLES2_U002c0-512MB-85-220-0-0.png/100x100bb.png,2026-06-30,gb,toppaid,7012,解谜
26,1253855339,Rusty Lake Paradise,Rusty Lake,https://apps.apple.com/gb/app/rusty-lake-paradise/id1253855339?uo=2,https://is1-ssl.mzstatic.com/image/thumb/Purple124/v4/04/e8/db/04e8db96-435a-1344-7117-2a2206927cb1/AppIcon-1x_U007emarketing-0-0-GLES2_U002c0-512MB-sRGB-0-0-0-85-220-0-0-0-3.png/100x100bb.png,2026-06-30,gb,toppaid,7012,解谜
27,418925394,Doodle Devil™,JoyBits Ltd.,https://apps.apple.com/gb/app/doodle-devil/id418925394?uo=2,https://is1-ssl.mzstatic.com/image/thumb/Purple221/v4/d1/a9/08/d1a90803-8306-81b4-8d03-1b4918f4727f/AppIcon-1x_U007ephone-0-1-85-220-0.png/100x100bb.png,2026-06-30,gb,toppaid,7012,解谜
28,1535659343,Not Chess,Tepes Ovidiu,https://apps.apple.com/gb/app/not-chess/id1535659343?uo=2,https://is1-ssl.mzstatic.com/image/thumb/Purple221/v4/c6/f8/aa/c6f8aa26-3d5a-4bc0-02ca-c1e3fdde79b2/AppIcon-1x_U007emarketing-0-7-0-0-85-220-0.png/100x100bb.png,2026-06-30,gb,toppaid,7012,解谜
29,1320681231,Bring You Home,Alike Studio,https://apps.apple.com/gb/app/bring-you-home/id1320681231?uo=2,https://is1-ssl.mzstatic.com/image/thumb/Purple118/v4/2e/bb/4e/2ebb4eb2-5b8a-2e06-d47e-f919fc0352d4/AppIcon-1x_U007emarketing-0-0-GLES2_U002c0-512MB-P3-0-0-0-85-220-0-0-0-3.png/100x100bb.png,2026-06-30,gb,toppaid,7012,解谜
30,6761413198,That's not my Neighbor.,Jurre Vos,https://apps.apple.com/gb/app/thats-not-my-neighbor/id6761413198?uo=2,https://is1-ssl.mzstatic.com/image/thumb/Purple221/v4/38/b8/9e/38b89edf-0453-ed1f-46ce-0666c040b23f/AppIcon-1x_U007emarketing-0-8-0-85-220-0.png/100x100bb.png,2026-06-30,gb,toppaid,7012,解谜
31,1357651989,Tick Tock: A Tale for Two,Other Tales Interactive ApS,https://apps.apple.com/gb/app/tick-tock-a-tale-for-two/id1357651989?uo=2,https://is1-ssl.mzstatic.com/image/thumb/Purple221/v4/e0/1f/e8/e01fe8a8-e807-214c-15a2-5137922d93d2/AppIcon-0-0-1x_U007emarketing-0-8-0-85-220.png/100x100bb.png,2026-06-30,gb,toppaid,7012,解谜
32,1039141908,LEGO® Ninjago™,Warner Bros.,https://apps.apple.com/gb/app/lego-ninjago/id1039141908?uo=2,https://is1-ssl.mzstatic.com/image/thumb/Purple221/v4/0a/b0/83/0ab08316-174e-7ae2-689f-d8bc9b036b49/AppIcon-1x_U007emarketing-0-7-0-85-220-0.png/100x100bb.png,2026-06-30,gb,toppaid,7012,解谜
33,1059911569,Rusty Lake Hotel,Rusty Lake,https://apps.apple.com/gb/app/rusty-lake-hotel/id1059911569?uo=2,https://is1-ssl.mzstatic.com/image/thumb/Purple115/v4/19/cc/4a/19cc4a4b-ac70-bcc8-b2f8-84f1eac2ecae/AppIcon-1x_U007emarketing-0-0-GLES2_U002c0-512MB-sRGB-0-0-0-85-220-0-0-0-3.png/100x100bb.png,2026-06-30,gb,toppaid,7012,解谜
34,1055650930,Codenames,CGE Digital s.r.o.,https://apps.apple.com/gb/app/codenames/id1055650930?uo=2,https://is1-ssl.mzstatic.com/image/thumb/Purple221/v4/1f/22/2a/1f222a4e-4ccd-82a5-a92a-b2064d60fc3b/AppIcon-0-0-1x_U007emarketing-0-11-0-85-220.png/100x100bb.png,2026-06-30,gb,toppaid,7012,解谜
35,1197552569,Poly Bridge,Dry Cactus,https://apps.apple.com/gb/app/poly-bridge/id1197552569?uo=2,https://is1-ssl.mzstatic.com/image/thumb/Purple118/v4/90/c7/bf/90c7bf8a-8d0f-3adb-a56e-30ba166f32a9/AppIcon-1x_U007emarketing-85-220-0-7.png/100x100bb.png,2026-06-30,gb,toppaid,7012,解谜
36,6744579956,Illusion Bowling,Daniel Koenig-Meier,https://apps.apple.com/gb/app/illusion-bowling/id6744579956?uo=2,https://is1-ssl.mzstatic.com/image/thumb/Purple211/v4/eb/2f/36/eb2f3671-bf77-f053-1fa6-cf977764a0ae/AppIcon-0-0-1x_U007epad-0-1-85-220.png/100x100bb.png,2026-06-30,gb,toppaid,7012,解谜
37,6740814979,Follow the meaning,Second Maze,https://apps.apple.com/gb/app/follow-the-meaning/id6740814979?uo=2,https://is1-ssl.mzstatic.com/image/thumb/Purple221/v4/04/d1/2e/04d12e6b-4fc9-c85c-80ec-643dcb521d53/AppIcon-1x_U007emarketing-0-8-0-85-220-0.png/100x100bb.png,2026-06-30,gb,toppaid,7012,解谜
38,6743181287,Broken Sword: Reforged,Revolution,https://apps.apple.com/gb/app/broken-sword-reforged/id6743181287?uo=2,https://is1-ssl.mzstatic.com/image/thumb/Purple221/v4/1e/d1/e8/1ed1e80f-4f18-36cd-9c65-c068e05d13a1/AppIcon-1x_U007epad-0-1-85-220-0.png/100x100bb.png,2026-06-30,gb,toppaid,7012,解谜
39,1062515791,The House of Da Vinci,Blue Brain Games,https://apps.apple.com/gb/app/the-house-of-da-vinci/id1062515791?uo=2,https://is1-ssl.mzstatic.com/image/thumb/Purple123/v4/3d/b6/af/3db6af2a-297c-0d3f-9542-8a408a79b5a2/AppIcon-0-0-1x_U007emarketing-0-0-0-9-85-220.png/100x100bb.png,2026-06-30,gb,toppaid,7012,解谜
40,444844790,Scribblenauts Remix,Warner Bros.,https://apps.apple.com/gb/app/scribblenauts-remix/id444844790?uo=2,https://is1-ssl.mzstatic.com/image/thumb/Purple115/v4/3c/75/a7/3c75a7da-fdd3-3d8a-a2bc-121c47a1302f/mzl.oyovosxr.png/100x100bb.png,2026-06-30,gb,toppaid,7012,解谜
41,1447671288,"Please, Touch The Artwork",Meynen Studio,https://apps.apple.com/gb/app/please-touch-the-artwork/id1447671288?uo=2,https://is1-ssl.mzstatic.com/image/thumb/Purple116/v4/06/fd/27/06fd27c6-ffc2-323f-ae42-75601e5a2ef0/AppIcon-0-0-1x_U007emarketing-0-0-0-7-0-0-sRGB-0-0-0-GLES2_U002c0-512MB-85-220-0-0.png/100x100bb.png,2026-06-30,gb,toppaid,7012,解谜
42,740602894,Detective Grimoire,SFB Games,https://apps.apple.com/gb/app/detective-grimoire/id740602894?uo=2,https://is1-ssl.mzstatic.com/image/thumb/Purple124/v4/5a/68/8a/5a688ab3-2311-7a5b-d9cb-07606759037e/AppIcon-1x_U007emarketing-0-0-GLES2_U002c0-512MB-sRGB-0-0-0-85-220-0-0-0-8.png/100x100bb.png,2026-06-30,gb,toppaid,7012,解谜
43,918054748,The Room Three,Fireproof Studios Limited,https://apps.apple.com/gb/app/the-room-three/id918054748?uo=2,https://is1-ssl.mzstatic.com/image/thumb/Purple128/v4/9b/be/fa/9bbefa87-a9a5-a8b8-1443-aed1c1740558/AppIcon-1x_U007emarketing-0-85-220-0-8.png/100x100bb.png,2026-06-30,gb,toppaid,7012,解谜
44,313199385,Sunday Lawn,Donut Games,https://apps.apple.com/gb/app/sunday-lawn/id313199385?uo=2,https://is1-ssl.mzstatic.com/image/thumb/Purple128/v4/55/5c/bb/555cbbea-6fd7-897d-8f2b-f9d22371b38f/AppIcon028-0-1x_U007emarketing-0-85-220-6.png/100x100bb.png,2026-06-30,gb,toppaid,7012,解谜
45,6757171842,Green Pond Town,"COTTONGAME Network Technology Co., Ltd.",https://apps.apple.com/gb/app/green-pond-town/id6757171842?uo=2,https://is1-ssl.mzstatic.com/image/thumb/Purple221/v4/d8/95/ef/d895ef34-732f-4af6-c70b-7a9c87f4a585/AppIcon-0-0-1x_U007emarketing-0-8-0-85-220.png/100x100bb.png,2026-06-30,gb,toppaid,7012,解谜
46,503190232,Bridge Constructor,Headup GmbH,https://apps.apple.com/gb/app/bridge-constructor/id503190232?uo=2,https://is1-ssl.mzstatic.com/image/thumb/Purple221/v4/01/86/49/018649bf-62ad-4138-8711-1c32f384efbe/AppIcon-0-0-1x_U007emarketing-0-8-0-85-220.png/100x100bb.png,2026-06-30,gb,toppaid,7012,解谜
47,6758868472,Beyond the Room,Dark Dome,https://apps.apple.com/gb/app/beyond-the-room/id6758868472?uo=2,https://is1-ssl.mzstatic.com/image/thumb/Purple221/v4/3f/5b/dc/3f5bdc66-b096-c9c1-bf27-c6421038042d/AppIcon-0-0-1x_U007emarketing-0-0-0-10-0-0-sRGB-0-0-0-GLES2_U002c0-512MB-85-220-0-0.png/100x100bb.png,2026-06-30,gb,toppaid,7012,解谜
48,1349292121,supertype,Philipp Stollenmayer,https://apps.apple.com/gb/app/supertype/id1349292121?uo=2,https://is1-ssl.mzstatic.com/image/thumb/Purple221/v4/49/98/0e/49980e24-3627-b7bd-8615-60e7786a641b/AppIcon-1x_U007emarketing-0-7-85-220-0.png/100x100bb.png,2026-06-30,gb,toppaid,7012,解谜
49,6778812752,Librarto: Tidy Up Your Library,Marcin Wroblewski,https://apps.apple.com/gb/app/librarto-tidy-up-your-library/id6778812752?uo=2,https://is1-ssl.mzstatic.com/image/thumb/Purple211/v4/93/8d/5e/938d5eb8-0a89-fcde-9d71-7bd062e8c807/AppIcon-0-0-1x_U007emarketing-0-8-0-85-220.png/100x100bb.png,2026-06-30,gb,toppaid,7012,解谜
50,1435140819,Very Little Nightmares,BANDAI NAMCO Entertainment Europe,https://apps.apple.com/gb/app/very-little-nightmares/id1435140819?uo=2,https://is1-ssl.mzstatic.com/image/thumb/Purple124/v4/d3/14/27/d31427c5-5fa2-b234-43dc-f47ffc9ada8a/AppIcon-0-0-1x_U007emarketing-0-0-0-7-0-0-sRGB-0-0-0-GLES2_U002c0-512MB-85-220-0-0.png/100x100bb.png,2026-06-30,gb,toppaid,7012,解谜
1,6761129391,No. 10: Full Confidence,Benjamin Brewis,https://apps.apple.com/gb/app/no-10-full-confidence/id6761129391?uo=2,https://is1-ssl.mzstatic.com/image/thumb/Purple221/v4/60/7f/f2/607ff20c-bb08-3ed0-5956-f92e6d6078e0/AppIcon-0-0-1x_U007epad-0-1-0-85-220.png/100x100bb.png,2026-06-30,gb,toppaid,6014,游戏
2,479516143,"Minecraft: Dream it, Build it!",Mojang,https://apps.apple.com/gb/app/minecraft-dream-it-build-it/id479516143?uo=2,https://is1-ssl.mzstatic.com/image/thumb/Purple211/v4/fd/17/8c/fd178c91-f3fb-a48a-cd60-1c927536220f/AppIcon-0-0-1x_U007emarketing-0-10-0-85-220.png/100x100bb.png,2026-06-30,gb,toppaid,6014,游戏
3,625334537,Geometry Dash,RobTop Games AB,https://apps.apple.com/gb/app/geometry-dash/id625334537?uo=2,https://is1-ssl.mzstatic.com/image/thumb/Purple211/v4/5a/d5/97/5ad5971d-b8ea-d82f-415f-f69be6bde65c/AppIcon-1x_U007emarketing-0-11-0-85-220-0.png/100x100bb.png,2026-06-30,gb,toppaid,6014,游戏
4,525818839,Plague Inc.,Ndemic Creations,https://apps.apple.com/gb/app/plague-inc/id525818839?uo=2,https://is1-ssl.mzstatic.com/image/thumb/Purple221/v4/4c/2e/05/4c2e05a3-8809-22db-0d9b-ded70f5b3cd1/AppIcon-0-0-1x_U007emarketing-0-8-0-0-sRGB-85-220.png/100x100bb.png,2026-06-30,gb,toppaid,6014,游戏
5,623592465,Heads Up!,Warner Bros.,https://apps.apple.com/gb/app/heads-up/id623592465?uo=2,https://is1-ssl.mzstatic.com/image/thumb/Purple211/v4/a3/27/33/a32733ef-8c13-9c09-4a43-085476244d57/AppIcon-0-0-1x_U007emarketing-0-8-0-85-220.png/100x100bb.png,2026-06-30,gb,toppaid,6014,游戏
6,1477966166,MONOPOLY,Marmalade Game Studio,https://apps.apple.com/gb/app/monopoly/id1477966166?uo=2,https://is1-ssl.mzstatic.com/image/thumb/Purple221/v4/c5/69/60/c5696050-34c0-c346-9b36-9e0d10137801/AppIcon-0-0-1x_U007emarketing-0-8-0-85-220.png/100x100bb.png,2026-06-30,gb,toppaid,6014,游戏
7,1596736236,Red's First Flight,Rovio Entertainment Oyj,https://apps.apple.com/gb/app/reds-first-flight/id1596736236?uo=2,https://is1-ssl.mzstatic.com/image/thumb/Purple126/v4/16/b2/ca/16b2ca07-9218-4469-5e09-29addd3eff9e/AppIcon-1x_U007emarketing-0-7-0-85-220.png/100x100bb.png,2026-06-30,gb,toppaid,6014,游戏
8,6502453075,Balatro,Playstack Ltd,https://apps.apple.com/gb/app/balatro/id6502453075?uo=2,https://is1-ssl.mzstatic.com/image/thumb/Purple211/v4/6d/d3/0c/6dd30caf-f830-22d5-ba44-448cdff0df30/iOS_AppIcon_Premium-0-0-1x_U007epad-0-1-85-220.png/100x100bb.png,2026-06-30,gb,toppaid,6014,游戏
9,1118115766,Bloons TD 6,Ninja Kiwi,https://apps.apple.com/gb/app/bloons-td-6/id1118115766?uo=2,https://is1-ssl.mzstatic.com/image/thumb/Purple211/v4/fd/7e/12/fd7e1256-26c8-89ac-3924-fe7d08d136c0/AppIcon-0-0-1x_U007emarketing-0-8-0-85-220.png/100x100bb.png,2026-06-30,gb,toppaid,6014,游戏
10,6758328352,Scritchy Scratchy,Funday Games ApS,https://apps.apple.com/gb/app/scritchy-scratchy/id6758328352?uo=2,https://is1-ssl.mzstatic.com/image/thumb/Purple211/v4/58/06/c2/5806c2e0-3d8d-760f-e40d-b7b0b8d3e691/AppIcon-0-0-1x_U007emarketing-0-8-0-85-220.png/100x100bb.png,2026-06-30,gb,toppaid,6014,游戏
11,1406710800,Stardew Valley,ConcernedApe,https://apps.apple.com/gb/app/stardew-valley/id1406710800?uo=2,https://is1-ssl.mzstatic.com/image/thumb/Purple211/v4/0e/df/12/0edf1230-3f6e-fbb3-7f72-f2aa844d100a/AppIcons-0-0-1x_U007emarketing-0-8-0-85-220.png/100x100bb.png,2026-06-30,gb,toppaid,6014,游戏
12,1631859420,After Inc.,Ndemic Creations,https://apps.apple.com/gb/app/after-inc/id1631859420?uo=2,https://is1-ssl.mzstatic.com/image/thumb/Purple221/v4/67/77/b5/6777b52c-61c3-40c4-27c9-73cffb0a4ecd/AppIcon-0-0-1x_U007emarketing-0-8-0-85-220.png/100x100bb.png,2026-06-30,gb,toppaid,6014,游戏
13,6499549945,Football Chairman Pro 2,Underground Creative,https://apps.apple.com/gb/app/football-chairman-pro-2/id6499549945?uo=2,https://is1-ssl.mzstatic.com/image/thumb/Purple221/v4/76/09/7c/76097cd2-e97e-f653-fb98-ae1d0bb5aac4/AppIcon-0-0-1x_U007emarketing-0-11-0-0-85-220.png/100x100bb.png,2026-06-30,gb,toppaid,6014,游戏
14,6748056918,Farming Simulator 26 Mobile,GIANTS Software GmbH,https://apps.apple.com/gb/app/farming-simulator-26-mobile/id6748056918?uo=2,https://is1-ssl.mzstatic.com/image/thumb/Purple221/v4/34/9b/55/349b557c-8493-3a66-ddca-27b359b08b37/AppIcon-0-0-1x_U007emarketing-0-11-0-85-220.png/100x100bb.png,2026-06-30,gb,toppaid,6014,游戏
15,1093131935,Incredibox,So Far So Good,https://apps.apple.com/gb/app/incredibox/id1093131935?uo=2,https://is1-ssl.mzstatic.com/image/thumb/Purple211/v4/d0/2b/6c/d02b6c61-94fe-4863-56ae-a2a522061147/AppIcon-0-0-1x_U007epad-0-1-85-220.png/100x100bb.png,2026-06-30,gb,toppaid,6014,游戏
16,824305459,Papa's Freezeria To Go!,Flipline Studios,https://apps.apple.com/gb/app/papas-freezeria-to-go/id824305459?uo=2,https://is1-ssl.mzstatic.com/image/thumb/Purple124/v4/44/d1/bb/44d1bb03-8871-ff83-c212-5c55b0f335a6/AppIcon-1x_U007emarketing-0-0-GLES2_U002c0-512MB-sRGB-0-0-0-85-220-0-0-0-6.png/100x100bb.png,2026-06-30,gb,toppaid,6014,游戏
17,6760708552,The Completionist: 1990 – 1999,Frosty Pop,https://apps.apple.com/gb/app/the-completionist-1990-1999/id6760708552?uo=2,https://is1-ssl.mzstatic.com/image/thumb/Purple211/v4/c6/36/78/c636785e-ac04-cd25-e197-c2a9e2c2c4c6/AppIcon-0-0-1x_U007epad-0-1-85-220.png/100x100bb.png,2026-06-30,gb,toppaid,6014,游戏
18,763692274,Grand Theft Auto: San Andreas,Rockstar Games,https://apps.apple.com/gb/app/grand-theft-auto-san-andreas/id763692274?uo=2,https://is1-ssl.mzstatic.com/image/thumb/Purple221/v4/c0/02/f2/c002f295-cf73-0278-8e73-d8d1f9e7a9af/AppIcon-0-0-1x_U007emarketing-0-7-0-85-220.png/100x100bb.png,2026-06-30,gb,toppaid,6014,游戏
19,891194610,Earn to Die 2,Not Doppler,https://apps.apple.com/gb/app/earn-to-die-2/id891194610?uo=2,https://is1-ssl.mzstatic.com/image/thumb/Purple221/v4/fe/cc/ab/feccab35-76b9-2ffa-7a6a-40ea9af24707/AppIcon-1x_U007emarketing-0-7-0-85-220-0.png/100x100bb.png,2026-06-30,gb,toppaid,6014,游戏
20,575154654,Pou,Zakeh Limited,https://apps.apple.com/gb/app/pou/id575154654?uo=2,https://is1-ssl.mzstatic.com/image/thumb/Purple221/v4/ae/b9/81/aeb981e4-c84e-0536-bd0b-4b5370d6f12c/AppIcon-0-0-1x_U007emarketing-0-5-0-85-220.png/100x100bb.png,2026-06-30,gb,toppaid,6014,游戏
21,1622869542,Kingdom Rush 5: Alliance TD,Ironhide S.A.,https://apps.apple.com/gb/app/kingdom-rush-5-alliance-td/id1622869542?uo=2,https://is1-ssl.mzstatic.com/image/thumb/Purple221/v4/37/b7/0d/37b70dd2-119e-0983-504e-35b13eef8564/AppIcon-0-0-1x_U007emarketing-0-8-0-85-220.png/100x100bb.png,2026-06-30,gb,toppaid,6014,游戏
22,321369231,WORMS,Team17 Digital Limited,https://apps.apple.com/gb/app/worms/id321369231?uo=2,https://is1-ssl.mzstatic.com/image/thumb/Purple71/v4/f9/dd/fc/f9ddfc63-d2b4-9f2d-fc38-1c351f68ed9d/mzl.aghsarun.png/100x100bb.png,2026-06-30,gb,toppaid,6014,游戏
23,640364616,Terraria,"505 Games (US), Inc.",https://apps.apple.com/gb/app/terraria/id640364616?uo=2,https://is1-ssl.mzstatic.com/image/thumb/Purple221/v4/12/1b/e8/121be88a-adf0-6fb1-60bc-19cc9c156a11/AppIcon-1x_U007emarketing-0-8-0-85-220-0.png/100x100bb.png,2026-06-30,gb,toppaid,6014,游戏
24,563718995,Bloons TD 5,Ninja Kiwi,https://apps.apple.com/gb/app/bloons-td-5/id563718995?uo=2,https://is1-ssl.mzstatic.com/image/thumb/Purple211/v4/11/30/a5/1130a5bc-ae59-1c34-1e91-e16146586ff3/AppIcon-0-0-1x_U007emarketing-0-4-85-220.png/100x100bb.png,2026-06-30,gb,toppaid,6014,游戏
25,1491530147,Slay the Spire,Balor Games,https://apps.apple.com/gb/app/slay-the-spire/id1491530147?uo=2,https://is1-ssl.mzstatic.com/image/thumb/Purple221/v4/91/0c/92/910c920a-0ab6-1939-e297-083995b640c7/AppIcon-1x_U007emarketing-0-11-0-0-85-220-0.png/100x100bb.png,2026-06-30,gb,toppaid,6014,游戏
26,6758961635,chronalife,Andrew Wade,https://apps.apple.com/gb/app/chronalife/id6758961635?uo=2,https://is1-ssl.mzstatic.com/image/thumb/Purple211/v4/14/68/42/14684241-20f2-67fb-b5e9-00c1c3219f1b/AppIcon-0-0-1x_U007ephone-0-1-85-220.png/100x100bb.png,2026-06-30,gb,toppaid,6014,游戏
27,935216956,"Papers, Please",3909,https://apps.apple.com/gb/app/papers-please/id935216956?uo=2,https://is1-ssl.mzstatic.com/image/thumb/Purple126/v4/97/3f/c1/973fc1ac-d8d0-028d-055d-db313fe3bd86/AppIcon-0-0-1x_U007emarketing-0-0-0-7-0-0-sRGB-0-0-0-GLES2_U002c0-512MB-85-220-0-0.png/100x100bb.png,2026-06-30,gb,toppaid,6014,游戏
28,1298425485,Tenable,Barnstorm Games,https://apps.apple.com/gb/app/tenable/id1298425485?uo=2,https://is1-ssl.mzstatic.com/image/thumb/Purple125/v4/85/57/38/855738d0-530f-411f-dd4f-a517a29e8132/AppIcon-0-0-1x_U007emarketing-0-0-0-10-0-0-sRGB-0-0-0-GLES2_U002c0-512MB-85-220-0-0.png/100x100bb.png,2026-06-30,gb,toppaid,6014,游戏
29,6754894237,CloverPit,Future Friends Games,https://apps.apple.com/gb/app/cloverpit/id6754894237?uo=2,https://is1-ssl.mzstatic.com/image/thumb/Purple221/v4/3d/83/4f/3d834fff-7e41-dbe7-06ff-e91fd0422963/AppIcon-0-0-1x_U007emarketing-0-8-0-85-220.png/100x100bb.png,2026-06-30,gb,toppaid,6014,游戏
30,912536422,Five Nights at Freddy's,CLICKTEAM LLC USA,https://apps.apple.com/gb/app/five-nights-at-freddys/id912536422?uo=2,https://is1-ssl.mzstatic.com/image/thumb/Purple211/v4/9b/77/03/9b77034f-5ade-ddf5-9c2d-48fd8a546c62/AppIcon-1x_U007epad-0-85-220-0.png/100x100bb.png,2026-06-30,gb,toppaid,6014,游戏
31,6746944662,Voidloop,Jasper Levin,https://apps.apple.com/gb/app/voidloop/id6746944662?uo=2,https://is1-ssl.mzstatic.com/image/thumb/Purple221/v4/e2/33/05/e23305c4-d44f-91a6-688f-bc268cc099be/AppIcon-1x_U007emarketing-0-8-0-85-220-0.png/100x100bb.png,2026-06-30,gb,toppaid,6014,游戏
32,376374689,Doodle God™,JoyBits Ltd.,https://apps.apple.com/gb/app/doodle-god/id376374689?uo=2,https://is1-ssl.mzstatic.com/image/thumb/Purple126/v4/3a/62/75/3a627585-35d6-8595-93eb-3484a0e33b75/AppIcon-0-0-1x_U007emarketing-0-0-0-9-0-0-sRGB-0-0-0-GLES2_U002c0-512MB-85-220-0-0.png/100x100bb.png,2026-06-30,gb,toppaid,6014,游戏
33,835895351,Tipping Point,Barnstorm Games,https://apps.apple.com/gb/app/tipping-point/id835895351?uo=2,https://is1-ssl.mzstatic.com/image/thumb/Purple5/v4/b3/f3/52/b3f3527e-0a02-d227-1ee1-eda33bbf5527/mzl.snacwwje.png/100x100bb.png,2026-06-30,gb,toppaid,6014,游戏
34,1479608271,Arcadia - Watch Games,Raffaele D'Amato,https://apps.apple.com/gb/app/arcadia-watch-games/id1479608271?uo=2,https://is1-ssl.mzstatic.com/image/thumb/Purple221/v4/f1/f6/1d/f1f61dea-654f-31ab-2e94-ebbb5ca95000/AppIcon-0-0-1x_U007epad-0-1-0-85-220.png/100x100bb.png,2026-06-30,gb,toppaid,6014,游戏
35,578448682,Grand Theft Auto: Vice City,Rockstar Games,https://apps.apple.com/gb/app/grand-theft-auto-vice-city/id578448682?uo=2,https://is1-ssl.mzstatic.com/image/thumb/Purple113/v4/57/01/fd/5701fd72-a6a2-35db-0710-30a0fb014cc6/AppIcon-0-1x_U007emarketing-85-220-4.png/100x100bb.png,2026-06-30,gb,toppaid,6014,游戏
36,6738784092,A Little to the Left: Drawers,Secret Mode,https://apps.apple.com/gb/app/a-little-to-the-left-drawers/id6738784092?uo=2,https://is1-ssl.mzstatic.com/image/thumb/Purple221/v4/ca/15/1f/ca151fa8-6f3c-0191-7f7d-88be9097fc21/AppIcon-0-0-1x_U007emarketing-0-8-0-85-220.png/100x100bb.png,2026-06-30,gb,toppaid,6014,游戏
37,1040137269,Countdown - The Official TV Show App,Barnstorm Games,https://apps.apple.com/gb/app/countdown-the-official-tv-show-app/id1040137269?uo=2,https://is1-ssl.mzstatic.com/image/thumb/Purple49/v4/2e/aa/f8/2eaaf864-a479-8a6f-d560-1c66dfa47f6c/mzl.cnqtxvfb.png/100x100bb.png,2026-06-30,gb,toppaid,6014,游戏
38,837860959,Mini Metro,Dinosaur Polo Club,https://apps.apple.com/gb/app/mini-metro/id837860959?uo=2,https://is1-ssl.mzstatic.com/image/thumb/Purple211/v4/7a/ed/56/7aed5613-8242-de14-d125-fffdaebe8c7c/AppIcon-1x_U007emarketing-0-8-0-85-220-0.png/100x100bb.png,2026-06-30,gb,toppaid,6014,游戏
39,6741892043,Road to Empress,Sixjoy Hong Kong Limited,https://apps.apple.com/gb/app/road-to-empress/id6741892043?uo=2,https://is1-ssl.mzstatic.com/image/thumb/Purple221/v4/57/cd/33/57cd33d8-623d-1c55-e99c-d95a742b3343/AppIcon-1x_U007emarketing-0-8-0-85-220-0.png/100x100bb.png,2026-06-30,gb,toppaid,6014,游戏
40,992140496,Football Chairman Pro,Underground Creative,https://apps.apple.com/gb/app/football-chairman-pro/id992140496?uo=2,https://is1-ssl.mzstatic.com/image/thumb/Purple211/v4/cc/8b/1c/cc8b1ceb-4d1c-917e-8464-4deb26fcb589/AppIcon-0-0-1x_U007emarketing-0-11-0-0-85-220.png/100x100bb.png,2026-06-30,gb,toppaid,6014,游戏
41,1248033433,Kingdom Rush Vengeance TD,Ironhide S.A.,https://apps.apple.com/gb/app/kingdom-rush-vengeance-td/id1248033433?uo=2,https://is1-ssl.mzstatic.com/image/thumb/Purple211/v4/fa/31/be/fa31be34-f67f-2709-d6e4-4f09f8cc757f/AppIcon-0-0-1x_U007emarketing-0-8-0-85-220.png/100x100bb.png,2026-06-30,gb,toppaid,6014,游戏
42,925494667,Papa's Pizzeria To Go!,Flipline Studios,https://apps.apple.com/gb/app/papas-pizzeria-to-go/id925494667?uo=2,https://is1-ssl.mzstatic.com/image/thumb/Purple114/v4/7b/d3/eb/7bd3ebd3-8c21-1e3a-88d1-15508dccb767/AppIcon-1x_U007emarketing-0-0-GLES2_U002c0-512MB-sRGB-0-0-0-85-220-0-0-0-6.png/100x100bb.png,2026-06-30,gb,toppaid,6014,游戏
43,449735650,Where's My Water?,Disney,https://apps.apple.com/gb/app/wheres-my-water/id449735650?uo=2,https://is1-ssl.mzstatic.com/image/thumb/Purple126/v4/3b/61/31/3b61311b-af40-6af9-83c6-c8eb7ca4ad93/AppIcon-0-0-1x_U007emarketing-0-0-0-9-0-0-sRGB-0-0-0-GLES2_U002c0-512MB-85-220-0-0.png/100x100bb.png,2026-06-30,gb,toppaid,6014,游戏
44,554937499,Earn to Die,Not Doppler,https://apps.apple.com/gb/app/earn-to-die/id554937499?uo=2,https://is1-ssl.mzstatic.com/image/thumb/Purple128/v4/0f/b3/b0/0fb3b02a-8b71-2854-e478-04b9c5ec66ff/mzl.sdmrqvyg.png/100x100bb.png,2026-06-30,gb,toppaid,6014,游戏
45,1444761746,RFS - Real Flight Simulator,RORTOS SRL,https://apps.apple.com/gb/app/rfs-real-flight-simulator/id1444761746?uo=2,https://is1-ssl.mzstatic.com/image/thumb/Purple211/v4/f7/84/61/f7846127-451e-aaa2-f400-a39dee2024c0/AppIcon-1x_U007emarketing-0-8-0-85-220-0.png/100x100bb.png,2026-06-30,gb,toppaid,6014,游戏
46,941143328,Five Nights at Freddy's 2,CLICKTEAM LLC USA,https://apps.apple.com/gb/app/five-nights-at-freddys-2/id941143328?uo=2,https://is1-ssl.mzstatic.com/image/thumb/Purple126/v4/74/30/b1/7430b134-0ebe-53ef-88b9-53cfc8d3acce/AppIcon-0-0-1x_U007epad-0-0-0-0-0-0-sRGB-0-0-0-GLES2_U002c0-512MB-85-220-0-0.png/100x100bb.png,2026-06-30,gb,toppaid,6014,游戏
47,600626116,Papa's Burgeria To Go!,Flipline Studios,https://apps.apple.com/gb/app/papas-burgeria-to-go/id600626116?uo=2,https://is1-ssl.mzstatic.com/image/thumb/Purple114/v4/74/6f/8c/746f8c3d-f8d0-ce82-ba77-47bac118aa39/AppIcon-1x_U007emarketing-0-0-GLES2_U002c0-512MB-sRGB-0-0-0-85-220-0-0-0-6.png/100x100bb.png,2026-06-30,gb,toppaid,6014,游戏
48,598581396,Kingdom Rush Frontiers TD,Ironhide S.A.,https://apps.apple.com/gb/app/kingdom-rush-frontiers-td/id598581396?uo=2,https://is1-ssl.mzstatic.com/image/thumb/Purple211/v4/91/38/e8/9138e824-612f-bc7f-0ab7-08721351c929/AppIcon-0-0-1x_U007emarketing-0-6-0-85-220.png/100x100bb.png,2026-06-30,gb,toppaid,6014,游戏
49,6757862366,Kitty Powers' Matchmaker Mkvr,Magic Notion,https://apps.apple.com/gb/app/kitty-powers-matchmaker-mkvr/id6757862366?uo=2,https://is1-ssl.mzstatic.com/image/thumb/Purple211/v4/fc/b9/bc/fcb9bc6a-5535-9516-1f22-c1579967e541/AppIcon-0-0-1x_U007emarketing-0-8-0-85-220.png/100x100bb.png,2026-06-30,gb,toppaid,6014,游戏
50,6747752407,Gambonanza,Stray Fawn Studio,https://apps.apple.com/gb/app/gambonanza/id6747752407?uo=2,https://is1-ssl.mzstatic.com/image/thumb/Purple221/v4/a0/48/dd/a048dda3-5e2d-a94a-55fd-73ac4ae9fa1f/AppIcon-0-0-1x_U007emarketing-0-8-0-85-220.png/100x100bb.png,2026-06-30,gb,toppaid,6014,游戏
1,623592465,Heads Up!,Warner Bros.,https://apps.apple.com/gb/app/heads-up/id623592465?uo=2,https://is1-ssl.mzstatic.com/image/thumb/Purple211/v4/a3/27/33/a32733ef-8c13-9c09-4a43-085476244d57/AppIcon-0-0-1x_U007emarketing-0-8-0-85-220.png/100x100bb.png,2026-06-30,gb,toppaid,7019,文字
2,1040137269,Countdown - The Official TV Show App,Barnstorm Games,https://apps.apple.com/gb/app/countdown-the-official-tv-show-app/id1040137269?uo=2,https://is1-ssl.mzstatic.com/image/thumb/Purple49/v4/2e/aa/f8/2eaaf864-a479-8a6f-d560-1c66dfa47f6c/mzl.cnqtxvfb.png/100x100bb.png,2026-06-30,gb,toppaid,7019,文字
3,1563932741,Taboo,Marmalade Game Studio,https://apps.apple.com/gb/app/taboo/id1563932741?uo=2,https://is1-ssl.mzstatic.com/image/thumb/Purple211/v4/c3/20/49/c320498f-07ad-e040-6a96-7dd1abe5b04b/AppIcon-0-0-1x_U007emarketing-0-8-0-85-220.png/100x100bb.png,2026-06-30,gb,toppaid,7019,文字
4,444844790,Scribblenauts Remix,Warner Bros.,https://apps.apple.com/gb/app/scribblenauts-remix/id444844790?uo=2,https://is1-ssl.mzstatic.com/image/thumb/Purple115/v4/3c/75/a7/3c75a7da-fdd3-3d8a-a2bc-121c47a1302f/mzl.oyovosxr.png/100x100bb.png,2026-06-30,gb,toppaid,7019,文字
5,1349292121,supertype,Philipp Stollenmayer,https://apps.apple.com/gb/app/supertype/id1349292121?uo=2,https://is1-ssl.mzstatic.com/image/thumb/Purple221/v4/49/98/0e/49980e24-3627-b7bd-8615-60e7786a641b/AppIcon-1x_U007emarketing-0-7-85-220-0.png/100x100bb.png,2026-06-30,gb,toppaid,7019,文字
6,952658953,Her Story,Sam Barlow,https://apps.apple.com/gb/app/her-story/id952658953?uo=2,https://is1-ssl.mzstatic.com/image/thumb/Purple1/v4/f9/50/21/f950219d-90d5-a804-077c-459d6284ffbe/mzl.ngujptgp.png/100x100bb.png,2026-06-30,gb,toppaid,7019,文字
7,6757950840,Scriver: A Word Game,Justin Nguyen,https://apps.apple.com/gb/app/scriver-a-word-game/id6757950840?uo=2,https://is1-ssl.mzstatic.com/image/thumb/Purple211/v4/06/6c/7a/066c7ab5-b1fb-6d53-d24f-88ab1c4f4dce/AppIcon-0-0-1x_U007emarketing-0-8-0-85-220.png/100x100bb.png,2026-06-30,gb,toppaid,7019,文字
8,333262544,Whirly Word,Mighty Mighty Good Games,https://apps.apple.com/gb/app/whirly-word/id333262544?uo=2,https://is1-ssl.mzstatic.com/image/thumb/Purple115/v4/1b/e8/8b/1be88bb3-108e-207d-eb11-dad7ee1ac1c6/AppIcon-0-0-1x_U007emarketing-0-0-0-6-0-0-sRGB-0-0-0-GLES2_U002c0-512MB-85-220-0-0.jpeg/100x100bb.png,2026-06-30,gb,toppaid,7019,文字
9,6737422986,Letterlike,Ronald Lee,https://apps.apple.com/gb/app/letterlike/id6737422986?uo=2,https://is1-ssl.mzstatic.com/image/thumb/Purple221/v4/d8/4e/e9/d84ee9d8-c214-369e-cc51-95075296ef4d/AppIcon-0-0-1x_U007ephone-0-1-85-220.png/100x100bb.png,2026-06-30,gb,toppaid,7019,文字
10,6455940842,Worlds of Words,Ignas Velza,https://apps.apple.com/gb/app/worlds-of-words/id6455940842?uo=2,https://is1-ssl.mzstatic.com/image/thumb/Purple211/v4/03/c9/6f/03c96fc3-accb-bafa-8666-c03a1d2b0abe/AppIcon-0-0-1x_U007emarketing-0-6-0-85-220.png/100x100bb.png,2026-06-30,gb,toppaid,7019,文字
11,6767872773,Ross Wilkinson,ROSS WILKINSON,https://apps.apple.com/gb/app/ross-wilkinson/id6767872773?uo=2,https://is1-ssl.mzstatic.com/image/thumb/Purple221/v4/57/59/e5/5759e5af-623f-8218-a1e2-cb9087e47a77/AppIcon-0-0-1x_U007ephone-0-1-85-220.png/100x100bb.png,2026-06-30,gb,toppaid,7019,文字
12,459318432,The Wiki Game!,"Hey Good Game, Inc.",https://apps.apple.com/gb/app/the-wiki-game/id459318432?uo=2,https://is1-ssl.mzstatic.com/image/thumb/Purple221/v4/03/53/c8/0353c8f8-7b3d-987a-0ffc-23ecf1b22c39/AppIcon-0-0-1x_U007emarketing-0-6-0-85-220.png/100x100bb.png,2026-06-30,gb,toppaid,7019,文字
13,937976391,Heads Up! Charades for Kids,Warner Bros.,https://apps.apple.com/gb/app/heads-up-charades-for-kids/id937976391?uo=2,https://is1-ssl.mzstatic.com/image/thumb/Purple125/v4/98/04/84/9804842b-9773-85b5-1fda-8c801e03f16b/AppIconBETA-1x_U007emarketing-0-5-0-85-220.png/100x100bb.png,2026-06-30,gb,toppaid,7019,文字
14,315322445,Lexulous Word Game,RJS Tech Solutions LLP,https://apps.apple.com/gb/app/lexulous-word-game/id315322445?uo=2,https://is1-ssl.mzstatic.com/image/thumb/Purple211/v4/fb/cc/e5/fbcce51d-d16b-235a-a080-b33681393009/AppIcon-0-0-1x_U007emarketing-0-8-0-0-85-220.png/100x100bb.png,2026-06-30,gb,toppaid,7019,文字
15,6755334673,Shorthanded Gregg,David Clark,https://apps.apple.com/gb/app/shorthanded-gregg/id6755334673?uo=2,https://is1-ssl.mzstatic.com/image/thumb/Purple211/v4/0e/d3/dd/0ed3dd3a-d47a-91b1-d925-16ce7686330c/AppIcon-0-0-1x_U007emarketing-0-8-0-85-220.png/100x100bb.png,2026-06-30,gb,toppaid,7019,文字
16,547805285,Phrase Frenzy - Catch It!,"Brain Rice Games, LLC",https://apps.apple.com/gb/app/phrase-frenzy-catch-it/id547805285?uo=2,https://is1-ssl.mzstatic.com/image/thumb/Purple221/v4/25/23/0b/25230b4f-bbb8-c7cd-154a-30c4d1e67bf8/AppIcon-0-0-1x_U007epad-0-1-0-85-220.png/100x100bb.png,2026-06-30,gb,toppaid,7019,文字
17,1663881066,Word Jumble,John Sturt,https://apps.apple.com/gb/app/word-jumble/id1663881066?uo=2,https://is1-ssl.mzstatic.com/image/thumb/Purple126/v4/9b/1a/61/9b1a61be-2ad1-e754-a280-d875904528b2/AppIcon-1x_U007emarketing-0-10-0-85-220.png/100x100bb.png,2026-06-30,gb,toppaid,7019,文字
18,288688365,Word Search Unlimited,元 李,https://apps.apple.com/gb/app/word-search-unlimited/id288688365?uo=2,https://is1-ssl.mzstatic.com/image/thumb/Purple118/v4/9a/28/83/9a2883e1-438b-98f2-69d4-e690daeaa593/AppIcon-1x_U007emarketing-85-220-0-3.png/100x100bb.png,2026-06-30,gb,toppaid,7019,文字
19,327456838,Hangman Pro,Optime Software LLC,https://apps.apple.com/gb/app/hangman-pro/id327456838?uo=2,https://is1-ssl.mzstatic.com/image/thumb/Purple122/v4/e5/11/df/e511dfca-0c72-0315-6454-7e11dcb72a0c/mzl.gxxnnhsl.png/100x100bb.png,2026-06-30,gb,toppaid,7019,文字
20,301295390,WordJong,Gameblend Studios,https://apps.apple.com/gb/app/wordjong/id301295390?uo=2,https://is1-ssl.mzstatic.com/image/thumb/Purple118/v4/19/b1/07/19b10724-a43d-565c-dc76-ab1dfd3dc4d8/mzl.zjrxfgpl.png/100x100bb.png,2026-06-30,gb,toppaid,7019,文字
21,294536447,First Words Animals,Learning Touch LLC,https://apps.apple.com/gb/app/first-words-animals/id294536447?uo=2,https://is1-ssl.mzstatic.com/image/thumb/Purple126/v4/26/48/28/2648282a-f93b-4152-f607-fbfb02e6f7b2/AppIcon-0-0-1x_U007emarketing-0-0-0-5-0-0-sRGB-0-0-0-GLES2_U002c0-512MB-85-220-0-0.png/100x100bb.png,2026-06-30,gb,toppaid,7019,文字
22,962566898,Evil Minds: Dirty Charades!,Super Massive Ventures Inc.,https://apps.apple.com/gb/app/evil-minds-dirty-charades/id962566898?uo=2,https://is1-ssl.mzstatic.com/image/thumb/Purple116/v4/14/0c/92/140c92d4-7786-a71f-0965-61937eccc86d/AppIcon-0-0-1x_U007emarketing-0-0-0-7-0-0-sRGB-0-0-0-GLES2_U002c0-512MB-85-220-0-0.png/100x100bb.png,2026-06-30,gb,toppaid,7019,文字
23,284036524,Crosswords Classic,"Stand Alone, Inc.",https://apps.apple.com/gb/app/crosswords-classic/id284036524?uo=2,https://is1-ssl.mzstatic.com/image/thumb/Purple221/v4/1c/da/a9/1cdaa995-b1ea-c07d-1541-9bbb8abc0e57/AppIcon-0-0-1x_U007emarketing-0-7-85-220.png/100x100bb.png,2026-06-30,gb,toppaid,7019,文字
24,1135172555,CHARADES: Guess word on heads,Alisa Potapova,https://apps.apple.com/gb/app/charades-guess-word-on-heads/id1135172555?uo=2,https://is1-ssl.mzstatic.com/image/thumb/Purple211/v4/6c/a5/24/6ca524a0-dec1-8f88-c0f0-354b19ae931c/AppIcon-0-0-1x_U007epad-0-1-0-0-85-220.png/100x100bb.png,2026-06-30,gb,toppaid,7019,文字
25,550946484,Word Chums,"PeopleFun, Inc.",https://apps.apple.com/gb/app/word-chums/id550946484?uo=2,https://is1-ssl.mzstatic.com/image/thumb/Purple211/v4/ee/8f/7e/ee8f7e7a-5294-632a-0d52-4dd3af2ff986/AppIcon-1x_U007emarketing-0-9-0-85-220-0.png/100x100bb.png,2026-06-30,gb,toppaid,7019,文字
26,303732806,M.A.S.H.,teatime media,https://apps.apple.com/gb/app/m-a-s-h/id303732806?uo=2,https://is1-ssl.mzstatic.com/image/thumb/Purple118/v4/d9/39/76/d93976ce-d93b-66b3-4045-d023d74458d1/AppIcon-1x_U007emarketing-85-220-0-6.jpeg/100x100bb.png,2026-06-30,gb,toppaid,7019,文字
27,406150030,Word Lookup Pro,Peter Hunt,https://apps.apple.com/gb/app/word-lookup-pro/id406150030?uo=2,https://is1-ssl.mzstatic.com/image/thumb/Purple211/v4/19/db/17/19db170a-8295-3a7f-269c-180c095a249d/Pro-0-0-1x_U007epad-0-1-sRGB-85-220.png/100x100bb.png,2026-06-30,gb,toppaid,7019,文字
28,310316214,MASH Touch,Albert Tam,https://apps.apple.com/gb/app/mash-touch/id310316214?uo=2,https://is1-ssl.mzstatic.com/image/thumb/Purple221/v4/67/54/ec/6754ec25-15e0-6164-af29-9a67b3dd3f52/AppIcon-0-1x_U007epad-0-0-85-220-0.png/100x100bb.png,2026-06-30,gb,toppaid,7019,文字
29,404366437,WordStorm,Sean O'Connor,https://apps.apple.com/gb/app/wordstorm/id404366437?uo=2,https://is1-ssl.mzstatic.com/image/thumb/Purple122/v4/b8/7e/da/b87edab2-26be-f116-705b-eff2c728cfee/AppIcon-0-0-1x_U007emarketing-0-0-0-10-0-0-sRGB-0-0-0-GLES2_U002c0-512MB-85-220-0-0.png/100x100bb.png,2026-06-30,gb,toppaid,7019,文字
30,672002602,Blackbar,Mrgan LLC,https://apps.apple.com/gb/app/blackbar/id672002602?uo=2,https://is1-ssl.mzstatic.com/image/thumb/Purple122/v4/63/e0/3e/63e03ead-abd2-09ae-0958-c9dfdd93887d/AppIcon-1x_U007emarketing-0-6-0-85-220.png/100x100bb.png,2026-06-30,gb,toppaid,7019,文字
31,301027036,Word Search Kids,AFKSoft,https://apps.apple.com/gb/app/word-search-kids/id301027036?uo=2,https://is1-ssl.mzstatic.com/image/thumb/Purple62/v4/68/69/45/68694554-a22d-4556-a2af-4e6ef77467b5/mzl.biguolkw.jpg/100x100bb.png,2026-06-30,gb,toppaid,7019,文字
32,460744832,Word Finder - wordhelper.org,Richard Loxley Ltd,https://apps.apple.com/gb/app/word-finder-wordhelper-org/id460744832?uo=2,https://is1-ssl.mzstatic.com/image/thumb/Purple114/v4/51/51/56/5151561f-1a2d-8179-e781-a8e289072f18/AppIcon-0-0-1x_U007emarketing-0-0-0-4-0-0-sRGB-0-0-0-GLES2_U002c0-512MB-85-220-0-0.png/100x100bb.png,2026-06-30,gb,toppaid,7019,文字
33,345386004,Moxie 2,"Daisy Wheels, Inc.",https://apps.apple.com/gb/app/moxie-2/id345386004?uo=2,https://is1-ssl.mzstatic.com/image/thumb/Purple114/v4/7d/df/85/7ddf856e-79d3-fe1a-66b3-b7d1f60671ab/AppIcon-0-0-1x_U007emarketing-0-0-0-7-0-85-220.png/100x100bb.png,2026-06-30,gb,toppaid,7019,文字
34,980016643,Word Master - Pro,Luis Gualandi,https://apps.apple.com/gb/app/word-master-pro/id980016643?uo=2,https://is1-ssl.mzstatic.com/image/thumb/Purple221/v4/45/23/ee/4523ee0d-f6b0-63c6-babd-cfd76f423742/AppIcon-0-0-1x_U007emarketing-0-5-85-220.png/100x100bb.png,2026-06-30,gb,toppaid,7019,文字
35,343077741,Befuddled,Thomas Ricket,https://apps.apple.com/gb/app/befuddled/id343077741?uo=2,https://is1-ssl.mzstatic.com/image/thumb/Purple126/v4/a2/3f/e2/a23fe241-ffc3-38e0-5565-b2311b0e9cc7/AppIcon-0-0-1x_U007epad-0-0-0-5-0-0-sRGB-0-0-0-GLES2_U002c0-512MB-85-220-0-0.png/100x100bb.png,2026-06-30,gb,toppaid,7019,文字
36,504739597,Word Mess,Masala Games,https://apps.apple.com/gb/app/word-mess/id504739597?uo=2,https://is1-ssl.mzstatic.com/image/thumb/Purple122/v4/e2/6a/c8/e26ac815-5d60-cd4b-ec84-412882e28c46/mzl.nxldjpwk.png/100x100bb.png,2026-06-30,gb,toppaid,7019,文字
37,467327200,Amazing Match for kids,Jia Ningrui,https://apps.apple.com/gb/app/amazing-match-for-kids/id467327200?uo=2,https://is1-ssl.mzstatic.com/image/thumb/Purple125/v4/23/54/f9/2354f981-e76e-5095-0e1d-1aa324580802/AppIcon-1x_U007emarketing-0-7-0-85-220.png/100x100bb.png,2026-06-30,gb,toppaid,7019,文字
38,317452750,Word Shaker,AFKSoft,https://apps.apple.com/gb/app/word-shaker/id317452750?uo=2,https://is1-ssl.mzstatic.com/image/thumb/Purple71/v4/97/2b/1e/972b1e50-83c5-deee-b379-f995ea16d857/pr_source.png/100x100bb.png,2026-06-30,gb,toppaid,7019,文字
39,763991668,Regency Love,Tea For Three Studios,https://apps.apple.com/gb/app/regency-love/id763991668?uo=2,https://is1-ssl.mzstatic.com/image/thumb/Purple123/v4/eb/34/b8/eb34b815-6939-9eeb-d26b-bf64912dc0a1/AppIcon-0-1x_U007emarketing-0-85-220-9.png/100x100bb.png,2026-06-30,gb,toppaid,7019,文字
40,1117100543,Antitype,BorderLeap,https://apps.apple.com/gb/app/antitype/id1117100543?uo=2,https://is1-ssl.mzstatic.com/image/thumb/Purple116/v4/6a/5b/32/6a5b322c-71a3-047e-5897-dfad1154950e/AppIcon-0-0-1x_U007emarketing-0-7-85-220.png/100x100bb.png,2026-06-30,gb,toppaid,7019,文字
41,546236058,The Game Gal's Word Generator,Spark Genius,https://apps.apple.com/gb/app/the-game-gals-word-generator/id546236058?uo=2,https://is1-ssl.mzstatic.com/image/thumb/Purple116/v4/28/bf/0e/28bf0e80-54d4-c4a6-81f1-15bdf8fe73a4/AppIcon-0-0-1x_U007emarketing-0-0-0-7-0-0-sRGB-0-0-0-GLES2_U002c0-512MB-85-220-0-0.png/100x100bb.png,2026-06-30,gb,toppaid,7019,文字
42,1261458837,Telling Lies,Annapurna Interactive,https://apps.apple.com/gb/app/telling-lies/id1261458837?uo=2,https://is1-ssl.mzstatic.com/image/thumb/Purple113/v4/a0/56/ba/a056baac-d087-3d00-4bf0-59f9db53c7c2/AppIcon-0-1x_U007emarketing-0-0-GLES2_U002c0-512MB-sRGB-0-0-0-85-220-0-0-0-7.png/100x100bb.png,2026-06-30,gb,toppaid,7019,文字
43,380210791,Cryptogram,Norman Basham,https://apps.apple.com/gb/app/cryptogram/id380210791?uo=2,https://is1-ssl.mzstatic.com/image/thumb/Purple114/v4/6f/93/fb/6f93fb08-22bc-e7b4-c51a-9aad9372f3a0/AppIcon-0-0-1x_U007emarketing-0-0-0-7-0-0-sRGB-0-0-0-GLES2_U002c0-512MB-85-220-0-0.png/100x100bb.png,2026-06-30,gb,toppaid,7019,文字
44,715048833,King of Booze: Drinking Games,Boris Mikic,https://apps.apple.com/gb/app/king-of-booze-drinking-games/id715048833?uo=2,https://is1-ssl.mzstatic.com/image/thumb/Purple124/v4/df/5f/b8/df5fb8a7-bfc8-7851-9234-10b1adbae0a9/AppIcon-0-1x_U007emarketing-0-85-220-0-7.png/100x100bb.png,2026-06-30,gb,toppaid,7019,文字
45,488667779,First & Sight Words Games,JP Game LLC,https://apps.apple.com/gb/app/first-sight-words-games/id488667779?uo=2,https://is1-ssl.mzstatic.com/image/thumb/Purple115/v4/f5/6e/d8/f56ed891-85a0-4dc0-1e18-1445d7c21778/AppIcon-1x_U007emarketing-0-7-0-85-220.png/100x100bb.png,2026-06-30,gb,toppaid,7019,文字
46,1205201517,Subwords: Word Game & Trivia,Klemens Strasser,https://apps.apple.com/gb/app/subwords-word-game-trivia/id1205201517?uo=2,https://is1-ssl.mzstatic.com/image/thumb/Purple221/v4/d2/0f/31/d20f318c-2901-ecf4-4747-040812a62aa2/AppIcon-0-0-1x_U007emarketing-0-7-0-85-220.png/100x100bb.png,2026-06-30,gb,toppaid,7019,文字
47,1392948321,Photographs - Puzzle Stories,EightyEight Games LTD,https://apps.apple.com/gb/app/photographs-puzzle-stories/id1392948321?uo=2,https://is1-ssl.mzstatic.com/image/thumb/Purple123/v4/d7/3d/bb/d73dbb5a-4744-5bc9-5db2-a4a2d0389f89/AppIcon-0-1x_U007emarketing-0-85-220-0-7.png/100x100bb.png,2026-06-30,gb,toppaid,7019,文字
48,306628397,Phrase Party! Pro — catch it,logan sease,https://apps.apple.com/gb/app/phrase-party-pro-catch-it/id306628397?uo=2,https://is1-ssl.mzstatic.com/image/thumb/Purple221/v4/e3/a5/fd/e3a5fd4b-9455-c17d-2d95-3e7cd6cb7c98/AppIcon-Premium-0-0-1x_U007emarketing-0-8-0-85-220.png/100x100bb.png,2026-06-30,gb,toppaid,7019,文字
49,465112244,MovieCat 2 - The Movie Trivia Game Sequel!,OtherWise Games,https://apps.apple.com/gb/app/moviecat-2-the-movie-trivia-game-sequel/id465112244?uo=2,https://is1-ssl.mzstatic.com/image/thumb/Purple/v4/ce/c4/f3/cec4f3a9-61a0-3585-b927-8ebe1dbd5797/mzl.pawrquvv.png/100x100bb.png,2026-06-30,gb,toppaid,7019,文字
50,633759494,Codeword Unlimited +,Havos,https://apps.apple.com/gb/app/codeword-unlimited/id633759494?uo=2,https://is1-ssl.mzstatic.com/image/thumb/Purple116/v4/e8/32/87/e83287a1-456d-f09d-26ef-455ec322da11/AppIcon-0-0-1x_U007emarketing-0-4-85-220.png/100x100bb.png,2026-06-30,gb,toppaid,7019,文字
1,1482155847,Royal Match,Dream Games,https://apps.apple.com/gb/app/royal-match/id1482155847?uo=2,https://is1-ssl.mzstatic.com/image/thumb/Purple221/v4/50/3d/ab/503dabf4-c381-e224-5630-5b031703c08d/AppIcon-0-0-1x_U007emarketing-0-8-0-85-220.png/100x100bb.png,2026-06-30,gb,topgrossing,7012,解谜
2,553834731,Candy Crush Saga,King,https://apps.apple.com/gb/app/candy-crush-saga/id553834731?uo=2,https://is1-ssl.mzstatic.com/image/thumb/Purple211/v4/a1/c5/92/a1c59272-aace-ff82-0b16-ca93a87cb33c/AppIcon-0-0-1x_U007emarketing-0-8-0-85-220.png/100x100bb.png,2026-06-30,gb,topgrossing,7012,解谜
3,1623318294,Gossip Harbor®: Merge & Story,Microfun Limited,https://apps.apple.com/gb/app/gossip-harbor-merge-story/id1623318294?uo=2,https://is1-ssl.mzstatic.com/image/thumb/Purple221/v4/d5/d7/02/d5d702dd-af54-09a5-21d1-ed6db319d310/AppIcon-0-0-1x_U007emarketing-0-8-0-85-220.png/100x100bb.png,2026-06-30,gb,topgrossing,7012,解谜
4,1521236603,Travel Town - Merge Adventure,Moon Active,https://apps.apple.com/gb/app/travel-town-merge-adventure/id1521236603?uo=2,https://is1-ssl.mzstatic.com/image/thumb/Purple221/v4/47/97/29/479729c4-a2ef-3587-4346-a53c4e4fd4fb/AppIcon-0-0-1x_U007emarketing-0-8-0-85-220.png/100x100bb.png,2026-06-30,gb,topgrossing,7012,解谜
5,638689075,Township,Playrix,https://apps.apple.com/gb/app/township/id638689075?uo=2,https://is1-ssl.mzstatic.com/image/thumb/Purple211/v4/f3/d3/ab/f3d3abe7-ac2f-d4a3-1683-0873d183913e/AppIcon-0-0-1x_U007emarketing-0-11-0-85-220.png/100x100bb.png,2026-06-30,gb,topgrossing,7012,解谜
6,1606549505,Royal Kingdom,Dream Games,https://apps.apple.com/gb/app/royal-kingdom/id1606549505?uo=2,https://is1-ssl.mzstatic.com/image/thumb/Purple211/v4/5c/c4/75/5cc4753e-cd56-1020-daa7-a09f15857a63/AppIcon-0-0-1x_U007emarketing-0-8-0-85-220.png/100x100bb.png,2026-06-30,gb,topgrossing,7012,解谜
7,6471045672,Tasty Travels: Merge Game,Century Games Pte. Ltd.,https://apps.apple.com/gb/app/tasty-travels-merge-game/id6471045672?uo=2,https://is1-ssl.mzstatic.com/image/thumb/Purple221/v4/cc/cc/f2/ccccf200-20e5-c0fa-68fc-2ea32d90371c/AppIcon-0-0-1x_U007emarketing-0-8-0-85-220.png/100x100bb.png,2026-06-30,gb,topgrossing,7012,解谜
8,1105855019,Gardenscapes,Playrix,https://apps.apple.com/gb/app/gardenscapes/id1105855019?uo=2,https://is1-ssl.mzstatic.com/image/thumb/Purple211/v4/54/9f/3a/549f3a53-96e5-8dfa-8639-ca30bf676cee/AppIcon-0-0-1x_U007emarketing-0-8-0-85-220.png/100x100bb.png,2026-06-30,gb,topgrossing,7012,解谜
9,6752672568,Block Out! - Color Sort Puzzle,Grand Games A.Ş.,https://apps.apple.com/gb/app/block-out-color-sort-puzzle/id6752672568?uo=2,https://is1-ssl.mzstatic.com/image/thumb/Purple211/v4/42/22/df/4222df44-fbaa-9fe1-f732-d1aec055395c/AppIcon-0-0-1x_U007emarketing-0-8-0-85-220.png/100x100bb.png,2026-06-30,gb,topgrossing,7012,解谜
10,1176027022,Toon Blast,Peak Games,https://apps.apple.com/gb/app/toon-blast/id1176027022?uo=2,https://is1-ssl.mzstatic.com/image/thumb/Purple221/v4/7f/e6/49/7fe649cf-138a-a955-2cc7-562b57868077/AppIcon-0-0-1x_U007emarketing-0-8-0-85-220.png/100x100bb.png,2026-06-30,gb,topgrossing,7012,解谜
11,6751056652,Pixel Flow!,Loom Games Oyun Yazilim ve Pazarlama Anonim Sirketi,https://apps.apple.com/gb/app/pixel-flow/id6751056652?uo=2,https://is1-ssl.mzstatic.com/image/thumb/Purple221/v4/0a/a1/40/0aa140e6-9524-2453-a1f8-e75bbedc49c0/AppIcon-0-0-1x_U007emarketing-0-8-0-85-220.png/100x100bb.png,2026-06-30,gb,topgrossing,7012,解谜
12,1195621598,Homescapes: Match 3 Games,Playrix,https://apps.apple.com/gb/app/homescapes-match-3-games/id1195621598?uo=2,https://is1-ssl.mzstatic.com/image/thumb/Purple211/v4/c8/ee/2a/c8ee2a9b-49f3-69b8-ca00-e57a83d2ca64/AppIcon-0-0-1x_U007emarketing-0-11-0-85-220.png/100x100bb.png,2026-06-30,gb,topgrossing,7012,解谜
13,307569751,NYT Games: Wordle & Crossword,The New York Times Company,https://apps.apple.com/gb/app/nyt-games-wordle-crossword/id307569751?uo=2,https://is1-ssl.mzstatic.com/image/thumb/Purple221/v4/6f/c6/d8/6fc6d80b-80f1-e130-f877-ddf0de04652a/Release-0-0-1x_U007epad-0-1-0-sRGB-0-85-220.png/100x100bb.png,2026-06-30,gb,topgrossing,7012,解谜
14,6618142292,Flambé®: Merge and Cook,Microfun Limited,https://apps.apple.com/gb/app/flamb%C3%A9-merge-and-cook/id6618142292?uo=2,https://is1-ssl.mzstatic.com/image/thumb/Purple221/v4/82/50/d2/8250d24f-8042-b152-706f-caa35fcf24a8/AppIcon-0-0-1x_U007emarketing-0-8-0-85-220.png/100x100bb.png,2026-06-30,gb,topgrossing,7012,解谜
15,664575829,Fishdom,Playrix,https://apps.apple.com/gb/app/fishdom/id664575829?uo=2,https://is1-ssl.mzstatic.com/image/thumb/Purple211/v4/41/05/aa/4105aaef-9b9c-0ad8-61e0-ad889eccd998/AppIcon-0-0-1x_U007emarketing-0-7-0-85-220.png/100x100bb.png,2026-06-30,gb,topgrossing,7012,解谜
16,6449094229,Match Factory!,Peak Games,https://apps.apple.com/gb/app/match-factory/id6449094229?uo=2,https://is1-ssl.mzstatic.com/image/thumb/Purple221/v4/30/65/44/3065447b-4674-7285-954a-4f5db9728e60/AppIcon-0-0-1x_U007emarketing-0-8-0-85-220.png/100x100bb.png,2026-06-30,gb,topgrossing,7012,解谜
17,6443755785,Seaside Escape®: Merge & Story,Microfun Limited,https://apps.apple.com/gb/app/seaside-escape-merge-story/id6443755785?uo=2,https://is1-ssl.mzstatic.com/image/thumb/Purple211/v4/93/64/f8/9364f8fe-aca6-8b43-d78c-24cd33a2f92d/AppIcon-0-0-1x_U007emarketing-0-8-0-85-220.png/100x100bb.png,2026-06-30,gb,topgrossing,7012,解谜
18,6740043080,Screwdom,Zego Global Pte Ltd,https://apps.apple.com/gb/app/screwdom/id6740043080?uo=2,https://is1-ssl.mzstatic.com/image/thumb/Purple221/v4/a2/0f/e9/a20fe92f-96c7-013e-9f94-389245518263/AppIcon-0-0-1x_U007emarketing-0-8-0-85-220.png/100x100bb.png,2026-06-30,gb,topgrossing,7012,解谜
19,6503603603,Mystery Town: Merge Games,Cedar Games Studio,https://apps.apple.com/gb/app/mystery-town-merge-games/id6503603603?uo=2,https://is1-ssl.mzstatic.com/image/thumb/Purple221/v4/a7/9d/cc/a79dcc67-26e1-ec7e-a639-6e346d365eec/AppIcon-0-0-1x_U007emarketing-0-5-0-85-220.png/100x100bb.png,2026-06-30,gb,topgrossing,7012,解谜
20,1643509748,Merge Cooking®,Happibits,https://apps.apple.com/gb/app/merge-cooking/id1643509748?uo=2,https://is1-ssl.mzstatic.com/image/thumb/Purple211/v4/3c/a6/cf/3ca6cfa1-757b-2632-12a1-652d5a949517/AppIcon-0-0-1x_U007emarketing-0-8-0-85-220.png/100x100bb.png,2026-06-30,gb,topgrossing,7012,解谜
21,6755183085,Yarn Loop: Knit Puzzle,Combo Games,https://apps.apple.com/gb/app/yarn-loop-knit-puzzle/id6755183085?uo=2,https://is1-ssl.mzstatic.com/image/thumb/Purple211/v4/f0/0b/5d/f00b5df3-2e9a-ab21-64eb-de28c9776532/AppIcon-0-0-1x_U007emarketing-0-8-0-85-220.png/100x100bb.png,2026-06-30,gb,topgrossing,7012,解谜
22,850417475,Candy Crush Soda Saga,King,https://apps.apple.com/gb/app/candy-crush-soda-saga/id850417475?uo=2,https://is1-ssl.mzstatic.com/image/thumb/Purple211/v4/e9/fc/cd/e9fccd91-a460-201a-20de-6743da8db590/AppIcon-0-0-1x_U007epad-0-1-85-220.png/100x100bb.png,2026-06-30,gb,topgrossing,7012,解谜
23,6504332779,Color Block Jam,Rollic Games,https://apps.apple.com/gb/app/color-block-jam/id6504332779?uo=2,https://is1-ssl.mzstatic.com/image/thumb/Purple211/v4/8e/55/86/8e55860d-453a-1daa-04c3-4238a270aa2a/AppIcon-0-0-1x_U007emarketing-0-8-0-85-220.png/100x100bb.png,2026-06-30,gb,topgrossing,7012,解谜
24,6503284107,All in Hole: Black Hole Games,HOMA GAMES,https://apps.apple.com/gb/app/all-in-hole-black-hole-games/id6503284107?uo=2,https://is1-ssl.mzstatic.com/image/thumb/Purple221/v4/76/cf/2d/76cf2d8f-2431-e9fc-bda5-bc21d3109fe9/AppIcon-0-0-1x_U007emarketing-0-8-0-85-220.png/100x100bb.png,2026-06-30,gb,topgrossing,7012,解谜
25,1558803930,Matching Story,VERTEX GAMES PTE. LTD.,https://apps.apple.com/gb/app/matching-story/id1558803930?uo=2,https://is1-ssl.mzstatic.com/image/thumb/Purple211/v4/bc/a8/7d/bca87dc9-58f6-216a-5b42-265437c6c68d/AppIcon-0-0-1x_U007emarketing-0-5-85-220.png/100x100bb.png,2026-06-30,gb,topgrossing,7012,解谜
26,6499209744,Magic Sort!,Grand Games A.Ş.,https://apps.apple.com/gb/app/magic-sort/id6499209744?uo=2,https://is1-ssl.mzstatic.com/image/thumb/Purple211/v4/61/df/dc/61dfdca9-6c81-db86-1756-5b63b642a0a8/AppIcon-0-0-1x_U007emarketing-0-8-0-85-220.png/100x100bb.png,2026-06-30,gb,topgrossing,7012,解谜
27,1138264921,Match Masters,Candivore LTD,https://apps.apple.com/gb/app/match-masters/id1138264921?uo=2,https://is1-ssl.mzstatic.com/image/thumb/Purple211/v4/27/2c/fb/272cfb4d-137e-65aa-5eab-abfe924bed86/AppIcon-0-0-1x_U007emarketing-0-8-0-85-220.png/100x100bb.png,2026-06-30,gb,topgrossing,7012,解谜
28,6757261926,Reality Bay: Merge & Discover,Moon Active,https://apps.apple.com/gb/app/reality-bay-merge-discover/id6757261926?uo=2,https://is1-ssl.mzstatic.com/image/thumb/Purple211/v4/5b/1c/40/5b1c407f-abb4-e382-ef69-8800d6126565/NewAppIcon-0-0-1x_U007emarketing-0-8-0-85-220.png/100x100bb.png,2026-06-30,gb,topgrossing,7012,解谜
29,951627425,DRAGON BALL Z DOKKAN BATTLE,Bandai Namco Entertainment Inc.,https://apps.apple.com/gb/app/dragon-ball-z-dokkan-battle/id951627425?uo=2,https://is1-ssl.mzstatic.com/image/thumb/Purple211/v4/61/cf/64/61cf64e9-a5cf-590e-a572-ce4b959643a7/AppIcon-1x_U007emarketing-0-11-0-85-220-0.png/100x100bb.png,2026-06-30,gb,topgrossing,7012,解谜
30,6755455500,Hollywood Merge,VoyagerOne,https://apps.apple.com/gb/app/hollywood-merge/id6755455500?uo=2,https://is1-ssl.mzstatic.com/image/thumb/Purple221/v4/8f/0c/49/8f0c4932-0793-34f8-a7c2-6a873c272d17/AppIcon-0-0-1x_U007emarketing-0-8-0-85-220.png/100x100bb.png,2026-06-30,gb,topgrossing,7012,解谜
31,1483058899,Project Makeover,"Magic Tavern, Inc.",https://apps.apple.com/gb/app/project-makeover/id1483058899?uo=2,https://is1-ssl.mzstatic.com/image/thumb/Purple211/v4/c3/04/00/c304002f-4ea4-c9e6-a871-9d8b31a04e05/AppIcon-0-0-1x_U007emarketing-0-8-0-85-220.png/100x100bb.png,2026-06-30,gb,topgrossing,7012,解谜
32,6752886832,Hotel Legacy: Merge Game,Century Games Innovation Pte. Ltd.,https://apps.apple.com/gb/app/hotel-legacy-merge-game/id6752886832?uo=2,https://is1-ssl.mzstatic.com/image/thumb/Purple211/v4/ca/66/99/ca6699f0-b0dd-74fc-31f2-d80b72e87905/AppIcon-0-0-1x_U007emarketing-0-8-0-85-220.png/100x100bb.png,2026-06-30,gb,topgrossing,7012,解谜
33,1484442152,Merge Mansion: Puzzles & Story,Metacore Games Oy,https://apps.apple.com/gb/app/merge-mansion-puzzles-story/id1484442152?uo=2,https://is1-ssl.mzstatic.com/image/thumb/Purple221/v4/2b/8f/6c/2b8f6c93-7bb1-292e-698c-c0a0c0c838f9/AppIcon-0-0-1x_U007emarketing-0-8-0-85-220.png/100x100bb.png,2026-06-30,gb,topgrossing,7012,解谜
34,6479752688,Match Villains,Good Job Games,https://apps.apple.com/gb/app/match-villains/id6479752688?uo=2,https://is1-ssl.mzstatic.com/image/thumb/Purple221/v4/36/7c/1d/367c1dfd-5eeb-8dbe-cfdd-3367d6178708/AppIcon-0-0-1x_U007emarketing-0-8-0-85-220.png/100x100bb.png,2026-06-30,gb,topgrossing,7012,解谜
35,6476976929,Truck Star,Century Games Pte. Ltd.,https://apps.apple.com/gb/app/truck-star/id6476976929?uo=2,https://is1-ssl.mzstatic.com/image/thumb/Purple211/v4/d2/3e/a3/d23ea3b9-f4e9-8ab1-25a8-a323eb602f23/AppIcon-1x_U007emarketing-0-8-0-85-220-0.png/100x100bb.png,2026-06-30,gb,topgrossing,7012,解谜
36,1577970257,Merge Hotel Empire－Design Game,Moon Active,https://apps.apple.com/gb/app/merge-hotel-empire-design-game/id1577970257?uo=2,https://is1-ssl.mzstatic.com/image/thumb/Purple211/v4/68/7f/80/687f80f0-6c17-deee-7afa-c3e883b7a0ee/AppIcon_11-0-0-1x_U007emarketing-0-11-0-85-220.png/100x100bb.png,2026-06-30,gb,topgrossing,7012,解谜
37,6450110217,Triple Match City,Breeze Games L.L.C-FZ,https://apps.apple.com/gb/app/triple-match-city/id6450110217?uo=2,https://is1-ssl.mzstatic.com/image/thumb/Purple211/v4/1f/03/d3/1f03d367-0e4d-678d-54b5-1fd7f6cdb00a/AppIcon-0-0-1x_U007emarketing-0-8-0-85-220.png/100x100bb.png,2026-06-30,gb,topgrossing,7012,解谜
38,6740766025,Gecko Out,Rollic Games,https://apps.apple.com/gb/app/gecko-out/id6740766025?uo=2,https://is1-ssl.mzstatic.com/image/thumb/Purple211/v4/7d/e9/50/7de950b1-a276-7708-2bf4-c24583df4440/AppIcon-0-0-1x_U007emarketing-0-8-0-85-220.png/100x100bb.png,2026-06-30,gb,topgrossing,7012,解谜
39,890378044,Toy Blast,Peak Games,https://apps.apple.com/gb/app/toy-blast/id890378044?uo=2,https://is1-ssl.mzstatic.com/image/thumb/Purple221/v4/3c/36/e3/3c36e3c4-9f2c-68c0-5c90-b8a3be6c07b7/AppIcon-0-0-1x_U007emarketing-0-8-0-85-220.png/100x100bb.png,2026-06-30,gb,topgrossing,7012,解谜
40,1635337354,Piggy Kingdom - Match 3 Games,Olleyo Games,https://apps.apple.com/gb/app/piggy-kingdom-match-3-games/id1635337354?uo=2,https://is1-ssl.mzstatic.com/image/thumb/Purple221/v4/66/00/c5/6600c5a6-a315-65b3-8476-e107bd6236f7/AppIcon-0-0-1x_U007emarketing-0-8-0-85-220.png/100x100bb.png,2026-06-30,gb,topgrossing,7012,解谜
41,6744547461,Happy Screw Trip 3D,BESTPLAY GAMES PTE. LTD.,https://apps.apple.com/gb/app/happy-screw-trip-3d/id6744547461?uo=2,https://is1-ssl.mzstatic.com/image/thumb/Purple211/v4/a4/c3/02/a4c3027a-df70-d1bb-94f9-749b76fd4505/AppIcon-0-0-1x_U007emarketing-0-8-0-85-220.png/100x100bb.png,2026-06-30,gb,topgrossing,7012,解谜
42,6740699102,Hole It 3D,SUPERSONIC STUDIOS LTD,https://apps.apple.com/gb/app/hole-it-3d/id6740699102?uo=2,https://is1-ssl.mzstatic.com/image/thumb/Purple211/v4/c1/c5/32/c1c532b9-839f-0d7c-a998-94aab1779272/AppIcon-0-0-1x_U007emarketing-0-8-0-85-220.png/100x100bb.png,2026-06-30,gb,topgrossing,7012,解谜
43,880047117,Angry Birds 2,Rovio Entertainment Oyj,https://apps.apple.com/gb/app/angry-birds-2/id880047117?uo=2,https://is1-ssl.mzstatic.com/image/thumb/Purple221/v4/9e/4c/4c/9e4c4cd1-c2a6-b88c-9e76-e4d5cfb5fd3c/AppIcon-0-0-1x_U007emarketing-0-8-0-85-220.png/100x100bb.png,2026-06-30,gb,topgrossing,7012,解谜
44,608206510,Farm Heroes Saga,King,https://apps.apple.com/gb/app/farm-heroes-saga/id608206510?uo=2,https://is1-ssl.mzstatic.com/image/thumb/Purple211/v4/25/ae/40/25ae4046-6fb0-4a39-c611-e38af93548f3/AppIcon-0-0-1x_U007emarketing-0-8-0-85-220.png/100x100bb.png,2026-06-30,gb,topgrossing,7012,解谜
45,6747028173,Hole Stars: Puzzle Game,Moon Active,https://apps.apple.com/gb/app/hole-stars-puzzle-game/id6747028173?uo=2,https://is1-ssl.mzstatic.com/image/thumb/Purple211/v4/76/40/76/764076e6-446e-3707-0f16-58806ce1b116/AppIcon-0-0-1x_U007emarketing-0-8-0-85-220.png/100x100bb.png,2026-06-30,gb,topgrossing,7012,解谜
46,6756058501,Jelly Busters: Puzzle Game,Moon Active,https://apps.apple.com/gb/app/jelly-busters-puzzle-game/id6756058501?uo=2,https://is1-ssl.mzstatic.com/image/thumb/Purple211/v4/a4/6e/ee/a46eeebe-933b-03c6-2296-e3fa0aec3c2f/AppIcon-1x_U007emarketing-0-8-0-85-220-0.png/100x100bb.png,2026-06-30,gb,topgrossing,7012,解谜
47,6758138698,Car Sort: Color Puzzle,Rollic Games,https://apps.apple.com/gb/app/car-sort-color-puzzle/id6758138698?uo=2,https://is1-ssl.mzstatic.com/image/thumb/Purple221/v4/59/43/48/59434845-8edd-b1d9-7808-ed95f3caa17b/AppIcon-0-0-1x_U007emarketing-0-8-0-85-220.png/100x100bb.png,2026-06-30,gb,topgrossing,7012,解谜
48,6753862216,Foodstars: Merge & Cook,Happibits,https://apps.apple.com/gb/app/foodstars-merge-cook/id6753862216?uo=2,https://is1-ssl.mzstatic.com/image/thumb/Purple221/v4/70/82/b5/7082b5f7-b790-1a4e-458e-ddf7230695ef/AppIcon-0-0-1x_U007emarketing-0-8-0-85-220.png/100x100bb.png,2026-06-30,gb,topgrossing,7012,解谜
49,6754363534,Sand Loop,Voodoo,https://apps.apple.com/gb/app/sand-loop/id6754363534?uo=2,https://is1-ssl.mzstatic.com/image/thumb/Purple221/v4/7f/d9/f4/7fd9f4b4-b340-8b73-d9ad-31ddbdf519f6/AppIcon-0-0-1x_U007emarketing-0-8-0-85-220.png/100x100bb.png,2026-06-30,gb,topgrossing,7012,解谜
50,1216575026,Matchington Mansion,"Magic Tavern, Inc.",https://apps.apple.com/gb/app/matchington-mansion/id1216575026?uo=2,https://is1-ssl.mzstatic.com/image/thumb/Purple221/v4/bb/ea/b3/bbeab3ad-4046-7553-31e8-46a1f92abe3e/AppIcon-1x_U007emarketing-0-8-0-85-220-0.png/100x100bb.png,2026-06-30,gb,topgrossing,7012,解谜
1,406889139,Coin Master,Moon Active,https://apps.apple.com/gb/app/coin-master/id406889139?uo=2,https://is1-ssl.mzstatic.com/image/thumb/Purple221/v4/b8/5c/64/b85c64f8-4e3c-9b99-c87d-f48cf20727dd/AppIcon-0-0-1x_U007emarketing-0-8-0-85-220.png/100x100bb.png,2026-06-30,gb,topgrossing,6014,游戏
2,1621328561,MONOPOLY GO!,"Scopely, Inc.",https://apps.apple.com/gb/app/monopoly-go/id1621328561?uo=2,https://is1-ssl.mzstatic.com/image/thumb/Purple211/v4/1c/41/d5/1c41d5d0-b33c-2de9-5d79-e0d70a3bfdcb/AppIcon-0-0-1x_U007emarketing-0-8-0-85-220.png/100x100bb.png,2026-06-30,gb,topgrossing,6014,游戏
3,1482155847,Royal Match,Dream Games,https://apps.apple.com/gb/app/royal-match/id1482155847?uo=2,https://is1-ssl.mzstatic.com/image/thumb/Purple221/v4/50/3d/ab/503dabf4-c381-e224-5630-5b031703c08d/AppIcon-0-0-1x_U007emarketing-0-8-0-85-220.png/100x100bb.png,2026-06-30,gb,topgrossing,6014,游戏
4,553834731,Candy Crush Saga,King,https://apps.apple.com/gb/app/candy-crush-saga/id553834731?uo=2,https://is1-ssl.mzstatic.com/image/thumb/Purple211/v4/a1/c5/92/a1c59272-aace-ff82-0b16-ca93a87cb33c/AppIcon-0-0-1x_U007emarketing-0-8-0-85-220.png/100x100bb.png,2026-06-30,gb,topgrossing,6014,游戏
5,6739554056,Kingshot,Century Games Pte. Ltd.,https://apps.apple.com/gb/app/kingshot/id6739554056?uo=2,https://is1-ssl.mzstatic.com/image/thumb/Purple211/v4/ee/d2/22/eed22297-9313-d8b0-52c8-95f42a2795b2/AppIcon-0-0-1x_U007emarketing-0-8-0-85-220.png/100x100bb.png,2026-06-30,gb,topgrossing,6014,游戏
6,6443575749,Whiteout Survival,Century Games Pte. Ltd.,https://apps.apple.com/gb/app/whiteout-survival/id6443575749?uo=2,https://is1-ssl.mzstatic.com/image/thumb/Purple221/v4/e5/1e/1d/e51e1db7-4655-6bb8-9441-af76dbfd291c/AppIcon-0-0-1x_U007emarketing-0-8-0-85-220.png/100x100bb.png,2026-06-30,gb,topgrossing,6014,游戏
7,6448786147,Last War:Survival,FUNFLY PTE. LTD.,https://apps.apple.com/gb/app/last-war-survival/id6448786147?uo=2,https://is1-ssl.mzstatic.com/image/thumb/Purple211/v4/43/bb/21/43bb21ce-1039-f722-aa4b-b4fd93fb52c5/AppIcon-0-0-1x_U007emarketing-0-8-0-85-220.png/100x100bb.png,2026-06-30,gb,topgrossing,6014,游戏
8,6475757306,Disney Solitaire,SuperPlay,https://apps.apple.com/gb/app/disney-solitaire/id6475757306?uo=2,https://is1-ssl.mzstatic.com/image/thumb/Purple211/v4/86/76/5f/86765fea-b7f7-dcd0-6446-0dd01ca74367/AppIcon-0-0-1x_U007emarketing-0-8-0-85-220.png/100x100bb.png,2026-06-30,gb,topgrossing,6014,游戏
9,1623318294,Gossip Harbor®: Merge & Story,Microfun Limited,https://apps.apple.com/gb/app/gossip-harbor-merge-story/id1623318294?uo=2,https://is1-ssl.mzstatic.com/image/thumb/Purple221/v4/d5/d7/02/d5d702dd-af54-09a5-21d1-ed6db319d310/AppIcon-0-0-1x_U007emarketing-0-8-0-85-220.png/100x100bb.png,2026-06-30,gb,topgrossing,6014,游戏
10,1521236603,Travel Town - Merge Adventure,Moon Active,https://apps.apple.com/gb/app/travel-town-merge-adventure/id1521236603?uo=2,https://is1-ssl.mzstatic.com/image/thumb/Purple221/v4/47/97/29/479729c4-a2ef-3587-4346-a53c4e4fd4fb/AppIcon-0-0-1x_U007emarketing-0-8-0-85-220.png/100x100bb.png,2026-06-30,gb,topgrossing,6014,游戏
11,638689075,Township,Playrix,https://apps.apple.com/gb/app/township/id638689075?uo=2,https://is1-ssl.mzstatic.com/image/thumb/Purple211/v4/f3/d3/ab/f3d3abe7-ac2f-d4a3-1683-0873d183913e/AppIcon-0-0-1x_U007emarketing-0-11-0-85-220.png/100x100bb.png,2026-06-30,gb,topgrossing,6014,游戏
12,1606549505,Royal Kingdom,Dream Games,https://apps.apple.com/gb/app/royal-kingdom/id1606549505?uo=2,https://is1-ssl.mzstatic.com/image/thumb/Purple211/v4/5c/c4/75/5cc4753e-cd56-1020-daa7-a09f15857a63/AppIcon-0-0-1x_U007emarketing-0-8-0-85-220.png/100x100bb.png,2026-06-30,gb,topgrossing,6014,游戏
13,6471045672,Tasty Travels: Merge Game,Century Games Pte. Ltd.,https://apps.apple.com/gb/app/tasty-travels-merge-game/id6471045672?uo=2,https://is1-ssl.mzstatic.com/image/thumb/Purple221/v4/cc/cc/f2/ccccf200-20e5-c0fa-68fc-2ea32d90371c/AppIcon-0-0-1x_U007emarketing-0-8-0-85-220.png/100x100bb.png,2026-06-30,gb,topgrossing,6014,游戏
14,1105855019,Gardenscapes,Playrix,https://apps.apple.com/gb/app/gardenscapes/id1105855019?uo=2,https://is1-ssl.mzstatic.com/image/thumb/Purple211/v4/54/9f/3a/549f3a53-96e5-8dfa-8639-ca30bf676cee/AppIcon-0-0-1x_U007emarketing-0-8-0-85-220.png/100x100bb.png,2026-06-30,gb,topgrossing,6014,游戏
15,1094591345,Pokémon GO,"Niantic, Inc.",https://apps.apple.com/gb/app/pok%C3%A9mon-go/id1094591345?uo=2,https://is1-ssl.mzstatic.com/image/thumb/Purple211/v4/c0/15/94/c01594df-94f1-fe64-141d-891e404a22ea/AppIcon-0-0-1x_U007emarketing-0-8-0-85-220.png/100x100bb.png,2026-06-30,gb,topgrossing,6014,游戏
16,6752672568,Block Out! - Color Sort Puzzle,Grand Games A.Ş.,https://apps.apple.com/gb/app/block-out-color-sort-puzzle/id6752672568?uo=2,https://is1-ssl.mzstatic.com/image/thumb/Purple211/v4/42/22/df/4222df44-fbaa-9fe1-f732-d1aec055395c/AppIcon-0-0-1x_U007emarketing-0-8-0-85-220.png/100x100bb.png,2026-06-30,gb,topgrossing,6014,游戏
17,1484468651,Dice Dreams™,SuperPlay,https://apps.apple.com/gb/app/dice-dreams/id1484468651?uo=2,https://is1-ssl.mzstatic.com/image/thumb/Purple211/v4/f7/c5/a3/f7c5a3f4-9df2-ab20-346c-d840dc665bd1/AppIcon-0-0-1x_U007emarketing-0-6-0-85-220.png/100x100bb.png,2026-06-30,gb,topgrossing,6014,游戏
18,1176027022,Toon Blast,Peak Games,https://apps.apple.com/gb/app/toon-blast/id1176027022?uo=2,https://is1-ssl.mzstatic.com/image/thumb/Purple221/v4/7f/e6/49/7fe649cf-138a-a955-2cc7-562b57868077/AppIcon-0-0-1x_U007emarketing-0-8-0-85-220.png/100x100bb.png,2026-06-30,gb,topgrossing,6014,游戏
19,6751056652,Pixel Flow!,Loom Games Oyun Yazilim ve Pazarlama Anonim Sirketi,https://apps.apple.com/gb/app/pixel-flow/id6751056652?uo=2,https://is1-ssl.mzstatic.com/image/thumb/Purple221/v4/0a/a1/40/0aa140e6-9524-2453-a1f8-e75bbedc49c0/AppIcon-0-0-1x_U007emarketing-0-8-0-85-220.png/100x100bb.png,2026-06-30,gb,topgrossing,6014,游戏
20,1195621598,Homescapes: Match 3 Games,Playrix,https://apps.apple.com/gb/app/homescapes-match-3-games/id1195621598?uo=2,https://is1-ssl.mzstatic.com/image/thumb/Purple211/v4/c8/ee/2a/c8ee2a9b-49f3-69b8-ca00-e57a83d2ca64/AppIcon-0-0-1x_U007emarketing-0-11-0-85-220.png/100x100bb.png,2026-06-30,gb,topgrossing,6014,游戏
21,6503272652,Last Z: Survival Shooter,Omnilojo Pte Ltd,https://apps.apple.com/gb/app/last-z-survival-shooter/id6503272652?uo=2,https://is1-ssl.mzstatic.com/image/thumb/Purple211/v4/29/9f/fc/299ffc1f-548c-0c0e-f4be-d60d23269358/AppIcon-0-0-1x_U007emarketing-0-8-0-85-220.png/100x100bb.png,2026-06-30,gb,topgrossing,6014,游戏
22,6479970832,Pokémon TCG Pocket,The Pokemon Company,https://apps.apple.com/gb/app/pok%C3%A9mon-tcg-pocket/id6479970832?uo=2,https://is1-ssl.mzstatic.com/image/thumb/Purple211/v4/54/12/78/541278bd-ccac-156d-b027-a46e1cd536bb/AppIcon-0-0-1x_U007emarketing-0-8-0-85-220.png/100x100bb.png,2026-06-30,gb,topgrossing,6014,游戏
23,307569751,NYT Games: Wordle & Crossword,The New York Times Company,https://apps.apple.com/gb/app/nyt-games-wordle-crossword/id307569751?uo=2,https://is1-ssl.mzstatic.com/image/thumb/Purple221/v4/6f/c6/d8/6fc6d80b-80f1-e130-f877-ddf0de04652a/Release-0-0-1x_U007epad-0-1-0-sRGB-0-85-220.png/100x100bb.png,2026-06-30,gb,topgrossing,6014,游戏
24,6618142292,Flambé®: Merge and Cook,Microfun Limited,https://apps.apple.com/gb/app/flamb%C3%A9-merge-and-cook/id6618142292?uo=2,https://is1-ssl.mzstatic.com/image/thumb/Purple221/v4/82/50/d2/8250d24f-8042-b152-706f-caa35fcf24a8/AppIcon-0-0-1x_U007emarketing-0-8-0-85-220.png/100x100bb.png,2026-06-30,gb,topgrossing,6014,游戏
25,664575829,Fishdom,Playrix,https://apps.apple.com/gb/app/fishdom/id664575829?uo=2,https://is1-ssl.mzstatic.com/image/thumb/Purple211/v4/41/05/aa/4105aaef-9b9c-0ad8-61e0-ad889eccd998/AppIcon-0-0-1x_U007emarketing-0-7-0-85-220.png/100x100bb.png,2026-06-30,gb,topgrossing,6014,游戏
26,6745761596,Coin Master - Board Adventure,Moon Active,https://apps.apple.com/gb/app/coin-master-board-adventure/id6745761596?uo=2,https://is1-ssl.mzstatic.com/image/thumb/Purple211/v4/1a/1a/ed/1a1aeddc-d606-afc1-98d9-32f60d886815/AppIcon-1x_U007emarketing-0-8-0-85-220-0.png/100x100bb.png,2026-06-30,gb,topgrossing,6014,游戏
27,329218549,Chess.com - Play and Learn,Chess.com,https://apps.apple.com/gb/app/chess-com-play-and-learn/id329218549?uo=2,https://is1-ssl.mzstatic.com/image/thumb/Purple221/v4/27/a6/c0/27a6c071-58bb-dc2e-2a97-698788a3dbf8/AppIcon-0-0-1x_U007epad-0-1-0-0-85-220.png/100x100bb.png,2026-06-30,gb,topgrossing,6014,游戏
28,1117270703,eFootball™,KONAMI,https://apps.apple.com/gb/app/efootball/id1117270703?uo=2,https://is1-ssl.mzstatic.com/image/thumb/Purple211/v4/f7/0c/8f/f70c8f63-9613-a144-8f0c-57039d41fc9a/PesMobile-0-0-1x_U007emarketing-0-8-0-85-220.png/100x100bb.png,2026-06-30,gb,topgrossing,6014,游戏
29,1053012308,Clash Royale,Supercell,https://apps.apple.com/gb/app/clash-royale/id1053012308?uo=2,https://is1-ssl.mzstatic.com/image/thumb/Purple221/v4/7c/27/fd/7c27fdce-9dcb-61e8-1f32-792627d2afd9/AppIcon-0-0-1x_U007emarketing-0-7-0-85-220.png/100x100bb.png,2026-06-30,gb,topgrossing,6014,游戏
30,1599937506,"Warhammer 40,000: Tacticus ™",Snowprint Studios AB,https://apps.apple.com/gb/app/warhammer-40-000-tacticus/id1599937506?uo=2,https://is1-ssl.mzstatic.com/image/thumb/Purple221/v4/0f/bf/bb/0fbfbb7c-8aab-d2b7-fcae-e8c3d6b917a6/AppIcon-0-0-1x_U007emarketing-0-8-0-85-220.png/100x100bb.png,2026-06-30,gb,topgrossing,6014,游戏
31,529479190,Clash of Clans,Supercell,https://apps.apple.com/gb/app/clash-of-clans/id529479190?uo=2,https://is1-ssl.mzstatic.com/image/thumb/Purple211/v4/18/df/4b/18df4b8f-0fd8-48f7-c061-d4190ddf6231/AppIcon-0-0-1x_U007emarketing-0-8-0-85-220.png/100x100bb.png,2026-06-30,gb,topgrossing,6014,游戏
32,6449094229,Match Factory!,Peak Games,https://apps.apple.com/gb/app/match-factory/id6449094229?uo=2,https://is1-ssl.mzstatic.com/image/thumb/Purple221/v4/30/65/44/3065447b-4674-7285-954a-4f5db9728e60/AppIcon-0-0-1x_U007emarketing-0-8-0-85-220.png/100x100bb.png,2026-06-30,gb,topgrossing,6014,游戏
33,6444043291,Domino Dreams™,SuperPlay,https://apps.apple.com/gb/app/domino-dreams/id6444043291?uo=2,https://is1-ssl.mzstatic.com/image/thumb/Purple221/v4/d8/30/58/d830580d-9e79-999a-c326-b565c604d45d/AppIcon-0-0-1x_U007emarketing-0-8-0-85-220.png/100x100bb.png,2026-06-30,gb,topgrossing,6014,游戏
34,6443755785,Seaside Escape®: Merge & Story,Microfun Limited,https://apps.apple.com/gb/app/seaside-escape-merge-story/id6443755785?uo=2,https://is1-ssl.mzstatic.com/image/thumb/Purple211/v4/93/64/f8/9364f8fe-aca6-8b43-d78c-24cd33a2f92d/AppIcon-0-0-1x_U007emarketing-0-8-0-85-220.png/100x100bb.png,2026-06-30,gb,topgrossing,6014,游戏
35,1274132545,Total Battle: Strategy Games,Scorewarrior,https://apps.apple.com/gb/app/total-battle-strategy-games/id1274132545?uo=2,https://is1-ssl.mzstatic.com/image/thumb/Purple221/v4/b8/90/17/b8901731-ae0f-52d4-f461-da14d23cd7e5/crowd_multipliers_v6-0-0-1x_U007emarketing-0-5-0-85-220.png/100x100bb.png,2026-06-30,gb,topgrossing,6014,游戏
36,1098157959,Evony,TOP GAMES INC.,https://apps.apple.com/gb/app/evony/id1098157959?uo=2,https://is1-ssl.mzstatic.com/image/thumb/Purple211/v4/7f/9b/ec/7f9becde-6c27-6d7d-7e81-7bdafaaa4a4f/AppIcon-1x_U007emarketing-0-8-0-85-220-0.png/100x100bb.png,2026-06-30,gb,topgrossing,6014,游戏
37,6740043080,Screwdom,Zego Global Pte Ltd,https://apps.apple.com/gb/app/screwdom/id6740043080?uo=2,https://is1-ssl.mzstatic.com/image/thumb/Purple221/v4/a2/0f/e9/a20fe92f-96c7-013e-9f94-389245518263/AppIcon-0-0-1x_U007emarketing-0-8-0-85-220.png/100x100bb.png,2026-06-30,gb,topgrossing,6014,游戏
38,6503603603,Mystery Town: Merge Games,Cedar Games Studio,https://apps.apple.com/gb/app/mystery-town-merge-games/id6503603603?uo=2,https://is1-ssl.mzstatic.com/image/thumb/Purple221/v4/a7/9d/cc/a79dcc67-26e1-ec7e-a639-6e346d365eec/AppIcon-0-0-1x_U007emarketing-0-5-0-85-220.png/100x100bb.png,2026-06-30,gb,topgrossing,6014,游戏
39,1643509748,Merge Cooking®,Happibits,https://apps.apple.com/gb/app/merge-cooking/id1643509748?uo=2,https://is1-ssl.mzstatic.com/image/thumb/Purple211/v4/3c/a6/cf/3ca6cfa1-757b-2632-12a1-652d5a949517/AppIcon-0-0-1x_U007emarketing-0-8-0-85-220.png/100x100bb.png,2026-06-30,gb,topgrossing,6014,游戏
40,6739124364,Top Tycoon: Coin Theme Empire,BeheFun Games Limited,https://apps.apple.com/gb/app/top-tycoon-coin-theme-empire/id6739124364?uo=2,https://is1-ssl.mzstatic.com/image/thumb/Purple211/v4/f3/a3/51/f3a351bc-9dad-2bad-c5b8-11727f44d9e7/AppIcon-0-0-1x_U007emarketing-0-8-0-85-220.png/100x100bb.png,2026-06-30,gb,topgrossing,6014,游戏
41,6755183085,Yarn Loop: Knit Puzzle,Combo Games,https://apps.apple.com/gb/app/yarn-loop-knit-puzzle/id6755183085?uo=2,https://is1-ssl.mzstatic.com/image/thumb/Purple211/v4/f0/0b/5d/f00b5df3-2e9a-ab21-64eb-de28c9776532/AppIcon-0-0-1x_U007emarketing-0-8-0-85-220.png/100x100bb.png,2026-06-30,gb,topgrossing,6014,游戏
42,850417475,Candy Crush Soda Saga,King,https://apps.apple.com/gb/app/candy-crush-soda-saga/id850417475?uo=2,https://is1-ssl.mzstatic.com/image/thumb/Purple211/v4/e9/fc/cd/e9fccd91-a460-201a-20de-6743da8db590/AppIcon-0-0-1x_U007epad-0-1-85-220.png/100x100bb.png,2026-06-30,gb,topgrossing,6014,游戏
43,543186831,8 Ball Pool™,Miniclip.com,https://apps.apple.com/gb/app/8-ball-pool/id543186831?uo=2,https://is1-ssl.mzstatic.com/image/thumb/Purple221/v4/92/eb/91/92eb9190-1c40-d840-0c70-50381cc3ebf1/AppIcon-0-0-1x_U007emarketing-0-8-0-85-220.png/100x100bb.png,2026-06-30,gb,topgrossing,6014,游戏
44,1522699215,Love Island: The Game,Fusebox Games,https://apps.apple.com/gb/app/love-island-the-game/id1522699215?uo=2,https://is1-ssl.mzstatic.com/image/thumb/Purple211/v4/9c/52/4e/9c524e7a-268e-7259-f902-c84082aa834d/AppIcon-0-0-1x_U007emarketing-0-8-0-85-220.png/100x100bb.png,2026-06-30,gb,topgrossing,6014,游戏
45,1358222641,DRAGON BALL LEGENDS,Bandai Namco Entertainment Inc.,https://apps.apple.com/gb/app/dragon-ball-legends/id1358222641?uo=2,https://is1-ssl.mzstatic.com/image/thumb/Purple211/v4/ef/da/62/efda6294-b087-c5dd-abd5-70d86ca48f1a/AppIcon-0-0-1x_U007emarketing-0-8-0-85-220.png/100x100bb.png,2026-06-30,gb,topgrossing,6014,游戏
46,6615077767,Bingo Voyage: Live Bingo Games,VERTEX GAMES PTE. LTD.,https://apps.apple.com/gb/app/bingo-voyage-live-bingo-games/id6615077767?uo=2,https://is1-ssl.mzstatic.com/image/thumb/Purple211/v4/9b/cb/91/9bcb91fd-9554-3566-dd3b-c47c828c0aef/AppIcon-0-0-1x_U007emarketing-0-8-0-85-220.png/100x100bb.png,2026-06-30,gb,topgrossing,6014,游戏
47,6475709488,Carnival Tycoon: Coin Games,Wild Candle Spin LLC,https://apps.apple.com/gb/app/carnival-tycoon-coin-games/id6475709488?uo=2,https://is1-ssl.mzstatic.com/image/thumb/Purple221/v4/ff/4e/33/ff4e333a-4023-bff3-e85d-c1ffa299f2ff/AppIcon-0-0-1x_U007emarketing-0-8-0-85-220.png/100x100bb.png,2026-06-30,gb,topgrossing,6014,游戏
48,1094930513,EA SPORTS FC™ Football Mobile,Electronic Arts,https://apps.apple.com/gb/app/ea-sports-fc-football-mobile/id1094930513?uo=2,https://is1-ssl.mzstatic.com/image/thumb/Purple221/v4/07/c5/4e/07c54e36-942e-ccbf-0bf7-c125f1261d42/AppIcon-0-0-1x_U007emarketing-0-8-0-85-220.png/100x100bb.png,2026-06-30,gb,topgrossing,6014,游戏
49,6504332779,Color Block Jam,Rollic Games,https://apps.apple.com/gb/app/color-block-jam/id6504332779?uo=2,https://is1-ssl.mzstatic.com/image/thumb/Purple211/v4/8e/55/86/8e55860d-453a-1daa-04c3-4238a270aa2a/AppIcon-0-0-1x_U007emarketing-0-8-0-85-220.png/100x100bb.png,2026-06-30,gb,topgrossing,6014,游戏
50,1330123889,PUBG MOBILE,Tencent Mobile International Limited,https://apps.apple.com/gb/app/pubg-mobile/id1330123889?uo=2,https://is1-ssl.mzstatic.com/image/thumb/Purple211/v4/42/a0/f1/42a0f10c-fde1-87ba-a22e-493304fd9c96/AppIcon-0-0-1x_U007emarketing-0-7-0-85-220.png/100x100bb.png,2026-06-30,gb,topgrossing,6014,游戏
1,307569751,NYT Games: Wordle & Crossword,The New York Times Company,https://apps.apple.com/gb/app/nyt-games-wordle-crossword/id307569751?uo=2,https://is1-ssl.mzstatic.com/image/thumb/Purple221/v4/6f/c6/d8/6fc6d80b-80f1-e130-f877-ddf0de04652a/Release-0-0-1x_U007epad-0-1-0-sRGB-0-85-220.png/100x100bb.png,2026-06-30,gb,topgrossing,7019,文字
2,6748950306,Solitaire Associations Journey,Hitapps Games LTD,https://apps.apple.com/gb/app/solitaire-associations-journey/id6748950306?uo=2,https://is1-ssl.mzstatic.com/image/thumb/Purple221/v4/40/a7/d8/40a7d82f-e64f-e659-2616-19712300466a/AppIcon-0-0-1x_U007emarketing-0-8-0-85-220.png/100x100bb.png,2026-06-30,gb,topgrossing,7019,文字
3,6749012623,Fakeit: Imposter Game,smak apps,https://apps.apple.com/gb/app/fakeit-imposter-game/id6749012623?uo=2,https://is1-ssl.mzstatic.com/image/thumb/Purple221/v4/69/5c/3a/695c3aa2-51a1-0969-4640-d29028de2bae/AppIcon-0-0-1x_U007epad-0-1-85-220.png/100x100bb.png,2026-06-30,gb,topgrossing,7019,文字
4,1196764367,Words With Friends Word Game,Zynga Inc.,https://apps.apple.com/gb/app/words-with-friends-word-game/id1196764367?uo=2,https://is1-ssl.mzstatic.com/image/thumb/Purple221/v4/67/97/e5/6797e52d-a56a-75c6-1c06-ebaaba72e5cb/AppIcon-0-0-1x_U007emarketing-0-8-0-85-220.png/100x100bb.png,2026-06-30,gb,topgrossing,7019,文字
5,6754839783,Bubble Word Jam,Lion Studios Plus,https://apps.apple.com/gb/app/bubble-word-jam/id6754839783?uo=2,https://is1-ssl.mzstatic.com/image/thumb/Purple221/v4/cf/a2/de/cfa2de64-164c-e3cf-1e2f-f2182d085439/AppIcon-0-0-1x_U007emarketing-0-8-0-85-220.png/100x100bb.png,2026-06-30,gb,topgrossing,7019,文字
6,1207472156,Wordscapes - Word Game,"PeopleFun, Inc.",https://apps.apple.com/gb/app/wordscapes-word-game/id1207472156?uo=2,https://is1-ssl.mzstatic.com/image/thumb/Purple221/v4/5d/1c/d5/5d1cd573-f1be-43ba-270a-6c0cca56074d/AppIcon-0-0-1x_U007emarketing-0-8-0-85-220.png/100x100bb.png,2026-06-30,gb,topgrossing,7019,文字
7,6759077038,Profile Perfect,Lion Studios Plus,https://apps.apple.com/gb/app/profile-perfect/id6759077038?uo=2,https://is1-ssl.mzstatic.com/image/thumb/Purple221/v4/9d/7a/c9/9d7ac98c-2b27-aa66-3621-6bc76e1574fe/AppIcon-0-0-1x_U007emarketing-0-8-0-85-220.png/100x100bb.png,2026-06-30,gb,topgrossing,7019,文字
8,1215933788,Scrabble® GO – Fun with Words!,"Scopely, Inc.",https://apps.apple.com/gb/app/scrabble-go-fun-with-words/id1215933788?uo=2,https://is1-ssl.mzstatic.com/image/thumb/Purple211/v4/dd/c7/bb/ddc7bbe4-9cf7-e22a-3936-376603918534/AppIcon-0-0-1x_U007emarketing-0-5-85-220.png/100x100bb.png,2026-06-30,gb,topgrossing,7019,文字
9,1660171117,Zen Word® - Relax Puzzle Game,Oakever Games,https://apps.apple.com/gb/app/zen-word-relax-puzzle-game/id1660171117?uo=2,https://is1-ssl.mzstatic.com/image/thumb/Purple221/v4/ed/51/84/ed51840c-7bfd-d698-9743-10b3fa693da3/AppIcon-0-0-1x_U007emarketing-0-8-0-85-220.png/100x100bb.png,2026-06-30,gb,topgrossing,7019,文字
10,1453837845,Charades - Family & Party Game,Dmytro Cheverda,https://apps.apple.com/gb/app/charades-family-party-game/id1453837845?uo=2,https://is1-ssl.mzstatic.com/image/thumb/Purple221/v4/63/9e/69/639e6952-1342-2d2d-da79-5375571e2e46/AppIcon-0-0-1x_U007epad-0-1-85-220.png/100x100bb.png,2026-06-30,gb,topgrossing,7019,文字
11,1424246763,Headbands: Heads Up Charades,David Kadlcek,https://apps.apple.com/gb/app/headbands-heads-up-charades/id1424246763?uo=2,https://is1-ssl.mzstatic.com/image/thumb/Purple211/v4/e1/68/d5/e168d5b9-1dfa-79e3-ef5c-96132d6c6525/AppIcon-0-0-1x_U007epad-0-1-0-85-220.png/100x100bb.png,2026-06-30,gb,topgrossing,7019,文字
12,6473058122,ForeHeads: Charades Guess Word,smak apps,https://apps.apple.com/gb/app/foreheads-charades-guess-word/id6473058122?uo=2,https://is1-ssl.mzstatic.com/image/thumb/Purple221/v4/78/cd/b2/78cdb2ee-390f-ce9c-9300-d18bce6a7873/AppIcon-0-0-1x_U007epad-0-1-0-sRGB-85-220.jpeg/100x100bb.png,2026-06-30,gb,topgrossing,7019,文字
13,1153883316,Word Cookies!®,"BitMango, Inc.",https://apps.apple.com/gb/app/word-cookies/id1153883316?uo=2,https://is1-ssl.mzstatic.com/image/thumb/Purple211/v4/7d/5b/4c/7d5b4c24-8d31-6caf-b9a3-d0299912c4ae/AppIcon-0-0-1x_U007emarketing-0-8-0-85-220.png/100x100bb.png,2026-06-30,gb,topgrossing,7019,文字
14,6499306754,Code Busters: Word Puzzle Game,Smartronic,https://apps.apple.com/gb/app/code-busters-word-puzzle-game/id6499306754?uo=2,https://is1-ssl.mzstatic.com/image/thumb/Purple221/v4/8c/18/0f/8c180f7d-9367-14c2-dfb5-6b3c7fd4d474/AppIcon-0-0-1x_U007emarketing-0-11-0-85-220.png/100x100bb.png,2026-06-30,gb,topgrossing,7019,文字
15,1308181322,Puzzle Page - Daily Games!,AppyNation Ltd.,https://apps.apple.com/gb/app/puzzle-page-daily-games/id1308181322?uo=2,https://is1-ssl.mzstatic.com/image/thumb/Purple221/v4/90/84/a2/9084a238-2e76-eb0e-73e1-9b7ac23a346b/AppIcon-0-0-1x_U007emarketing-0-8-0-85-220.png/100x100bb.png,2026-06-30,gb,topgrossing,7019,文字
16,6755815731,Word Screw - Snappy Words 3D,Astrasen Global,https://apps.apple.com/gb/app/word-screw-snappy-words-3d/id6755815731?uo=2,https://is1-ssl.mzstatic.com/image/thumb/Purple221/v4/dd/cf/e2/ddcfe2e2-2d90-a005-ab05-c4e2295b7e88/AppIcon-0-0-1x_U007epad-0-1-85-220.png/100x100bb.png,2026-06-30,gb,topgrossing,7019,文字
17,623592465,Heads Up!,Warner Bros.,https://apps.apple.com/gb/app/heads-up/id623592465?uo=2,https://is1-ssl.mzstatic.com/image/thumb/Purple211/v4/a3/27/33/a32733ef-8c13-9c09-4a43-085476244d57/AppIcon-0-0-1x_U007emarketing-0-8-0-85-220.png/100x100bb.png,2026-06-30,gb,topgrossing,7019,文字
18,1226926872,Word Connect ¤,ZenLife Games Pte. Ltd.,https://apps.apple.com/gb/app/word-connect-%C2%A4/id1226926872?uo=2,https://is1-ssl.mzstatic.com/image/thumb/Purple221/v4/55/07/42/5507420d-ef1f-56ca-517c-1e678fbb3270/AppIcon-1x_U007emarketing-0-14-0-85-220-0.png/100x100bb.png,2026-06-30,gb,topgrossing,7019,文字
19,1418794453,Millionaire Trivia: TV Game,Uken Inc.,https://apps.apple.com/gb/app/millionaire-trivia-tv-game/id1418794453?uo=2,https://is1-ssl.mzstatic.com/image/thumb/Purple221/v4/a1/6f/0a/a16f0a7f-3d79-8e0f-40ef-16b7e4481dee/AppIcon-0-0-1x_U007emarketing-0-8-0-85-220.png/100x100bb.png,2026-06-30,gb,topgrossing,7019,文字
20,6745120053,Find the Imposter,Sven Vucak,https://apps.apple.com/gb/app/find-the-imposter/id6745120053?uo=2,https://is1-ssl.mzstatic.com/image/thumb/Purple211/v4/10/69/e0/1069e0bd-1564-9f77-7ea4-a8072e6e90ff/AppIcon-0-0-1x_U007emarketing-0-11-0-0-85-220.png/100x100bb.png,2026-06-30,gb,topgrossing,7019,文字
21,1214223596,Word Trip - Word Puzzles Games,PlaySimple Games Pte Ltd,https://apps.apple.com/gb/app/word-trip-word-puzzles-games/id1214223596?uo=2,https://is1-ssl.mzstatic.com/image/thumb/Purple221/v4/83/da/ba/83dabab0-5586-a222-7923-a9ad2c10c20a/AppIcon-0-0-1x_U007epad-0-1-85-220.png/100x100bb.png,2026-06-30,gb,topgrossing,7019,文字
22,1273162445,Word Crossy - A Crossword game,REIN TECHNOLOGY LIMITED,https://apps.apple.com/gb/app/word-crossy-a-crossword-game/id1273162445?uo=2,https://is1-ssl.mzstatic.com/image/thumb/Purple221/v4/72/9f/79/729f79c7-b183-5426-ab52-b30d6891765c/AppIcon-1x_U007emarketing-0-8-0-85-220-0.png/100x100bb.png,2026-06-30,gb,topgrossing,7019,文字
23,6480587399,Scrabble® – Official Word Game,"Scopely, Inc.",https://apps.apple.com/gb/app/scrabble-official-word-game/id6480587399?uo=2,https://is1-ssl.mzstatic.com/image/thumb/Purple221/v4/17/1a/0d/171a0d98-509b-e8d8-7cc6-ae4b2d502a69/AppIcon-0-0-1x_U007emarketing-0-5-0-85-220.png/100x100bb.png,2026-06-30,gb,topgrossing,7019,文字
24,6443410854,Telegraph Puzzles: Word Games,TELEGRAPH MEDIA GROUP HOLDINGS LIMITED,https://apps.apple.com/gb/app/telegraph-puzzles-word-games/id6443410854?uo=2,https://is1-ssl.mzstatic.com/image/thumb/Purple211/v4/94/f2/7f/94f27f8b-ea4a-4f5a-70ec-7103db323dd5/AppIcon-0-0-1x_U007emarketing-0-8-0-85-220.png/100x100bb.png,2026-06-30,gb,topgrossing,7019,文字
25,6532601126,That's My Seat - Logic Puzzle,ROOFTOP GAMES OYUN TEKNOLOJILERI ANONIM SIRKETI,https://apps.apple.com/gb/app/thats-my-seat-logic-puzzle/id6532601126?uo=2,https://is1-ssl.mzstatic.com/image/thumb/Purple211/v4/4f/88/fd/4f88fd1f-bcba-2ac7-7ef8-ebaf53eca4c5/AppIcon-0-0-1x_U007emarketing-0-8-0-85-220.png/100x100bb.png,2026-06-30,gb,topgrossing,7019,文字
26,1095569891,Wordle!,Lion Studios Plus,https://apps.apple.com/gb/app/wordle/id1095569891?uo=2,https://is1-ssl.mzstatic.com/image/thumb/Purple211/v4/86/2f/54/862f541c-b0bf-5d10-d748-8c430f38930c/AppIcon-0-0-1x_U007emarketing-0-8-0-85-220.png/100x100bb.png,2026-06-30,gb,topgrossing,7019,文字
27,6759585687,Imposter Game: Who is SpyParty,"Octopus Internet Technology Co., Limited",https://apps.apple.com/gb/app/imposter-game-who-is-spyparty/id6759585687?uo=2,https://is1-ssl.mzstatic.com/image/thumb/Purple211/v4/fc/30/47/fc304787-54f1-957f-ab7f-0c523ae83760/AppIcon-0-0-1x_U007emarketing-0-8-0-85-220.png/100x100bb.png,2026-06-30,gb,topgrossing,7019,文字
28,6452119853,Wordscapes Solitaire Word Game,"PeopleFun, Inc.",https://apps.apple.com/gb/app/wordscapes-solitaire-word-game/id6452119853?uo=2,https://is1-ssl.mzstatic.com/image/thumb/Purple211/v4/6a/96/91/6a969185-3ccd-8991-903d-f5302a66cbd5/AppIcon-0-0-1x_U007emarketing-0-8-0-85-220.png/100x100bb.png,2026-06-30,gb,topgrossing,7019,文字
29,6692629257,Connect Word Association Game,Hitapps Games LTD,https://apps.apple.com/gb/app/connect-word-association-game/id6692629257?uo=2,https://is1-ssl.mzstatic.com/image/thumb/Purple211/v4/28/d5/f4/28d5f425-8daa-3408-1792-c75b050774cb/AppIcon-0-0-1x_U007emarketing-0-8-0-85-220.png/100x100bb.png,2026-06-30,gb,topgrossing,7019,文字
30,1441645718,5 Second Rule Group Games,Boris Mikic,https://apps.apple.com/gb/app/5-second-rule-group-games/id1441645718?uo=2,https://is1-ssl.mzstatic.com/image/thumb/Purple211/v4/c9/d0/1f/c9d01f8f-97a6-8bb5-39b2-9f1caeda88f2/AppIcon-0-0-1x_U007epad-0-1-85-220.png/100x100bb.png,2026-06-30,gb,topgrossing,7019,文字
31,1299956969,Word Collect : Word Search,Super Lucky Games LLC,https://apps.apple.com/gb/app/word-collect-word-search/id1299956969?uo=2,https://is1-ssl.mzstatic.com/image/thumb/Purple211/v4/b4/81/b9/b481b976-18ee-342b-c992-4546139073c6/AppIcon-0-0-1x_U007emarketing-0-8-0-85-220.png/100x100bb.png,2026-06-30,gb,topgrossing,7019,文字
32,595558452,4 Pics 1 Word,LOTUM GmbH,https://apps.apple.com/gb/app/4-pics-1-word/id595558452?uo=2,https://is1-ssl.mzstatic.com/image/thumb/Purple211/v4/1c/92/a9/1c92a94b-ebf1-3ef6-66c3-b4f926f06545/AppIcon-0-0-1x_U007emarketing-0-4-sRGB-85-220.png/100x100bb.png,2026-06-30,gb,topgrossing,7019,文字
33,1197354394,Daily Themed Crossword Puzzles,PlaySimple Games Pte Ltd,https://apps.apple.com/gb/app/daily-themed-crossword-puzzles/id1197354394?uo=2,https://is1-ssl.mzstatic.com/image/thumb/Purple211/v4/6c/32/36/6c323650-f58b-4bd5-2514-3b1e8bcb5d9f/AppIcon-0-0-1x_U007emarketing-0-8-0-85-220.png/100x100bb.png,2026-06-30,gb,topgrossing,7019,文字
34,6737275844,Word Tiles GO,Gulliver's Games,https://apps.apple.com/gb/app/word-tiles-go/id6737275844?uo=2,https://is1-ssl.mzstatic.com/image/thumb/Purple221/v4/f4/3b/c6/f43bc65a-1f02-fb14-2786-03fbc1e4ca4d/AppIcon-0-0-1x_U007emarketing-0-8-0-85-220.png/100x100bb.png,2026-06-30,gb,topgrossing,7019,文字
35,1633040270,LetsRead-Stories for Wherever,雨 胡,https://apps.apple.com/gb/app/letsread-stories-for-wherever/id1633040270?uo=2,https://is1-ssl.mzstatic.com/image/thumb/Purple221/v4/c1/fe/17/c1fe1776-ec4f-63d3-61d8-8ef9c74a5a6f/AppIcon-0-0-1x_U007ephone-0-1-85-220.png/100x100bb.png,2026-06-30,gb,topgrossing,7019,文字
36,1531296302,Times Puzzles,Times Media Limited (Apps),https://apps.apple.com/gb/app/times-puzzles/id1531296302?uo=2,https://is1-ssl.mzstatic.com/image/thumb/Purple221/v4/1e/aa/a8/1eaaa865-f5aa-77f2-cdb4-a12b205bdf42/AppIcon-0-0-1x_U007emarketing-0-8-0-0-85-220.png/100x100bb.png,2026-06-30,gb,topgrossing,7019,文字
37,1469183094,Most Likely To: Dirty Party,Teo Braun,https://apps.apple.com/gb/app/most-likely-to-dirty-party/id1469183094?uo=2,https://is1-ssl.mzstatic.com/image/thumb/Purple211/v4/ac/19/82/ac198277-2dbb-dbc1-7a47-f4fbbfe3f716/AppIcon-0-0-1x_U007epad-0-1-85-220.png/100x100bb.png,2026-06-30,gb,topgrossing,7019,文字
38,1665707773,WonderNovel-Story Lovers' Home,佳宇 李,https://apps.apple.com/gb/app/wondernovel-story-lovers-home/id1665707773?uo=2,https://is1-ssl.mzstatic.com/image/thumb/Purple221/v4/1b/c3/60/1bc360af-97a5-7421-0153-ff40d9bc0aea/AppIcon-0-0-1x_U007ephone-0-1-85-220.png/100x100bb.png,2026-06-30,gb,topgrossing,7019,文字
39,1269540854,Crossword Jam: Fun Word Search,PlaySimple Games Pte Ltd,https://apps.apple.com/gb/app/crossword-jam-fun-word-search/id1269540854?uo=2,https://is1-ssl.mzstatic.com/image/thumb/Purple221/v4/a9/a1/b6/a9a1b64a-953a-4c64-9cba-b8920f63e54d/AppIcon-0-0-1x_U007emarketing-0-8-0-85-220.png/100x100bb.png,2026-06-30,gb,topgrossing,7019,文字
40,6745003362,Word Oasis: Calm Puzzle Game,Oasis Games LTD,https://apps.apple.com/gb/app/word-oasis-calm-puzzle-game/id6745003362?uo=2,https://is1-ssl.mzstatic.com/image/thumb/Purple221/v4/ff/68/60/ff6860f6-3437-686b-a11f-8872b9ae75c6/AppIcon-0-0-1x_U007emarketing-0-8-0-85-220.png/100x100bb.png,2026-06-30,gb,topgrossing,7019,文字
41,1482382774,Wordzee! - Puzzle Word Game,MAG Interactive,https://apps.apple.com/gb/app/wordzee-puzzle-word-game/id1482382774?uo=2,https://is1-ssl.mzstatic.com/image/thumb/Purple211/v4/54/7e/38/547e3803-c67e-afde-f9c1-ae0986fc4d61/AppIcon-0-0-1x_U007emarketing-0-8-0-85-220.png/100x100bb.png,2026-06-30,gb,topgrossing,7019,文字
42,1633021483,Crossword - Word Hike,Joy Vendor Limited,https://apps.apple.com/gb/app/crossword-word-hike/id1633021483?uo=2,https://is1-ssl.mzstatic.com/image/thumb/Purple211/v4/8f/58/09/8f5809f0-6825-e7d9-f864-c2ddfa6a9550/AppIcon-0-0-1x_U007emarketing-0-8-0-85-220.png/100x100bb.png,2026-06-30,gb,topgrossing,7019,文字
43,1437263404,Would You Rather? Adult,Boris Mikic,https://apps.apple.com/gb/app/would-you-rather-adult/id1437263404?uo=2,https://is1-ssl.mzstatic.com/image/thumb/Purple211/v4/21/ac/be/21acbeb1-50da-c1ed-3ac0-049edd9ae698/AppIcon-0-0-1x_U007epad-0-1-85-220.png/100x100bb.png,2026-06-30,gb,topgrossing,7019,文字
44,6504657055,Explode 2: Get Exposed,Sebastien Menozzi,https://apps.apple.com/gb/app/explode-2-get-exposed/id6504657055?uo=2,https://is1-ssl.mzstatic.com/image/thumb/Purple211/v4/56/6a/1b/566a1b33-cea8-cb04-cb56-2bf0b531b810/AppIcon-1x_U007ephone-0-1-85-220-0.png/100x100bb.png,2026-06-30,gb,topgrossing,7019,文字
45,6720754145,Picoboom: Imposter Party Game,Vanilla b.v.,https://apps.apple.com/gb/app/picoboom-imposter-party-game/id6720754145?uo=2,https://is1-ssl.mzstatic.com/image/thumb/Purple211/v4/48/bb/27/48bb27f1-81ad-adc1-b6bd-ce7420f20e01/AppIcon-0-0-1x_U007ephone-0-1-85-220.png/100x100bb.png,2026-06-30,gb,topgrossing,7019,文字
46,6739069151,Crossword Go!,PlaySimple Games Pte Ltd,https://apps.apple.com/gb/app/crossword-go/id6739069151?uo=2,https://is1-ssl.mzstatic.com/image/thumb/Purple211/v4/4b/d4/12/4bd4122f-a4b6-cfcc-15b0-293127666f3f/AppIcon-0-0-1x_U007emarketing-0-8-0-85-220.png/100x100bb.png,2026-06-30,gb,topgrossing,7019,文字
47,1512834505,Wavelength,Palm Court LLC,https://apps.apple.com/gb/app/wavelength/id1512834505?uo=2,https://is1-ssl.mzstatic.com/image/thumb/Purple221/v4/25/e2/7c/25e27c04-ef27-cb6f-9d6d-bbe3beaa62ca/AppIcon-0-0-1x_U007emarketing-0-8-0-85-220.png/100x100bb.png,2026-06-30,gb,topgrossing,7019,文字
48,6714482734,Puzzmo: Solve. Smile. Share.,Puzzmo Inc.,https://apps.apple.com/gb/app/puzzmo-solve-smile-share/id6714482734?uo=2,https://is1-ssl.mzstatic.com/image/thumb/Purple221/v4/b6/1d/bf/b61dbfa2-fcd2-7efb-2060-2324eccfbc7e/AppIcon-0-0-1x_U007epad-0-1-sRGB-85-220.png/100x100bb.png,2026-06-30,gb,topgrossing,7019,文字
49,6754861642,Imposter AI: Party Game,Tomi Arakaki,https://apps.apple.com/gb/app/imposter-ai-party-game/id6754861642?uo=2,https://is1-ssl.mzstatic.com/image/thumb/Purple221/v4/a3/86/17/a3861744-4406-7ccd-f3b3-b2571a003dda/AppIcon-0-0-1x_U007epad-0-1-85-220.png/100x100bb.png,2026-06-30,gb,topgrossing,7019,文字
50,6759453475,Wordington Solitaire,Qiiwi Games AB,https://apps.apple.com/gb/app/wordington-solitaire/id6759453475?uo=2,https://is1-ssl.mzstatic.com/image/thumb/Purple211/v4/b2/f7/cc/b2f7cc8a-fb62-0580-bce4-25d193478c6d/AppIcon-0-0-1x_U007emarketing-0-8-0-85-220.png/100x100bb.png,2026-06-30,gb,topgrossing,7019,文字
1,6752672568,Block Out! - Color Sort Puzzle,Grand Games A.Ş.,https://apps.apple.com/de/app/block-out-color-sort-puzzle/id6752672568?uo=2,https://is1-ssl.mzstatic.com/image/thumb/Purple211/v4/42/22/df/4222df44-fbaa-9fe1-f732-d1aec055395c/AppIcon-0-0-1x_U007emarketing-0-8-0-85-220.png/100x100bb.png,2026-06-30,de,topfree,7012,解谜
2,6761760135,Meowdoku!,Oakever Games,https://apps.apple.com/de/app/meowdoku/id6761760135?uo=2,https://is1-ssl.mzstatic.com/image/thumb/Purple221/v4/fc/fe/6d/fcfe6dcf-aa1d-ef3f-e01d-e5eac2d16178/AppIcon-0-0-1x_U007ephone-0-11-0-85-220.png/100x100bb.png,2026-06-30,de,topfree,7012,解谜
3,6499209744,Magic Sort!,Grand Games A.Ş.,https://apps.apple.com/de/app/magic-sort/id6499209744?uo=2,https://is1-ssl.mzstatic.com/image/thumb/Purple211/v4/61/df/dc/61dfdca9-6c81-db86-1756-5b63b642a0a8/AppIcon-0-0-1x_U007emarketing-0-8-0-85-220.png/100x100bb.png,2026-06-30,de,topfree,7012,解谜
4,1617391485,Block Blast!,Hungry Studio,https://apps.apple.com/de/app/block-blast/id1617391485?uo=2,https://is1-ssl.mzstatic.com/image/thumb/Purple211/v4/3a/c3/b3/3ac3b3bb-a768-8bc1-b1b2-fcc291a55b43/AppIcon-0-0-1x_U007emarketing-0-11-0-sRGB-85-220.png/100x100bb.png,2026-06-30,de,topfree,7012,解谜
5,1521236603,Travel Town – Fusionsabenteuer,Moon Active,https://apps.apple.com/de/app/travel-town-fusionsabenteuer/id1521236603?uo=2,https://is1-ssl.mzstatic.com/image/thumb/Purple221/v4/47/97/29/479729c4-a2ef-3587-4346-a53c4e4fd4fb/AppIcon-0-0-1x_U007emarketing-0-8-0-85-220.png/100x100bb.png,2026-06-30,de,topfree,7012,解谜
6,6759763476,Bus Traffic Fever!,"GOODROID,Inc.",https://apps.apple.com/de/app/bus-traffic-fever/id6759763476?uo=2,https://is1-ssl.mzstatic.com/image/thumb/Purple211/v4/b0/85/8c/b0858cef-e647-671a-19e6-c0d17dd02d45/AppIcon-1x_U007emarketing-0-8-0-85-220-0.png/100x100bb.png,2026-06-30,de,topfree,7012,解谜
7,6748397500,Arrows – Puzzle Escape,Lessmore GmbH,https://apps.apple.com/de/app/arrows-puzzle-escape/id6748397500?uo=2,https://is1-ssl.mzstatic.com/image/thumb/Purple221/v4/8d/12/50/8d12503f-10ab-e482-7ec1-5088c4af8cd8/AppIcon-0-0-1x_U007emarketing-0-8-0-85-220.png/100x100bb.png,2026-06-30,de,topfree,7012,解谜
8,1623318294,Gossip Harbor: Merge & Story,Microfun Limited,https://apps.apple.com/de/app/gossip-harbor-merge-story/id1623318294?uo=2,https://is1-ssl.mzstatic.com/image/thumb/Purple221/v4/d5/d7/02/d5d702dd-af54-09a5-21d1-ed6db319d310/AppIcon-0-0-1x_U007emarketing-0-8-0-85-220.png/100x100bb.png,2026-06-30,de,topfree,7012,解谜
9,1606549505,Royal Kingdom,Dream Games,https://apps.apple.com/de/app/royal-kingdom/id1606549505?uo=2,https://is1-ssl.mzstatic.com/image/thumb/Purple211/v4/5c/c4/75/5cc4753e-cd56-1020-daa7-a09f15857a63/AppIcon-0-0-1x_U007emarketing-0-8-0-85-220.png/100x100bb.png,2026-06-30,de,topfree,7012,解谜
10,6757844491,Tricky Story 2: Brain Twist,Tang Thi Thuy,https://apps.apple.com/de/app/tricky-story-2-brain-twist/id6757844491?uo=2,https://is1-ssl.mzstatic.com/image/thumb/Purple221/v4/f2/8e/10/f28e10b1-c469-8428-ff89-f580a991498a/AppIcon-0-0-1x_U007emarketing-0-8-0-85-220.png/100x100bb.png,2026-06-30,de,topfree,7012,解谜
11,6763931528,Enigmic: Krimi-Rätsel,Javier Campana,https://apps.apple.com/de/app/enigmic-krimi-r%C3%A4tsel/id6763931528?uo=2,https://is1-ssl.mzstatic.com/image/thumb/Purple211/v4/25/d8/75/25d87505-b108-2fdb-0e3c-387574981009/AppIcon-0-0-1x_U007ephone-0-1-85-220.png/100x100bb.png,2026-06-30,de,topfree,7012,解谜
12,6471045672,Tasty Travels: Merge Game,Century Games Pte. Ltd.,https://apps.apple.com/de/app/tasty-travels-merge-game/id6471045672?uo=2,https://is1-ssl.mzstatic.com/image/thumb/Purple221/v4/cc/cc/f2/ccccf200-20e5-c0fa-68fc-2ea32d90371c/AppIcon-0-0-1x_U007emarketing-0-8-0-85-220.png/100x100bb.png,2026-06-30,de,topfree,7012,解谜
13,6448104157,Spiele ohne Internet,Moreno Maio,https://apps.apple.com/de/app/spiele-ohne-internet/id6448104157?uo=2,https://is1-ssl.mzstatic.com/image/thumb/Purple221/v4/57/ca/9f/57ca9f7d-dc49-7415-2370-99548f83969a/AppIcon-0-0-1x_U007emarketing-0-8-0-85-220.png/100x100bb.png,2026-06-30,de,topfree,7012,解谜
14,6751056652,Pixel Flow!,Loom Games Oyun Yazilim ve Pazarlama Anonim Sirketi,https://apps.apple.com/de/app/pixel-flow/id6751056652?uo=2,https://is1-ssl.mzstatic.com/image/thumb/Purple221/v4/0a/a1/40/0aa140e6-9524-2453-a1f8-e75bbedc49c0/AppIcon-0-0-1x_U007emarketing-0-8-0-85-220.png/100x100bb.png,2026-06-30,de,topfree,7012,解谜
15,6482849843,Waren sortieren Match-3-Puzzle,ONESOFT GLOBAL PTE. LTD.,https://apps.apple.com/de/app/waren-sortieren-match-3-puzzle/id6482849843?uo=2,https://is1-ssl.mzstatic.com/image/thumb/Purple211/v4/f9/5d/0f/f95d0fc6-8a90-940b-1b2e-88d1ed027fb2/AppIcon-0-0-1x_U007emarketing-0-8-0-85-220.png/100x100bb.png,2026-06-30,de,topfree,7012,解谜
16,1193508329,Sudoku.com - Zahlenspiel,Easybrain Ltd,https://apps.apple.com/de/app/sudoku-com-zahlenspiel/id1193508329?uo=2,https://is1-ssl.mzstatic.com/image/thumb/Purple211/v4/a7/4e/e9/a74ee927-ad1d-0278-e1e2-7707aa271bb3/AppIcon-0-0-1x_U007emarketing-0-8-0-85-220.png/100x100bb.png,2026-06-30,de,topfree,7012,解谜
17,6757261926,Reality Bay: Merge & Discover,Moon Active,https://apps.apple.com/de/app/reality-bay-merge-discover/id6757261926?uo=2,https://is1-ssl.mzstatic.com/image/thumb/Purple211/v4/5b/1c/40/5b1c407f-abb4-e382-ef69-8800d6126565/NewAppIcon-0-0-1x_U007emarketing-0-8-0-85-220.png/100x100bb.png,2026-06-30,de,topfree,7012,解谜
18,6758326278,Amaze GO! - Pfeil Rätsel,Oakever Games,https://apps.apple.com/de/app/amaze-go-pfeil-r%C3%A4tsel/id6758326278?uo=2,https://is1-ssl.mzstatic.com/image/thumb/Purple221/v4/69/a2/57/69a25772-6707-b207-50a6-dbe244ea8442/AppIcon-0-0-1x_U007emarketing-0-8-0-85-220.png/100x100bb.png,2026-06-30,de,topfree,7012,解谜
19,638689075,Township,Playrix,https://apps.apple.com/de/app/township/id638689075?uo=2,https://is1-ssl.mzstatic.com/image/thumb/Purple211/v4/f3/d3/ab/f3d3abe7-ac2f-d4a3-1683-0873d183913e/AppIcon-0-0-1x_U007emarketing-0-11-0-85-220.png/100x100bb.png,2026-06-30,de,topfree,7012,解谜
20,6755183085,Yarn Loop: Knit Puzzle,Combo Games,https://apps.apple.com/de/app/yarn-loop-knit-puzzle/id6755183085?uo=2,https://is1-ssl.mzstatic.com/image/thumb/Purple211/v4/f0/0b/5d/f00b5df3-2e9a-ab21-64eb-de28c9776532/AppIcon-0-0-1x_U007emarketing-0-8-0-85-220.png/100x100bb.png,2026-06-30,de,topfree,7012,解谜
21,6755455500,Hollywood Merge,VoyagerOne,https://apps.apple.com/de/app/hollywood-merge/id6755455500?uo=2,https://is1-ssl.mzstatic.com/image/thumb/Purple221/v4/8f/0c/49/8f0c4932-0793-34f8-a7c2-6a873c272d17/AppIcon-0-0-1x_U007emarketing-0-8-0-85-220.png/100x100bb.png,2026-06-30,de,topfree,7012,解谜
22,6503603603,Mystery Town: Merge Games,Cedar Games Studio,https://apps.apple.com/de/app/mystery-town-merge-games/id6503603603?uo=2,https://is1-ssl.mzstatic.com/image/thumb/Purple221/v4/a7/9d/cc/a79dcc67-26e1-ec7e-a639-6e346d365eec/AppIcon-0-0-1x_U007emarketing-0-5-0-85-220.png/100x100bb.png,2026-06-30,de,topfree,7012,解谜
23,6758512068,Category Sort,Lion Studios Plus,https://apps.apple.com/de/app/category-sort/id6758512068?uo=2,https://is1-ssl.mzstatic.com/image/thumb/Purple211/v4/d2/09/36/d209365f-1732-ac9e-82f9-ec1a0a07db95/AppIcon-0-0-1x_U007emarketing-0-8-0-85-220.png/100x100bb.png,2026-06-30,de,topfree,7012,解谜
24,1105855019,Gardenscapes,Playrix,https://apps.apple.com/de/app/gardenscapes/id1105855019?uo=2,https://is1-ssl.mzstatic.com/image/thumb/Purple211/v4/54/9f/3a/549f3a53-96e5-8dfa-8639-ca30bf676cee/AppIcon-0-0-1x_U007emarketing-0-8-0-85-220.png/100x100bb.png,2026-06-30,de,topfree,7012,解谜
25,6759081967,Jewel Coloring,Ta Ta Game Technology Limited,https://apps.apple.com/de/app/jewel-coloring/id6759081967?uo=2,https://is1-ssl.mzstatic.com/image/thumb/Purple211/v4/62/f1/cf/62f1cf1a-3f79-100e-3708-66b3fb582a17/AppIcon-0-0-1x_U007emarketing-0-8-0-85-220.png/100x100bb.png,2026-06-30,de,topfree,7012,解谜
26,1482155847,Royal Match,Dream Games,https://apps.apple.com/de/app/royal-match/id1482155847?uo=2,https://is1-ssl.mzstatic.com/image/thumb/Purple221/v4/50/3d/ab/503dabf4-c381-e224-5630-5b031703c08d/AppIcon-0-0-1x_U007emarketing-0-8-0-85-220.png/100x100bb.png,2026-06-30,de,topfree,7012,解谜
27,6756707460,Tricky Dramas: Short Stories,9UP COMPANY LIMITED,https://apps.apple.com/de/app/tricky-dramas-short-stories/id6756707460?uo=2,https://is1-ssl.mzstatic.com/image/thumb/Purple211/v4/ca/23/80/ca238005-d9c5-0a97-881e-d101f5ab1ccf/AppIcon-1x_U007emarketing-0-8-0-85-220-0.png/100x100bb.png,2026-06-30,de,topfree,7012,解谜
28,1486214495,Brain Test: Knifflige Rätsel,UNICO STUDIO,https://apps.apple.com/de/app/brain-test-knifflige-r%C3%A4tsel/id1486214495?uo=2,https://is1-ssl.mzstatic.com/image/thumb/Purple221/v4/38/8a/00/388a009e-f5e9-88d7-164a-add9afa32ac6/AppIcon-0-0-1x_U007emarketing-0-8-0-85-220.png/100x100bb.png,2026-06-30,de,topfree,7012,解谜
29,1643509748,Merge-Küche Themenrestaurant,Happibits,https://apps.apple.com/de/app/merge-k%C3%BCche-themenrestaurant/id1643509748?uo=2,https://is1-ssl.mzstatic.com/image/thumb/Purple211/v4/3c/a6/cf/3ca6cfa1-757b-2632-12a1-652d5a949517/AppIcon-0-0-1x_U007emarketing-0-8-0-85-220.png/100x100bb.png,2026-06-30,de,topfree,7012,解谜
30,6754839783,Bubble Word Jam,Lion Studios Plus,https://apps.apple.com/de/app/bubble-word-jam/id6754839783?uo=2,https://is1-ssl.mzstatic.com/image/thumb/Purple221/v4/cf/a2/de/cfa2de64-164c-e3cf-1e2f-f2182d085439/AppIcon-0-0-1x_U007emarketing-0-8-0-85-220.png/100x100bb.png,2026-06-30,de,topfree,7012,解谜
31,6769314786,Food Hunt: Pixel Puzzle,FUNFINITY PTE. LTD,https://apps.apple.com/de/app/food-hunt-pixel-puzzle/id6769314786?uo=2,https://is1-ssl.mzstatic.com/image/thumb/Purple221/v4/07/fc/04/07fc0446-3dd4-3de9-cd3f-63b120f4f9de/AppIcon-0-0-1x_U007emarketing-0-8-0-85-220.png/100x100bb.png,2026-06-30,de,topfree,7012,解谜
32,1176027022,Toon Blast,Peak Games,https://apps.apple.com/de/app/toon-blast/id1176027022?uo=2,https://is1-ssl.mzstatic.com/image/thumb/Purple221/v4/7f/e6/49/7fe649cf-138a-a955-2cc7-562b57868077/AppIcon-0-0-1x_U007emarketing-0-8-0-85-220.png/100x100bb.png,2026-06-30,de,topfree,7012,解谜
33,6756482832,Brain Puzzle 3: Crazy Mind,SmallStep Dev Team,https://apps.apple.com/de/app/brain-puzzle-3-crazy-mind/id6756482832?uo=2,https://is1-ssl.mzstatic.com/image/thumb/Purple221/v4/19/ed/f5/19edf5ae-ab7a-1274-cce7-cf6dd9e42804/AppIcon-0-0-1x_U007emarketing-0-8-0-85-220.png/100x100bb.png,2026-06-30,de,topfree,7012,解谜
34,1671991909,Mathe-Puzzlespiele: Cross Math,Guru Smart Holding Limited,https://apps.apple.com/de/app/mathe-puzzlespiele-cross-math/id1671991909?uo=2,https://is1-ssl.mzstatic.com/image/thumb/Purple221/v4/2f/76/f3/2f76f30d-8b54-5b11-0162-b5c8095a6ed3/AppIcon-1x_U007emarketing-0-11-0-85-220-0.png/100x100bb.png,2026-06-30,de,topfree,7012,解谜
35,6752886832,Hotel Legacy,Century Games Innovation Pte. Ltd.,https://apps.apple.com/de/app/hotel-legacy/id6752886832?uo=2,https://is1-ssl.mzstatic.com/image/thumb/Purple211/v4/ca/66/99/ca6699f0-b0dd-74fc-31f2-d80b72e87905/AppIcon-0-0-1x_U007emarketing-0-8-0-85-220.png/100x100bb.png,2026-06-30,de,topfree,7012,解谜
36,6758138698,Car Sort: Color Puzzle,Rollic Games,https://apps.apple.com/de/app/car-sort-color-puzzle/id6758138698?uo=2,https://is1-ssl.mzstatic.com/image/thumb/Purple221/v4/59/43/48/59434845-8edd-b1d9-7808-ed95f3caa17b/AppIcon-0-0-1x_U007emarketing-0-8-0-85-220.png/100x100bb.png,2026-06-30,de,topfree,7012,解谜
37,1636821805,Crostic－Wörter Kreuzworträtsel,Severex,https://apps.apple.com/de/app/crostic-w%C3%B6rter-kreuzwortr%C3%A4tsel/id1636821805?uo=2,https://is1-ssl.mzstatic.com/image/thumb/Purple211/v4/de/b5/37/deb537b0-dc7d-cbaf-9023-4e0a90bb2cc4/AppIcon-0-0-1x_U007emarketing-0-8-0-85-220.png/100x100bb.png,2026-06-30,de,topfree,7012,解谜
38,6759077038,Profile Perfect,Lion Studios Plus,https://apps.apple.com/de/app/profile-perfect/id6759077038?uo=2,https://is1-ssl.mzstatic.com/image/thumb/Purple221/v4/9d/7a/c9/9d7ac98c-2b27-aa66-3621-6bc76e1574fe/AppIcon-0-0-1x_U007emarketing-0-8-0-85-220.png/100x100bb.png,2026-06-30,de,topfree,7012,解谜
39,6689516366,Busspiel: Chaos im Stau,ABI GLOBAL LTD.,https://apps.apple.com/de/app/busspiel-chaos-im-stau/id6689516366?uo=2,https://is1-ssl.mzstatic.com/image/thumb/Purple221/v4/80/dc/ba/80dcba30-ff29-4763-9d12-ea709ae7b08e/AppIcon-0-0-1x_U007emarketing-0-8-0-85-220.png/100x100bb.png,2026-06-30,de,topfree,7012,解谜
40,6743385713,Wollkracher - Wool Bus Escape,Astrasen Global,https://apps.apple.com/de/app/wollkracher-wool-bus-escape/id6743385713?uo=2,https://is1-ssl.mzstatic.com/image/thumb/Purple211/v4/f9/f0/c6/f9f0c6ad-e8e1-1036-d889-e6212b48dda5/AppIcon-0-0-1x_U007epad-0-1-85-220.png/100x100bb.png,2026-06-30,de,topfree,7012,解谜
41,6756482472,HexMoji - Logic Associations,MagicLab,https://apps.apple.com/de/app/hexmoji-logic-associations/id6756482472?uo=2,https://is1-ssl.mzstatic.com/image/thumb/Purple221/v4/39/aa/5f/39aa5f00-c548-83c5-1a69-6bd1d147be23/AppIcon-0-0-1x_U007emarketing-0-8-0-85-220.png/100x100bb.png,2026-06-30,de,topfree,7012,解谜
42,553834731,Candy Crush Saga,King,https://apps.apple.com/de/app/candy-crush-saga/id553834731?uo=2,https://is1-ssl.mzstatic.com/image/thumb/Purple211/v4/a1/c5/92/a1c59272-aace-ff82-0b16-ca93a87cb33c/AppIcon-0-0-1x_U007emarketing-0-8-0-85-220.png/100x100bb.png,2026-06-30,de,topfree,7012,解谜
43,6760325543,CubeAway - 3DPuzzle,"GOODROID,Inc.",https://apps.apple.com/de/app/cubeaway-3dpuzzle/id6760325543?uo=2,https://is1-ssl.mzstatic.com/image/thumb/Purple221/v4/d8/0d/c3/d80dc318-f902-5487-8e6d-46934e1febf2/AppIcon-1x_U007emarketing-0-8-0-85-220-0.png/100x100bb.png,2026-06-30,de,topfree,7012,解谜
44,880047117,Angry Birds 2,Rovio Entertainment Oyj,https://apps.apple.com/de/app/angry-birds-2/id880047117?uo=2,https://is1-ssl.mzstatic.com/image/thumb/Purple221/v4/9e/4c/4c/9e4c4cd1-c2a6-b88c-9e76-e4d5cfb5fd3c/AppIcon-0-0-1x_U007emarketing-0-8-0-85-220.png/100x100bb.png,2026-06-30,de,topfree,7012,解谜
45,6754900673,Jigsawcard Solitaire Puzzle,Oakever Games,https://apps.apple.com/de/app/jigsawcard-solitaire-puzzle/id6754900673?uo=2,https://is1-ssl.mzstatic.com/image/thumb/Purple211/v4/54/43/08/54430824-cbb4-6f52-caa7-6d198ffcba23/AppIcon-0-0-1x_U007emarketing-0-8-0-85-220.png/100x100bb.png,2026-06-30,de,topfree,7012,解谜
46,6762342518,Fluffy Drop,UniRise Studio,https://apps.apple.com/de/app/fluffy-drop/id6762342518?uo=2,https://is1-ssl.mzstatic.com/image/thumb/Purple221/v4/d9/50/ec/d950ecb9-b0a3-7541-a84d-e8a6c7f7d070/AppIcon-0-0-1x_U007emarketing-0-8-0-85-220.png/100x100bb.png,2026-06-30,de,topfree,7012,解谜
47,6470471626,Offline Spiele - ohne internet,720 Media LLC,https://apps.apple.com/de/app/offline-spiele-ohne-internet/id6470471626?uo=2,https://is1-ssl.mzstatic.com/image/thumb/Purple221/v4/ac/fe/88/acfe88cf-7ae7-4c9b-cdde-a651c0d37c22/OfflineGames-AppIcon-0-0-1x_U007emarketing-0-11-0-85-220.png/100x100bb.png,2026-06-30,de,topfree,7012,解谜
48,6758149135,Money Sort: Merge Puzzle,Loop Games Oyun Teknolojileri Anonim Sirketi,https://apps.apple.com/de/app/money-sort-merge-puzzle/id6758149135?uo=2,https://is1-ssl.mzstatic.com/image/thumb/Purple221/v4/6f/50/78/6f5078c5-7873-5061-2425-8aa139cefb37/AppIcon-0-0-1x_U007emarketing-0-8-0-85-220.png/100x100bb.png,2026-06-30,de,topfree,7012,解谜
49,6547858927,Kreuzworträtsel-Meister,Easybrain Ltd,https://apps.apple.com/de/app/kreuzwortr%C3%A4tsel-meister/id6547858927?uo=2,https://is1-ssl.mzstatic.com/image/thumb/Purple221/v4/c8/57/cb/c857cb42-7f3c-7ef9-dbad-8eec49c438c9/AppIcon-0-0-1x_U007emarketing-0-8-0-85-220.png/100x100bb.png,2026-06-30,de,topfree,7012,解谜
50,6747492600,Mahjong Blast,Nebula Studio,https://apps.apple.com/de/app/mahjong-blast/id6747492600?uo=2,https://is1-ssl.mzstatic.com/image/thumb/Purple211/v4/76/f8/30/76f830da-dbfd-069b-58ac-9edaa7bd5122/AppIcon-0-0-1x_U007epad-0-11-0-85-220.png/100x100bb.png,2026-06-30,de,topfree,7012,解谜
1,6752672568,Block Out! - Color Sort Puzzle,Grand Games A.Ş.,https://apps.apple.com/de/app/block-out-color-sort-puzzle/id6752672568?uo=2,https://is1-ssl.mzstatic.com/image/thumb/Purple211/v4/42/22/df/4222df44-fbaa-9fe1-f732-d1aec055395c/AppIcon-0-0-1x_U007emarketing-0-8-0-85-220.png/100x100bb.png,2026-06-30,de,topfree,6014,游戏
2,6748084174,Smash Fest!,Flow Games Bilisim Yazilim ve Pazarlama Anonim Sirketi,https://apps.apple.com/de/app/smash-fest/id6748084174?uo=2,https://is1-ssl.mzstatic.com/image/thumb/Purple211/v4/2b/08/a3/2b08a3fc-17de-ea89-b12c-da20274add92/AppIcon-0-0-1x_U007emarketing-0-8-0-85-220.png/100x100bb.png,2026-06-30,de,topfree,6014,游戏
3,6761760135,Meowdoku!,Oakever Games,https://apps.apple.com/de/app/meowdoku/id6761760135?uo=2,https://is1-ssl.mzstatic.com/image/thumb/Purple221/v4/fc/fe/6d/fcfe6dcf-aa1d-ef3f-e01d-e5eac2d16178/AppIcon-0-0-1x_U007ephone-0-11-0-85-220.png/100x100bb.png,2026-06-30,de,topfree,6014,游戏
4,6752864987,FIFA Panini Collection,Panini S.p.A.,https://apps.apple.com/de/app/fifa-panini-collection/id6752864987?uo=2,https://is1-ssl.mzstatic.com/image/thumb/Purple221/v4/d1/80/f6/d180f6d8-c2db-e3a2-c9a7-17eb3183915b/AppIcon-0-0-1x_U007emarketing-0-8-0-85-220.png/100x100bb.png,2026-06-30,de,topfree,6014,游戏
5,6742410648,WhoLiked? – Wer hat’s geliket?,IRL Apps,https://apps.apple.com/de/app/wholiked-wer-hats-geliket/id6742410648?uo=2,https://is1-ssl.mzstatic.com/image/thumb/Purple221/v4/b8/68/36/b86836ce-07b2-9024-c5f8-8026919d4ac1/WhoLikedIcon-0-0-1x_U007ephone-0-1-0-sRGB-85-220.png/100x100bb.png,2026-06-30,de,topfree,6014,游戏
6,6468921495,Vita Mahjong,Vita Studio,https://apps.apple.com/de/app/vita-mahjong/id6468921495?uo=2,https://is1-ssl.mzstatic.com/image/thumb/Purple211/v4/98/e1/a7/98e1a71c-41b2-d28b-7b68-f385772c57e4/AppIcon-0-0-1x_U007emarketing-0-8-0-85-220.png/100x100bb.png,2026-06-30,de,topfree,6014,游戏
7,6499209744,Magic Sort!,Grand Games A.Ş.,https://apps.apple.com/de/app/magic-sort/id6499209744?uo=2,https://is1-ssl.mzstatic.com/image/thumb/Purple211/v4/61/df/dc/61dfdca9-6c81-db86-1756-5b63b642a0a8/AppIcon-0-0-1x_U007emarketing-0-8-0-85-220.png/100x100bb.png,2026-06-30,de,topfree,6014,游戏
8,1274132545,Total Battle: Strategie Spiele,Scorewarrior,https://apps.apple.com/de/app/total-battle-strategie-spiele/id1274132545?uo=2,https://is1-ssl.mzstatic.com/image/thumb/Purple221/v4/b8/90/17/b8901731-ae0f-52d4-f461-da14d23cd7e5/crowd_multipliers_v6-0-0-1x_U007emarketing-0-5-0-85-220.png/100x100bb.png,2026-06-30,de,topfree,6014,游戏
9,1617391485,Block Blast!,Hungry Studio,https://apps.apple.com/de/app/block-blast/id1617391485?uo=2,https://is1-ssl.mzstatic.com/image/thumb/Purple211/v4/3a/c3/b3/3ac3b3bb-a768-8bc1-b1b2-fcc291a55b43/AppIcon-0-0-1x_U007emarketing-0-11-0-sRGB-85-220.png/100x100bb.png,2026-06-30,de,topfree,6014,游戏
10,1521236603,Travel Town – Fusionsabenteuer,Moon Active,https://apps.apple.com/de/app/travel-town-fusionsabenteuer/id1521236603?uo=2,https://is1-ssl.mzstatic.com/image/thumb/Purple221/v4/47/97/29/479729c4-a2ef-3587-4346-a53c4e4fd4fb/AppIcon-0-0-1x_U007emarketing-0-8-0-85-220.png/100x100bb.png,2026-06-30,de,topfree,6014,游戏
11,6759763476,Bus Traffic Fever!,"GOODROID,Inc.",https://apps.apple.com/de/app/bus-traffic-fever/id6759763476?uo=2,https://is1-ssl.mzstatic.com/image/thumb/Purple211/v4/b0/85/8c/b0858cef-e647-671a-19e6-c0d17dd02d45/AppIcon-1x_U007emarketing-0-8-0-85-220-0.png/100x100bb.png,2026-06-30,de,topfree,6014,游戏
12,1550945606,Soccer Superstar - Fussball,Real Free Soccer,https://apps.apple.com/de/app/soccer-superstar-fussball/id1550945606?uo=2,https://is1-ssl.mzstatic.com/image/thumb/Purple211/v4/6f/33/f3/6f33f30b-be06-13d9-8ac1-620fdf9094ce/AppIcon-1x_U007emarketing-0-8-0-85-220-0.png/100x100bb.png,2026-06-30,de,topfree,6014,游戏
13,431946152,Roblox,Roblox Corporation,https://apps.apple.com/de/app/roblox/id431946152?uo=2,https://is1-ssl.mzstatic.com/image/thumb/Purple221/v4/ae/d6/57/aed65717-e85f-212b-21e0-f57112aa8c02/AppIcon-0-0-1x_U007epad-0-1-0-85-220.png/100x100bb.png,2026-06-30,de,topfree,6014,游戏
14,6748397500,Arrows – Puzzle Escape,Lessmore GmbH,https://apps.apple.com/de/app/arrows-puzzle-escape/id6748397500?uo=2,https://is1-ssl.mzstatic.com/image/thumb/Purple221/v4/8d/12/50/8d12503f-10ab-e482-7ec1-5088c4af8cd8/AppIcon-0-0-1x_U007emarketing-0-8-0-85-220.png/100x100bb.png,2026-06-30,de,topfree,6014,游戏
15,512939461,Subway Surfers,Sybo Games ApS,https://apps.apple.com/de/app/subway-surfers/id512939461?uo=2,https://is1-ssl.mzstatic.com/image/thumb/Purple221/v4/cb/82/82/cb8282de-0cce-5372-1cd9-0fc686ea588e/AppIcon-0-0-1x_U007emarketing-0-8-0-85-220.png/100x100bb.png,2026-06-30,de,topfree,6014,游戏
16,6483539426,Fortnite,Epic Games Inc.,https://apps.apple.com/de/app/fortnite/id6483539426?uo=2,https://is1-ssl.mzstatic.com/image/thumb/Purple221/v4/50/41/14/5041140b-3d2b-f766-61c0-72c359df6be3/AppIcon-0-0-1x_U007epad-0-1-85-220.png/100x100bb.png,2026-06-30,de,topfree,6014,游戏
17,1623318294,Gossip Harbor: Merge & Story,Microfun Limited,https://apps.apple.com/de/app/gossip-harbor-merge-story/id1623318294?uo=2,https://is1-ssl.mzstatic.com/image/thumb/Purple221/v4/d5/d7/02/d5d702dd-af54-09a5-21d1-ed6db319d310/AppIcon-0-0-1x_U007emarketing-0-8-0-85-220.png/100x100bb.png,2026-06-30,de,topfree,6014,游戏
18,1606549505,Royal Kingdom,Dream Games,https://apps.apple.com/de/app/royal-kingdom/id1606549505?uo=2,https://is1-ssl.mzstatic.com/image/thumb/Purple211/v4/5c/c4/75/5cc4753e-cd56-1020-daa7-a09f15857a63/AppIcon-0-0-1x_U007emarketing-0-8-0-85-220.png/100x100bb.png,2026-06-30,de,topfree,6014,游戏
19,1443446174,Magic Tiles 3: Piano Spiel,Amanotes Pte. Ltd.,https://apps.apple.com/de/app/magic-tiles-3-piano-spiel/id1443446174?uo=2,https://is1-ssl.mzstatic.com/image/thumb/Purple211/v4/99/fc/c8/99fcc84a-8981-20a0-2b97-fffc730e73ad/AppIcon-0-0-1x_U007emarketing-0-8-0-85-220.png/100x100bb.png,2026-06-30,de,topfree,6014,游戏
20,1621483628,HITSTER,Koninklijke Jumbo B.V,https://apps.apple.com/de/app/hitster/id1621483628?uo=2,https://is1-ssl.mzstatic.com/image/thumb/Purple221/v4/58/8d/3c/588d3cf1-5b1d-659f-dbca-5c0ef6380d04/AppIcon-0-1x_U007ephone-0-1-0-85-220-0.png/100x100bb.png,2026-06-30,de,topfree,6014,游戏
21,6757844491,Tricky Story 2: Brain Twist,Tang Thi Thuy,https://apps.apple.com/de/app/tricky-story-2-brain-twist/id6757844491?uo=2,https://is1-ssl.mzstatic.com/image/thumb/Purple221/v4/f2/8e/10/f28e10b1-c469-8428-ff89-f580a991498a/AppIcon-0-0-1x_U007emarketing-0-8-0-85-220.png/100x100bb.png,2026-06-30,de,topfree,6014,游戏
22,6739554056,Kingshot,Century Games Pte. Ltd.,https://apps.apple.com/de/app/kingshot/id6739554056?uo=2,https://is1-ssl.mzstatic.com/image/thumb/Purple211/v4/ee/d2/22/eed22297-9313-d8b0-52c8-95f42a2795b2/AppIcon-0-0-1x_U007emarketing-0-8-0-85-220.png/100x100bb.png,2026-06-30,de,topfree,6014,游戏
23,6763931528,Enigmic: Krimi-Rätsel,Javier Campana,https://apps.apple.com/de/app/enigmic-krimi-r%C3%A4tsel/id6763931528?uo=2,https://is1-ssl.mzstatic.com/image/thumb/Purple211/v4/25/d8/75/25d87505-b108-2fdb-0e3c-387574981009/AppIcon-0-0-1x_U007ephone-0-1-85-220.png/100x100bb.png,2026-06-30,de,topfree,6014,游戏
24,6471045672,Tasty Travels: Merge Game,Century Games Pte. Ltd.,https://apps.apple.com/de/app/tasty-travels-merge-game/id6471045672?uo=2,https://is1-ssl.mzstatic.com/image/thumb/Purple221/v4/cc/cc/f2/ccccf200-20e5-c0fa-68fc-2ea32d90371c/AppIcon-0-0-1x_U007emarketing-0-8-0-85-220.png/100x100bb.png,2026-06-30,de,topfree,6014,游戏
25,1229016807,Brawl Stars,Supercell,https://apps.apple.com/de/app/brawl-stars/id1229016807?uo=2,https://is1-ssl.mzstatic.com/image/thumb/Purple211/v4/a6/dc/a4/a6dca41e-7385-e8fb-cddf-dcb9751c1454/AppIcon-0-0-1x_U007epad-0-1-85-220.png/100x100bb.png,2026-06-30,de,topfree,6014,游戏
26,6741503079,Pokémon Champions,The Pokemon Company,https://apps.apple.com/de/app/pok%C3%A9mon-champions/id6741503079?uo=2,https://is1-ssl.mzstatic.com/image/thumb/Purple221/v4/10/0a/92/100a9291-5b49-3875-786a-65ee6a115ba0/AppIcon-0-0-1x_U007emarketing-0-8-0-85-220.png/100x100bb.png,2026-06-30,de,topfree,6014,游戏
27,6746328263,Castle Busters,Voodoo,https://apps.apple.com/de/app/castle-busters/id6746328263?uo=2,https://is1-ssl.mzstatic.com/image/thumb/Purple221/v4/a1/d6/d8/a1d6d84b-e1a8-0fc9-ed6c-d1b800f9d653/AppIcon-0-0-1x_U007emarketing-0-8-0-85-220.png/100x100bb.png,2026-06-30,de,topfree,6014,游戏
28,1642607669,Game of Thrones: Dragonfire,Warner Bros.,https://apps.apple.com/de/app/game-of-thrones-dragonfire/id1642607669?uo=2,https://is1-ssl.mzstatic.com/image/thumb/Purple211/v4/af/63/4d/af634d13-7790-f885-810d-0307c3bbab9b/AppIcon-1x_U007emarketing-0-8-0-85-220-0.png/100x100bb.png,2026-06-30,de,topfree,6014,游戏
29,6756288168,Cookingo: Perfect Meal,Higame Global Limited,https://apps.apple.com/de/app/cookingo-perfect-meal/id6756288168?uo=2,https://is1-ssl.mzstatic.com/image/thumb/Purple221/v4/63/78/d0/6378d001-2ab2-5210-8ef2-23ae533de30a/AppIcon-1x_U007emarketing-0-8-0-85-220-0.png/100x100bb.png,2026-06-30,de,topfree,6014,游戏
30,1094930513,EA SPORTS FC™ Fußball Mobile,Electronic Arts,https://apps.apple.com/de/app/ea-sports-fc-fu%C3%9Fball-mobile/id1094930513?uo=2,https://is1-ssl.mzstatic.com/image/thumb/Purple221/v4/07/c5/4e/07c54e36-942e-ccbf-0bf7-c125f1261d42/AppIcon-0-0-1x_U007emarketing-0-8-0-85-220.png/100x100bb.png,2026-06-30,de,topfree,6014,游戏
31,6448104157,Spiele ohne Internet,Moreno Maio,https://apps.apple.com/de/app/spiele-ohne-internet/id6448104157?uo=2,https://is1-ssl.mzstatic.com/image/thumb/Purple221/v4/57/ca/9f/57ca9f7d-dc49-7415-2370-99548f83969a/AppIcon-0-0-1x_U007emarketing-0-8-0-85-220.png/100x100bb.png,2026-06-30,de,topfree,6014,游戏
32,6751056652,Pixel Flow!,Loom Games Oyun Yazilim ve Pazarlama Anonim Sirketi,https://apps.apple.com/de/app/pixel-flow/id6751056652?uo=2,https://is1-ssl.mzstatic.com/image/thumb/Purple221/v4/0a/a1/40/0aa140e6-9524-2453-a1f8-e75bbedc49c0/AppIcon-0-0-1x_U007emarketing-0-8-0-85-220.png/100x100bb.png,2026-06-30,de,topfree,6014,游戏
33,6475757306,Disney Solitaire,SuperPlay,https://apps.apple.com/de/app/disney-solitaire/id6475757306?uo=2,https://is1-ssl.mzstatic.com/image/thumb/Purple211/v4/86/76/5f/86765fea-b7f7-dcd0-6446-0dd01ca74367/AppIcon-0-0-1x_U007emarketing-0-8-0-85-220.png/100x100bb.png,2026-06-30,de,topfree,6014,游戏
34,6748950306,Solitaire Associations Journey,Hitapps Games LTD,https://apps.apple.com/de/app/solitaire-associations-journey/id6748950306?uo=2,https://is1-ssl.mzstatic.com/image/thumb/Purple221/v4/40/a7/d8/40a7d82f-e64f-e659-2616-19712300466a/AppIcon-0-0-1x_U007emarketing-0-8-0-85-220.png/100x100bb.png,2026-06-30,de,topfree,6014,游戏
35,6477413486,Level Devil - NOT A Troll Game,Poki B.V.,https://apps.apple.com/de/app/level-devil-not-a-troll-game/id6477413486?uo=2,https://is1-ssl.mzstatic.com/image/thumb/Purple211/v4/ac/2c/a6/ac2ca66a-47ab-2a5a-ed78-34a242d5357b/AppIcon-0-0-1x_U007epad-0-11-0-85-220.png/100x100bb.png,2026-06-30,de,topfree,6014,游戏
36,6742241805,Schiedsrichter Simulator 2026,J LABS TEKNOLOJI ANONIM SIRKETI,https://apps.apple.com/de/app/schiedsrichter-simulator-2026/id6742241805?uo=2,https://is1-ssl.mzstatic.com/image/thumb/Purple221/v4/c0/fa/e4/c0fae415-1fcf-3788-786b-1cdcddb916ff/AppIcon-0-0-1x_U007emarketing-0-8-0-85-220.png/100x100bb.png,2026-06-30,de,topfree,6014,游戏
37,1094591345,Pokémon GO,"Niantic, Inc.",https://apps.apple.com/de/app/pok%C3%A9mon-go/id1094591345?uo=2,https://is1-ssl.mzstatic.com/image/thumb/Purple211/v4/c0/15/94/c01594df-94f1-fe64-141d-891e404a22ea/AppIcon-0-0-1x_U007emarketing-0-8-0-85-220.png/100x100bb.png,2026-06-30,de,topfree,6014,游戏
38,6482849843,Waren sortieren Match-3-Puzzle,ONESOFT GLOBAL PTE. LTD.,https://apps.apple.com/de/app/waren-sortieren-match-3-puzzle/id6482849843?uo=2,https://is1-ssl.mzstatic.com/image/thumb/Purple211/v4/f9/5d/0f/f95d0fc6-8a90-940b-1b2e-88d1ed027fb2/AppIcon-0-0-1x_U007emarketing-0-8-0-85-220.png/100x100bb.png,2026-06-30,de,topfree,6014,游戏
39,6760320099,FIFA Heroes: Football Action,Solace Games SARL,https://apps.apple.com/de/app/fifa-heroes-football-action/id6760320099?uo=2,https://is1-ssl.mzstatic.com/image/thumb/Purple211/v4/e0/62/79/e062795b-273a-27bc-88e5-44831c316361/AppIcon-1x_U007emarketing-0-8-0-85-220-0.png/100x100bb.png,2026-06-30,de,topfree,6014,游戏
40,329218549,Schach - Spielen und Lernen,Chess.com,https://apps.apple.com/de/app/schach-spielen-und-lernen/id329218549?uo=2,https://is1-ssl.mzstatic.com/image/thumb/Purple221/v4/27/a6/c0/27a6c071-58bb-dc2e-2a97-698788a3dbf8/AppIcon-0-0-1x_U007epad-0-1-0-0-85-220.png/100x100bb.png,2026-06-30,de,topfree,6014,游戏
41,1484468651,Dice Dreams™,SuperPlay,https://apps.apple.com/de/app/dice-dreams/id1484468651?uo=2,https://is1-ssl.mzstatic.com/image/thumb/Purple211/v4/f7/c5/a3/f7c5a3f4-9df2-ab20-346c-d840dc665bd1/AppIcon-0-0-1x_U007emarketing-0-6-0-85-220.png/100x100bb.png,2026-06-30,de,topfree,6014,游戏
42,6754464806,Car Evolve,Heseri Games Inc,https://apps.apple.com/de/app/car-evolve/id6754464806?uo=2,https://is1-ssl.mzstatic.com/image/thumb/Purple211/v4/a6/8f/55/a68f556f-91dc-88cf-cbbc-d71e4d8edfcc/AppIcon-0-0-1x_U007emarketing-0-8-0-85-220.png/100x100bb.png,2026-06-30,de,topfree,6014,游戏
43,698255242,Geometry Dash Lite,RobTop Games AB,https://apps.apple.com/de/app/geometry-dash-lite/id698255242?uo=2,https://is1-ssl.mzstatic.com/image/thumb/Purple221/v4/2a/08/7f/2a087f71-90d8-b8a0-7f4d-97a0c35e2194/AppIcon-1x_U007emarketing-0-11-0-85-220-0.png/100x100bb.png,2026-06-30,de,topfree,6014,游戏
44,1193508329,Sudoku.com - Zahlenspiel,Easybrain Ltd,https://apps.apple.com/de/app/sudoku-com-zahlenspiel/id1193508329?uo=2,https://is1-ssl.mzstatic.com/image/thumb/Purple211/v4/a7/4e/e9/a74ee927-ad1d-0278-e1e2-7707aa271bb3/AppIcon-0-0-1x_U007emarketing-0-8-0-85-220.png/100x100bb.png,2026-06-30,de,topfree,6014,游戏
45,1465731199,2 Player Games : Offline Games,Moreno Maio,https://apps.apple.com/de/app/2-player-games-offline-games/id1465731199?uo=2,https://is1-ssl.mzstatic.com/image/thumb/Purple221/v4/91/c3/b0/91c3b0d1-1a60-c7c3-747f-38855540907f/AppIcon-0-0-1x_U007emarketing-0-8-0-85-220.png/100x100bb.png,2026-06-30,de,topfree,6014,游戏
46,1351168404,Among Us!,InnerSloth LLC,https://apps.apple.com/de/app/among-us/id1351168404?uo=2,https://is1-ssl.mzstatic.com/image/thumb/Purple211/v4/57/dc/f8/57dcf861-9c14-e964-6f5b-09f8c4fff8d2/AppIcon-0-0-1x_U007emarketing-0-8-0-85-220.png/100x100bb.png,2026-06-30,de,topfree,6014,游戏
47,1389111413,Hole.io,Voodoo,https://apps.apple.com/de/app/hole-io/id1389111413?uo=2,https://is1-ssl.mzstatic.com/image/thumb/Purple211/v4/8a/12/2f/8a122fb1-d044-62d1-08cf-9fd5c6fef173/AppIcon-0-0-1x_U007emarketing-0-8-0-85-220.png/100x100bb.png,2026-06-30,de,topfree,6014,游戏
48,529996768,Bingo Blitz™: Bingo-Spiele,"Playtika Santa Monica, LLC",https://apps.apple.com/de/app/bingo-blitz-bingo-spiele/id529996768?uo=2,https://is1-ssl.mzstatic.com/image/thumb/Purple211/v4/c7/c7/67/c7c7675c-0ebe-b280-3dde-66d98f81bdc8/AppIcon-0-0-1x_U007emarketing-0-8-0-85-220.png/100x100bb.png,2026-06-30,de,topfree,6014,游戏
49,1568242077,Tipico Games - Echtgeld Slots,Tipico B2B Ltd,https://apps.apple.com/de/app/tipico-games-echtgeld-slots/id1568242077?uo=2,https://is1-ssl.mzstatic.com/image/thumb/Purple221/v4/43/53/f4/4353f40c-e5bc-14b9-379f-985b69d9170e/AppIcon-0-0-1x_U007epad-0-9-0-85-220.png/100x100bb.png,2026-06-30,de,topfree,6014,游戏
50,6757261926,Reality Bay: Merge & Discover,Moon Active,https://apps.apple.com/de/app/reality-bay-merge-discover/id6757261926?uo=2,https://is1-ssl.mzstatic.com/image/thumb/Purple211/v4/5b/1c/40/5b1c407f-abb4-e382-ef69-8800d6126565/NewAppIcon-0-0-1x_U007emarketing-0-8-0-85-220.png/100x100bb.png,2026-06-30,de,topfree,6014,游戏
1,6748950306,Solitaire Associations Journey,Hitapps Games LTD,https://apps.apple.com/de/app/solitaire-associations-journey/id6748950306?uo=2,https://is1-ssl.mzstatic.com/image/thumb/Purple221/v4/40/a7/d8/40a7d82f-e64f-e659-2616-19712300466a/AppIcon-0-0-1x_U007emarketing-0-8-0-85-220.png/100x100bb.png,2026-06-30,de,topfree,7019,文字
2,6754839783,Bubble Word Jam,Lion Studios Plus,https://apps.apple.com/de/app/bubble-word-jam/id6754839783?uo=2,https://is1-ssl.mzstatic.com/image/thumb/Purple221/v4/cf/a2/de/cfa2de64-164c-e3cf-1e2f-f2182d085439/AppIcon-0-0-1x_U007emarketing-0-8-0-85-220.png/100x100bb.png,2026-06-30,de,topfree,7019,文字
3,1636821805,Crostic－Wörter Kreuzworträtsel,Severex,https://apps.apple.com/de/app/crostic-w%C3%B6rter-kreuzwortr%C3%A4tsel/id1636821805?uo=2,https://is1-ssl.mzstatic.com/image/thumb/Purple211/v4/de/b5/37/deb537b0-dc7d-cbaf-9023-4e0a90bb2cc4/AppIcon-0-0-1x_U007emarketing-0-8-0-85-220.png/100x100bb.png,2026-06-30,de,topfree,7019,文字
4,6759077038,Profile Perfect,Lion Studios Plus,https://apps.apple.com/de/app/profile-perfect/id6759077038?uo=2,https://is1-ssl.mzstatic.com/image/thumb/Purple221/v4/9d/7a/c9/9d7ac98c-2b27-aa66-3621-6bc76e1574fe/AppIcon-0-0-1x_U007emarketing-0-8-0-85-220.png/100x100bb.png,2026-06-30,de,topfree,7019,文字
5,959394136,Stirnraten - Spielewelt,Michael Rothkegel,https://apps.apple.com/de/app/stirnraten-spielewelt/id959394136?uo=2,https://is1-ssl.mzstatic.com/image/thumb/Purple221/v4/9d/d7/f9/9dd7f9dd-b09c-5dda-970d-57fbd1339183/AppIcon-0-0-1x_U007epad-0-9-0-sRGB-85-220.png/100x100bb.png,2026-06-30,de,topfree,7019,文字
6,6547858927,Kreuzworträtsel-Meister,Easybrain Ltd,https://apps.apple.com/de/app/kreuzwortr%C3%A4tsel-meister/id6547858927?uo=2,https://is1-ssl.mzstatic.com/image/thumb/Purple221/v4/c8/57/cb/c857cb42-7f3c-7ef9-dbad-8eec49c438c9/AppIcon-0-0-1x_U007emarketing-0-8-0-85-220.png/100x100bb.png,2026-06-30,de,topfree,7019,文字
7,1602508478,Wortsuche Wortspiel,PlaySimple Games Pte Ltd,https://apps.apple.com/de/app/wortsuche-wortspiel/id1602508478?uo=2,https://is1-ssl.mzstatic.com/image/thumb/Purple211/v4/44/99/ae/4499aec6-4b2b-6cfb-5ed0-1328808dcfa5/AppIcon-0-0-1x_U007emarketing-0-8-0-85-220.png/100x100bb.png,2026-06-30,de,topfree,7019,文字
8,6532601126,That’s My Seat – Logikrätsel,ROOFTOP GAMES OYUN TEKNOLOJILERI ANONIM SIRKETI,https://apps.apple.com/de/app/thats-my-seat-logikr%C3%A4tsel/id6532601126?uo=2,https://is1-ssl.mzstatic.com/image/thumb/Purple211/v4/4f/88/fd/4f88fd1f-bcba-2ac7-7ef8-ebaf53eca4c5/AppIcon-0-0-1x_U007emarketing-0-8-0-85-220.png/100x100bb.png,2026-06-30,de,topfree,7019,文字
9,1369521645,Words of Wonders: Wort Kreuz,FUGO BILISIM TEKNOLOJILERI VE YAZILIM TICARET ANONIM SIRKETI,https://apps.apple.com/de/app/words-of-wonders-wort-kreuz/id1369521645?uo=2,https://is1-ssl.mzstatic.com/image/thumb/Purple221/v4/c6/2d/aa/c62daa46-5af1-a339-9580-f239755bf983/AppIcon-0-0-1x_U007emarketing-0-8-0-85-220.png/100x100bb.png,2026-06-30,de,topfree,7019,文字
10,6745003362,Word Oasis: Calm Puzzle Game,Oasis Games LTD,https://apps.apple.com/de/app/word-oasis-calm-puzzle-game/id6745003362?uo=2,https://is1-ssl.mzstatic.com/image/thumb/Purple221/v4/ff/68/60/ff6860f6-3437-686b-a11f-8872b9ae75c6/AppIcon-0-0-1x_U007emarketing-0-8-0-85-220.png/100x100bb.png,2026-06-30,de,topfree,7019,文字
11,1660171117,Zen Word® - Relaxende Rätsel,Oakever Games,https://apps.apple.com/de/app/zen-word-relaxende-r%C3%A4tsel/id1660171117?uo=2,https://is1-ssl.mzstatic.com/image/thumb/Purple221/v4/ed/51/84/ed51840c-7bfd-d698-9743-10b3fa693da3/AppIcon-0-0-1x_U007emarketing-0-8-0-85-220.png/100x100bb.png,2026-06-30,de,topfree,7019,文字
12,595098366,4 Bilder 1 Wort,LOTUM GmbH,https://apps.apple.com/de/app/4-bilder-1-wort/id595098366?uo=2,https://is1-ssl.mzstatic.com/image/thumb/Purple211/v4/53/40/a2/5340a2fd-6edc-c031-becc-65ff4c5d467b/AppIcon-0-0-1x_U007emarketing-0-4-85-220.png/100x100bb.png,2026-06-30,de,topfree,7019,文字
13,6479217224,WordPix－Kreuzworträtsel-Spiel,HYPERCELL SIA,https://apps.apple.com/de/app/wordpix-kreuzwortr%C3%A4tsel-spiel/id6479217224?uo=2,https://is1-ssl.mzstatic.com/image/thumb/Purple211/v4/8a/02/18/8a0218b7-58c4-5b73-6efd-e878198554a9/AppIcon-0-0-1x_U007emarketing-0-8-0-85-220.png/100x100bb.png,2026-06-30,de,topfree,7019,文字
14,6499306754,Code Busters: Word Puzzle Game,Smartronic,https://apps.apple.com/de/app/code-busters-word-puzzle-game/id6499306754?uo=2,https://is1-ssl.mzstatic.com/image/thumb/Purple221/v4/8c/18/0f/8c180f7d-9367-14c2-dfb5-6b3c7fd4d474/AppIcon-0-0-1x_U007emarketing-0-11-0-85-220.png/100x100bb.png,2026-06-30,de,topfree,7019,文字
15,687877464,Stadt Land Fluss - Wörterspiel,Fanatee,https://apps.apple.com/de/app/stadt-land-fluss-w%C3%B6rterspiel/id687877464?uo=2,https://is1-ssl.mzstatic.com/image/thumb/Purple221/v4/6a/13/d5/6a13d5ea-d17c-0d94-8063-b3e7667d5d1b/AppIcon-0-0-1x_U007emarketing-0-8-0-85-220.png/100x100bb.png,2026-06-30,de,topfree,7019,文字
16,1580601028,Everyday Puzzles: Minigames,Fanatee,https://apps.apple.com/de/app/everyday-puzzles-minigames/id1580601028?uo=2,https://is1-ssl.mzstatic.com/image/thumb/Purple221/v4/01/27/13/012713bf-544b-4169-2f4c-a704ec44f76b/AppIcon-0-0-1x_U007emarketing-0-8-0-85-220.png/100x100bb.png,2026-06-30,de,topfree,7019,文字
17,307569751,NYT Games: Wordle & Crossword,The New York Times Company,https://apps.apple.com/de/app/nyt-games-wordle-crossword/id307569751?uo=2,https://is1-ssl.mzstatic.com/image/thumb/Purple221/v4/6f/c6/d8/6fc6d80b-80f1-e130-f877-ddf0de04652a/Release-0-0-1x_U007epad-0-1-0-sRGB-0-85-220.png/100x100bb.png,2026-06-30,de,topfree,7019,文字
18,1477841973,Brain Out,EYEWIND LIMITED,https://apps.apple.com/de/app/brain-out/id1477841973?uo=2,https://is1-ssl.mzstatic.com/image/thumb/Purple211/v4/23/23/ce/2323ceba-53b8-50bd-d71c-87ae5c5656e0/AppIcon-1x_U007emarketing-0-8-0-85-220-0.png/100x100bb.png,2026-06-30,de,topfree,7019,文字
19,1608860892,MomoLingo: Englisch und mehr,MNO GO APPS LTD,https://apps.apple.com/de/app/momolingo-englisch-und-mehr/id1608860892?uo=2,https://is1-ssl.mzstatic.com/image/thumb/Purple221/v4/3b/8d/99/3b8d99c9-7b07-9646-e5a1-d944e829a467/AppIcon-0-0-1x_U007emarketing-0-8-0-85-220.png/100x100bb.png,2026-06-30,de,topfree,7019,文字
20,1215933788,Scrabble® GO - Wort-Spaß!,"Scopely, Inc.",https://apps.apple.com/de/app/scrabble-go-wort-spa%C3%9F/id1215933788?uo=2,https://is1-ssl.mzstatic.com/image/thumb/Purple211/v4/dd/c7/bb/ddc7bbe4-9cf7-e22a-3936-376603918534/AppIcon-0-0-1x_U007emarketing-0-5-85-220.png/100x100bb.png,2026-06-30,de,topfree,7019,文字
21,897716622,Flaggen aller Länder der Welt,Andrey Solovyev,https://apps.apple.com/de/app/flaggen-aller-l%C3%A4nder-der-welt/id897716622?uo=2,https://is1-ssl.mzstatic.com/image/thumb/Purple126/v4/ef/17/e2/ef17e29d-3bc4-63fd-2d74-c4cd1a70b843/AppIcon-0-0-1x_U007emarketing-0-0-0-7-0-0-sRGB-0-0-0-GLES2_U002c0-512MB-85-220-0-0.png/100x100bb.png,2026-06-30,de,topfree,7019,文字
22,6541756083,Kreuzworträtsel mit Lösungen,MBEX LTD EOOD,https://apps.apple.com/de/app/kreuzwortr%C3%A4tsel-mit-l%C3%B6sungen/id6541756083?uo=2,https://is1-ssl.mzstatic.com/image/thumb/Purple211/v4/bc/00/3e/bc003e60-d1a4-bdcb-cbd8-22f298cb805c/AppIcon-0-0-1x_U007emarketing-0-8-0-85-220.png/100x100bb.png,2026-06-30,de,topfree,7019,文字
23,6748455155,Imposter Spiel - Spy Party,Cosmicode Lda,https://apps.apple.com/de/app/imposter-spiel-spy-party/id6748455155?uo=2,https://is1-ssl.mzstatic.com/image/thumb/Purple211/v4/c2/53/0e/c2530e20-f0f5-905a-38fd-140d2484950a/AppIcon-0-0-1x_U007epad-0-1-85-220.png/100x100bb.png,2026-06-30,de,topfree,7019,文字
24,1644099880,Cryptogram: Kreuzworträtsel,Joyteractive,https://apps.apple.com/de/app/cryptogram-kreuzwortr%C3%A4tsel/id1644099880?uo=2,https://is1-ssl.mzstatic.com/image/thumb/Purple221/v4/c8/54/e8/c854e876-1d68-4ec6-122a-a55731f7a067/AppIcon-0-0-1x_U007emarketing-0-8-0-85-220.png/100x100bb.png,2026-06-30,de,topfree,7019,文字
25,1424246763,Scharade – Wer bin ich?,David Kadlcek,https://apps.apple.com/de/app/scharade-wer-bin-ich/id1424246763?uo=2,https://is1-ssl.mzstatic.com/image/thumb/Purple211/v4/e1/68/d5/e168d5b9-1dfa-79e3-ef5c-96132d6c6525/AppIcon-0-0-1x_U007epad-0-1-0-85-220.png/100x100bb.png,2026-06-30,de,topfree,7019,文字
26,1563168194,Wahrheit oder Pflicht 18 Wwop,Snash UG (haftungsbeschraenkt),https://apps.apple.com/de/app/wahrheit-oder-pflicht-18-wwop/id1563168194?uo=2,https://is1-ssl.mzstatic.com/image/thumb/Purple211/v4/fb/8f/d2/fb8fd267-f43e-3af9-f85a-417d29db7b5e/AppIcon-0-0-1x_U007emarketing-0-7-0-85-220.png/100x100bb.png,2026-06-30,de,topfree,7019,文字
27,6742752351,Netflix Puzzled,"Netflix, Inc.",https://apps.apple.com/de/app/netflix-puzzled/id6742752351?uo=2,https://is1-ssl.mzstatic.com/image/thumb/Purple211/v4/57/e9/58/57e95841-0710-b935-f9d0-8074373f4351/appicon-0-0-1x_U007emarketing-0-8-0-85-220.png/100x100bb.png,2026-06-30,de,topfree,7019,文字
28,6755815731,Word Screw - 3D Words Puzzle,Astrasen Global,https://apps.apple.com/de/app/word-screw-3d-words-puzzle/id6755815731?uo=2,https://is1-ssl.mzstatic.com/image/thumb/Purple221/v4/dd/cf/e2/ddcfe2e2-2d90-a005-ab05-c4e2295b7e88/AppIcon-0-0-1x_U007epad-0-1-85-220.png/100x100bb.png,2026-06-30,de,topfree,7019,文字
29,1606691646,Voortle: Wort Puzzle Deutsch,PANDAS OF CARIBBEAN LIMITED,https://apps.apple.com/de/app/voortle-wort-puzzle-deutsch/id1606691646?uo=2,https://is1-ssl.mzstatic.com/image/thumb/Purple211/v4/3a/58/25/3a5825b1-27b4-0adb-55ef-ace9ebe66415/AppIcon-0-0-1x_U007emarketing-0-5-0-85-220.png/100x100bb.png,2026-06-30,de,topfree,7019,文字
30,1481703107,Finto - Täusche deine Freunde,Buttered Apps GbR,https://apps.apple.com/de/app/finto-t%C3%A4usche-deine-freunde/id1481703107?uo=2,https://is1-ssl.mzstatic.com/image/thumb/Purple221/v4/c6/06/39/c6063902-7d16-ba31-4d30-b5a4e3dee2df/AppIcon-0-0-1x_U007epad-0-1-0-85-220.png/100x100bb.png,2026-06-30,de,topfree,7019,文字
31,6745120053,Finde den Imposter,Sven Vucak,https://apps.apple.com/de/app/finde-den-imposter/id6745120053?uo=2,https://is1-ssl.mzstatic.com/image/thumb/Purple211/v4/10/69/e0/1069e0bd-1564-9f77-7ea4-a8072e6e90ff/AppIcon-0-0-1x_U007emarketing-0-11-0-0-85-220.png/100x100bb.png,2026-06-30,de,topfree,7019,文字
32,1581869942,Stadt Land Fluss 2 - Stop,Fanatee,https://apps.apple.com/de/app/stadt-land-fluss-2-stop/id1581869942?uo=2,https://is1-ssl.mzstatic.com/image/thumb/Purple211/v4/9e/cc/3d/9ecc3db4-4dc6-fa5b-d1ee-31e4039ade25/AppIcon-0-0-1x_U007emarketing-0-8-0-85-220.png/100x100bb.png,2026-06-30,de,topfree,7019,文字
33,1216673574,Würdest du Eher?,DH3 Games,https://apps.apple.com/de/app/w%C3%BCrdest-du-eher/id1216673574?uo=2,https://is1-ssl.mzstatic.com/image/thumb/Purple221/v4/84/ab/1a/84ab1ab1-54ca-6f09-1442-c99f7ca5f584/AppIcon-0-0-1x_U007emarketing-0-8-0-85-220.png/100x100bb.png,2026-06-30,de,topfree,7019,文字
34,1229075980,Wort Guru,ZenLife Games Pte. Ltd.,https://apps.apple.com/de/app/wort-guru/id1229075980?uo=2,https://is1-ssl.mzstatic.com/image/thumb/Purple221/v4/c2/f3/33/c2f333d0-7b9a-248f-9a19-817d2c863c67/AppIcon-1x_U007emarketing-0-14-0-85-220-0.png/100x100bb.png,2026-06-30,de,topfree,7019,文字
35,1539501646,Flaggen und Hauptstädte Quiz,Smart Fox ApS,https://apps.apple.com/de/app/flaggen-und-hauptst%C3%A4dte-quiz/id1539501646?uo=2,https://is1-ssl.mzstatic.com/image/thumb/Purple211/v4/45/1a/ca/451aca8e-559c-4b45-fe08-a49dad58f2f0/AppIcon-0-0-1x_U007epad-0-1-85-220.png/100x100bb.png,2026-06-30,de,topfree,7019,文字
36,6759585687,Imposter Game: Who is SpyParty,"Octopus Internet Technology Co., Limited",https://apps.apple.com/de/app/imposter-game-who-is-spyparty/id6759585687?uo=2,https://is1-ssl.mzstatic.com/image/thumb/Purple211/v4/fc/30/47/fc304787-54f1-957f-ab7f-0c523ae83760/AppIcon-0-0-1x_U007emarketing-0-8-0-85-220.png/100x100bb.png,2026-06-30,de,topfree,7019,文字
37,6446890132,Word Seekers,Gimica GmbH,https://apps.apple.com/de/app/word-seekers/id6446890132?uo=2,https://is1-ssl.mzstatic.com/image/thumb/Purple211/v4/60/37/f8/6037f891-6b06-55da-2b20-fd7bb40186f6/AppIcon-0-0-1x_U007emarketing-0-8-0-85-220.png/100x100bb.png,2026-06-30,de,topfree,7019,文字
38,1512834505,Wavelength,Palm Court LLC,https://apps.apple.com/de/app/wavelength/id1512834505?uo=2,https://is1-ssl.mzstatic.com/image/thumb/Purple221/v4/25/e2/7c/25e27c04-ef27-cb6f-9d6d-bbe3beaa62ca/AppIcon-0-0-1x_U007emarketing-0-8-0-85-220.png/100x100bb.png,2026-06-30,de,topfree,7019,文字
39,1095569891,Wordle!,Lion Studios Plus,https://apps.apple.com/de/app/wordle/id1095569891?uo=2,https://is1-ssl.mzstatic.com/image/thumb/Purple211/v4/86/2f/54/862f541c-b0bf-5d10-d748-8c430f38930c/AppIcon-0-0-1x_U007emarketing-0-8-0-85-220.png/100x100bb.png,2026-06-30,de,topfree,7019,文字
40,6744235731,Crostic Guru - Kreuzworträtsel,Severex,https://apps.apple.com/de/app/crostic-guru-kreuzwortr%C3%A4tsel/id6744235731?uo=2,https://is1-ssl.mzstatic.com/image/thumb/Purple211/v4/ba/13/f6/ba13f63e-4c7a-0942-7fba-a0199a8a8550/AppIcon-0-0-1x_U007emarketing-0-8-0-85-220.png/100x100bb.png,2026-06-30,de,topfree,7019,文字
41,1270393677,Gartic.io,Gartic,https://apps.apple.com/de/app/gartic-io/id1270393677?uo=2,https://is1-ssl.mzstatic.com/image/thumb/Purple211/v4/4f/92/9c/4f929cd1-4a5f-49bf-a4c3-959331733409/AppIcon-0-0-1x_U007emarketing-0-8-0-85-220.png/100x100bb.png,2026-06-30,de,topfree,7019,文字
42,1549726220,Wortsuche Reise - Finde Wörter,Bluetile Games S.L.,https://apps.apple.com/de/app/wortsuche-reise-finde-w%C3%B6rter/id1549726220?uo=2,https://is1-ssl.mzstatic.com/image/thumb/Purple211/v4/b7/a3/59/b7a359d4-f762-2deb-9fb9-934f472530d6/AppIcon-0-0-1x_U007emarketing-0-8-0-85-220.png/100x100bb.png,2026-06-30,de,topfree,7019,文字
43,1483222663,Words of Wonders: Search,FUGO BILISIM TEKNOLOJILERI VE YAZILIM TICARET ANONIM SIRKETI,https://apps.apple.com/de/app/words-of-wonders-search/id1483222663?uo=2,https://is1-ssl.mzstatic.com/image/thumb/Purple221/v4/bf/82/27/bf822751-17be-96c2-63a3-c7fcd4bb6ed0/AppIcon-0-0-1x_U007emarketing-0-8-0-85-220.png/100x100bb.png,2026-06-30,de,topfree,7019,文字
44,1466208181,Quiz Planet ･,LOTUM one GmbH,https://apps.apple.com/de/app/quiz-planet/id1466208181?uo=2,https://is1-ssl.mzstatic.com/image/thumb/Purple221/v4/45/8d/fa/458dfa1d-7eee-cc32-6f1b-3d41c69c0f65/AppIcon-0-0-1x_U007emarketing-0-8-85-220.jpeg/100x100bb.png,2026-06-30,de,topfree,7019,文字
45,6756377863,Word Kitchen,Gimica GmbH,https://apps.apple.com/de/app/word-kitchen/id6756377863?uo=2,https://is1-ssl.mzstatic.com/image/thumb/Purple211/v4/99/25/01/99250153-397c-52d2-63c5-57320bd815f5/AppIcon-0-0-1x_U007emarketing-0-8-0-85-220.png/100x100bb.png,2026-06-30,de,topfree,7019,文字
46,6753799160,Word Solitaire Now!,Arrowise Studio,https://apps.apple.com/de/app/word-solitaire-now/id6753799160?uo=2,https://is1-ssl.mzstatic.com/image/thumb/Purple211/v4/61/ce/9d/61ce9de8-696c-459f-7d6c-f1441aafeba3/AppIcon-0-0-1x_U007epad-0-11-0-85-220.png/100x100bb.png,2026-06-30,de,topfree,7019,文字
47,6612024746,Easy Words - Wortspiele,Easybrain Ltd,https://apps.apple.com/de/app/easy-words-wortspiele/id6612024746?uo=2,https://is1-ssl.mzstatic.com/image/thumb/Purple221/v4/6f/a7/2c/6fa72cf7-3529-ade0-06f1-f7a9f15e1bbc/AppIcon-0-0-1x_U007emarketing-0-8-0-85-220.png/100x100bb.png,2026-06-30,de,topfree,7019,文字
48,1499972852,Top 7 - Familienwortspiel,ELIA GAMES,https://apps.apple.com/de/app/top-7-familienwortspiel/id1499972852?uo=2,https://is1-ssl.mzstatic.com/image/thumb/Purple221/v4/65/0d/fe/650dfe42-4b33-2518-64e3-1fa73ffe5df4/AppIcon-0-0-1x_U007emarketing-0-7-0-85-220.png/100x100bb.png,2026-06-30,de,topfree,7019,文字
49,1217364250,Kreuzworträtsel Pur .,the binary family,https://apps.apple.com/de/app/kreuzwortr%C3%A4tsel-pur/id1217364250?uo=2,https://is1-ssl.mzstatic.com/image/thumb/Purple211/v4/be/16/97/be16971a-1c4f-f635-fa10-bfd8ec5a923a/AppIcon-0-0-1x_U007emarketing-0-8-0-0-85-220.png/100x100bb.png,2026-06-30,de,topfree,7019,文字
50,1623343903,Ich Habe Noch Nie・Partyspiel,Snash UG (haftungsbeschraenkt),https://apps.apple.com/de/app/ich-habe-noch-nie-partyspiel/id1623343903?uo=2,https://is1-ssl.mzstatic.com/image/thumb/Purple211/v4/32/5c/d4/325cd4e5-1c25-1e2a-76c4-8deb8fea8c44/AppIcon-0-0-1x_U007emarketing-0-11-0-85-220.png/100x100bb.png,2026-06-30,de,topfree,7019,文字
1,1596736236,Rovio Classics: Angry Birds,Rovio Entertainment Oyj,https://apps.apple.com/de/app/rovio-classics-angry-birds/id1596736236?uo=2,https://is1-ssl.mzstatic.com/image/thumb/Purple126/v4/16/b2/ca/16b2ca07-9218-4469-5e09-29addd3eff9e/AppIcon-1x_U007emarketing-0-7-0-85-220.png/100x100bb.png,2026-06-30,de,toppaid,7012,解谜
2,6747814605,Is This Seat Taken?,Poti Poti Studio,https://apps.apple.com/de/app/is-this-seat-taken/id6747814605?uo=2,https://is1-ssl.mzstatic.com/image/thumb/Purple211/v4/16/24/d5/1624d5e2-611f-9cee-cb5e-e596962c809f/AppIcon-0-0-1x_U007emarketing-0-8-0-85-220.png/100x100bb.png,2026-06-30,de,toppaid,7012,解谜
3,1320681231,Bring You Home,Alike Studio,https://apps.apple.com/de/app/bring-you-home/id1320681231?uo=2,https://is1-ssl.mzstatic.com/image/thumb/Purple118/v4/2e/bb/4e/2ebb4eb2-5b8a-2e06-d47e-f919fc0352d4/AppIcon-1x_U007emarketing-0-0-GLES2_U002c0-512MB-P3-0-0-0-85-220-0-0-0-3.png/100x100bb.png,2026-06-30,de,toppaid,7012,解谜
4,503190232,Bridge Constructor,Headup GmbH,https://apps.apple.com/de/app/bridge-constructor/id503190232?uo=2,https://is1-ssl.mzstatic.com/image/thumb/Purple221/v4/01/86/49/018649bf-62ad-4138-8711-1c32f384efbe/AppIcon-0-0-1x_U007emarketing-0-8-0-85-220.png/100x100bb.png,2026-06-30,de,toppaid,7012,解谜
5,728293409,Monument Valley,ustwo games,https://apps.apple.com/de/app/monument-valley/id728293409?uo=2,https://is1-ssl.mzstatic.com/image/thumb/Purple211/v4/21/8e/d8/218ed8a3-c616-9ec7-419e-368073b9deb7/AppIcon-0-0-1x_U007emarketing-0-8-0-85-220.png/100x100bb.png,2026-06-30,de,toppaid,7012,解谜
6,1059911569,Rusty Lake Hotel,Rusty Lake,https://apps.apple.com/de/app/rusty-lake-hotel/id1059911569?uo=2,https://is1-ssl.mzstatic.com/image/thumb/Purple115/v4/19/cc/4a/19cc4a4b-ac70-bcc8-b2f8-84f1eac2ecae/AppIcon-1x_U007emarketing-0-0-GLES2_U002c0-512MB-sRGB-0-0-0-85-220-0-0-0-3.png/100x100bb.png,2026-06-30,de,toppaid,7012,解谜
7,1642601792,The Past Within,Rusty Lake,https://apps.apple.com/de/app/the-past-within/id1642601792?uo=2,https://is1-ssl.mzstatic.com/image/thumb/Purple211/v4/bb/2c/df/bb2cdff2-5289-a7b8-da79-4b7323917d16/AppIcon-0-0-1x_U007emarketing-0-7-0-85-220.png/100x100bb.png,2026-06-30,de,toppaid,7012,解谜
8,1187265767,Monument Valley 2,ustwo games,https://apps.apple.com/de/app/monument-valley-2/id1187265767?uo=2,https://is1-ssl.mzstatic.com/image/thumb/Purple221/v4/97/f1/15/97f11538-719a-d660-41d2-d1cde2c59258/AppIcon-0-0-1x_U007emarketing-0-8-0-85-220.png/100x100bb.png,2026-06-30,de,toppaid,7012,解谜
9,449735650,Wo ist mein Wasser?,Disney,https://apps.apple.com/de/app/wo-ist-mein-wasser/id449735650?uo=2,https://is1-ssl.mzstatic.com/image/thumb/Purple126/v4/3b/61/31/3b61311b-af40-6af9-83c6-c8eb7ca4ad93/AppIcon-0-0-1x_U007emarketing-0-0-0-9-0-0-sRGB-0-0-0-GLES2_U002c0-512MB-85-220-0-0.png/100x100bb.png,2026-06-30,de,toppaid,7012,解谜
10,1445772666,Keep Talking & Nobody Explodes,Steel Crate Games,https://apps.apple.com/de/app/keep-talking-nobody-explodes/id1445772666?uo=2,https://is1-ssl.mzstatic.com/image/thumb/Purple124/v4/bf/92/0b/bf920b63-9103-5bfd-3b0a-b740eb889563/AppIcon-0-0-1x_U007emarketing-0-0-0-9-0-0-sRGB-0-0-0-GLES2_U002c0-512MB-85-220-0-0.png/100x100bb.png,2026-06-30,de,toppaid,7012,解谜
11,322110989,PUSHY - das Original,medienwerkstatt,https://apps.apple.com/de/app/pushy-das-original/id322110989?uo=2,https://is1-ssl.mzstatic.com/image/thumb/Purple211/v4/54/af/b7/54afb71b-5869-04d2-eb84-b49aa35ca7be/AppIcon-0-0-1x_U007emarketing-0-8-0-85-220.png/100x100bb.png,2026-06-30,de,toppaid,7012,解谜
12,1361525484,Layton: Geheimnisvolles Dorf,Level-5 Inc.,https://apps.apple.com/de/app/layton-geheimnisvolles-dorf/id1361525484?uo=2,https://is1-ssl.mzstatic.com/image/thumb/Purple122/v4/85/e3/62/85e362dc-1b0d-63b6-7e2a-05f702b5273e/AppIcon-1x_U007emarketing-0-7-85-220.png/100x100bb.png,2026-06-30,de,toppaid,7012,解谜
13,1461751938,Purple Place - Classic Games,Semyon Popov,https://apps.apple.com/de/app/purple-place-classic-games/id1461751938?uo=2,https://is1-ssl.mzstatic.com/image/thumb/Purple116/v4/5f/14/f6/5f14f6d0-d38a-2031-7b66-1f0e24528153/AppIcon-0-0-1x_U007emarketing-0-0-0-7-0-0-sRGB-0-0-0-GLES2_U002c0-512MB-85-220-0-0.png/100x100bb.png,2026-06-30,de,toppaid,7012,解谜
14,6744579956,Illusion Bowling,Daniel Koenig-Meier,https://apps.apple.com/de/app/illusion-bowling/id6744579956?uo=2,https://is1-ssl.mzstatic.com/image/thumb/Purple211/v4/eb/2f/36/eb2f3671-bf77-f053-1fa6-cf977764a0ae/AppIcon-0-0-1x_U007epad-0-1-85-220.png/100x100bb.png,2026-06-30,de,toppaid,7012,解谜
15,6504485812,Leon's Mahjong,Lucas Dima,https://apps.apple.com/de/app/leons-mahjong/id6504485812?uo=2,https://is1-ssl.mzstatic.com/image/thumb/Purple211/v4/27/4e/6b/274e6b34-d10b-4a1a-9d3c-8ebbb74f00bb/AppIcon-0-0-1x_U007emarketing-0-8-0-85-220.png/100x100bb.png,2026-06-30,de,toppaid,7012,解谜
16,6450058135,Unpacking,Balor Games,https://apps.apple.com/de/app/unpacking/id6450058135?uo=2,https://is1-ssl.mzstatic.com/image/thumb/Purple126/v4/76/6f/bf/766fbfe1-fdd2-1545-dbcf-54277150f9bb/AppIcon-1x_U007emarketing-0-7-0-85-220.png/100x100bb.png,2026-06-30,de,toppaid,7012,解谜
17,1610947489,Poppy Playtime Chapter 1,"Mob Entertainment, Inc",https://apps.apple.com/de/app/poppy-playtime-chapter-1/id1610947489?uo=2,https://is1-ssl.mzstatic.com/image/thumb/Purple112/v4/40/e1/ab/40e1abb0-cfcb-1efb-2eac-f8b274028e8c/AppIcon-0-0-1x_U007emarketing-0-0-0-7-0-0-sRGB-0-0-0-GLES2_U002c0-512MB-85-220-0-0.png/100x100bb.png,2026-06-30,de,toppaid,7012,解谜
18,6738784092,A Little to the Left: Drawers,Secret Mode,https://apps.apple.com/de/app/a-little-to-the-left-drawers/id6738784092?uo=2,https://is1-ssl.mzstatic.com/image/thumb/Purple221/v4/ca/15/1f/ca151fa8-6f3c-0191-7f7d-88be9097fc21/AppIcon-0-0-1x_U007emarketing-0-8-0-85-220.png/100x100bb.png,2026-06-30,de,toppaid,7012,解谜
19,329981776,Sudoku ′ No ads,"Mind The Frog, Inc.",https://apps.apple.com/de/app/sudoku-no-ads/id329981776?uo=2,https://is1-ssl.mzstatic.com/image/thumb/Purple221/v4/54/c7/2a/54c72ae8-292f-b274-39bb-09022fea4fe1/AppIcon-0-1x_U007emarketing-0-8-0-85-220-0.png/100x100bb.png,2026-06-30,de,toppaid,7012,解谜
20,6448352407,Unboxing the Cryptic Killer,Eleven Products Sp. z o.o.,https://apps.apple.com/de/app/unboxing-the-cryptic-killer/id6448352407?uo=2,https://is1-ssl.mzstatic.com/image/thumb/Purple211/v4/ad/49/23/ad492327-aaf9-5c91-b332-1a0acfdcd27c/AppIcon-0-0-1x_U007emarketing-0-8-0-85-220.png/100x100bb.png,2026-06-30,de,toppaid,7012,解谜
21,6477541914,Parallel Experiment,Eleven Products Sp. z o.o.,https://apps.apple.com/de/app/parallel-experiment/id6477541914?uo=2,https://is1-ssl.mzstatic.com/image/thumb/Purple211/v4/0b/cd/cb/0bcdcbde-1ef4-7422-4820-ed9d1eb581db/AppIcon-0-0-1x_U007emarketing-0-8-0-85-220.png/100x100bb.png,2026-06-30,de,toppaid,7012,解谜
22,972319818,Prune,Joel McDonald LLC,https://apps.apple.com/de/app/prune/id972319818?uo=2,https://is1-ssl.mzstatic.com/image/thumb/Purple116/v4/1e/21/35/1e213529-c131-8727-668e-e4cba79b635e/AppIcon-1x_U007emarketing-0-7-0-85-220-0.png/100x100bb.png,2026-06-30,de,toppaid,7012,解谜
23,1311353234,Bridge Constructor Portal,Headup GmbH,https://apps.apple.com/de/app/bridge-constructor-portal/id1311353234?uo=2,https://is1-ssl.mzstatic.com/image/thumb/Purple211/v4/e3/e1/ee/e3e1ee75-8543-f5af-7f46-cfc43f0863bf/AppIcon-0-0-1x_U007emarketing-0-8-0-85-220.png/100x100bb.png,2026-06-30,de,toppaid,7012,解谜
24,6503954810,Poppy Playtime Chapter 3,"Mob Entertainment, Inc",https://apps.apple.com/de/app/poppy-playtime-chapter-3/id6503954810?uo=2,https://is1-ssl.mzstatic.com/image/thumb/Purple211/v4/25/36/d6/2536d64d-a4e1-ffdc-5dc7-258b1fbfff84/AppIcon-1x_U007emarketing-0-8-0-85-220-0.png/100x100bb.png,2026-06-30,de,toppaid,7012,解谜
25,6757693216,Replicat,Erabit Studios,https://apps.apple.com/de/app/replicat/id6757693216?uo=2,https://is1-ssl.mzstatic.com/image/thumb/Purple221/v4/81/8f/c5/818fc514-6b59-f47d-5cdc-5ec27a864c98/AppIcon-0-0-1x_U007emarketing-0-8-0-85-220.png/100x100bb.png,2026-06-30,de,toppaid,7012,解谜
26,6757934329,Flagle,Stephan Engelhardt,https://apps.apple.com/de/app/flagle/id6757934329?uo=2,https://is1-ssl.mzstatic.com/image/thumb/Purple211/v4/9c/e2/be/9ce2be30-6ae8-48bd-261e-6935c3f8a7ca/AppIcon-0-0-1x_U007epad-0-1-0-85-220.png/100x100bb.png,2026-06-30,de,toppaid,7012,解谜
27,1039141908,LEGO® Ninjago™,Warner Bros.,https://apps.apple.com/de/app/lego-ninjago/id1039141908?uo=2,https://is1-ssl.mzstatic.com/image/thumb/Purple221/v4/0a/b0/83/0ab08316-174e-7ae2-689f-d8bc9b036b49/AppIcon-1x_U007emarketing-0-7-0-85-220-0.png/100x100bb.png,2026-06-30,de,toppaid,7012,解谜
28,1055650930,Codenames,CGE Digital s.r.o.,https://apps.apple.com/de/app/codenames/id1055650930?uo=2,https://is1-ssl.mzstatic.com/image/thumb/Purple221/v4/1f/22/2a/1f222a4e-4ccd-82a5-a92a-b2064d60fc3b/AppIcon-0-0-1x_U007emarketing-0-11-0-85-220.png/100x100bb.png,2026-06-30,de,toppaid,7012,解谜
29,6762288718,What's the Password?,TrampolineTales,https://apps.apple.com/de/app/whats-the-password/id6762288718?uo=2,https://is1-ssl.mzstatic.com/image/thumb/Purple211/v4/84/e3/3d/84e33d8e-aa4b-1b2f-5723-82e8e19d490c/AppIcon-0-0-1x_U007epad-0-11-0-85-220.png/100x100bb.png,2026-06-30,de,toppaid,7012,解谜
30,1197552569,Poly Bridge,Dry Cactus,https://apps.apple.com/de/app/poly-bridge/id1197552569?uo=2,https://is1-ssl.mzstatic.com/image/thumb/Purple118/v4/90/c7/bf/90c7bf8a-8d0f-3adb-a56e-30ba166f32a9/AppIcon-1x_U007emarketing-85-220-0-7.png/100x100bb.png,2026-06-30,de,toppaid,7012,解谜
31,1253855339,Rusty Lake Paradise,Rusty Lake,https://apps.apple.com/de/app/rusty-lake-paradise/id1253855339?uo=2,https://is1-ssl.mzstatic.com/image/thumb/Purple124/v4/04/e8/db/04e8db96-435a-1344-7117-2a2206927cb1/AppIcon-1x_U007emarketing-0-0-GLES2_U002c0-512MB-sRGB-0-0-0-85-220-0-0-0-3.png/100x100bb.png,2026-06-30,de,toppaid,7012,解谜
32,6745312000,ISLANDERS: Mobile,Coatsink Software,https://apps.apple.com/de/app/islanders-mobile/id6745312000?uo=2,https://is1-ssl.mzstatic.com/image/thumb/Purple211/v4/c6/53/c3/c653c3d5-f718-8a95-7ae7-519c23612e5f/AppIcon-0-0-1x_U007emarketing-0-8-0-85-220.png/100x100bb.png,2026-06-30,de,toppaid,7012,解谜
33,6445911052,Fran Bow,Killmonday Games,https://apps.apple.com/de/app/fran-bow/id6445911052?uo=2,https://is1-ssl.mzstatic.com/image/thumb/Purple126/v4/d4/1d/3e/d41d3e0c-73a2-ee13-20c4-8306c40fbebe/AppIcon-1x_U007emarketing-0-7-0-85-220.png/100x100bb.png,2026-06-30,de,toppaid,7012,解谜
34,1636439801,Railbound,Afterburn Lukasz Spierewka,https://apps.apple.com/de/app/railbound/id1636439801?uo=2,https://is1-ssl.mzstatic.com/image/thumb/Purple221/v4/27/9e/98/279e9892-c083-7d9d-a19c-a29d5d81ce6e/AppIcon-0-0-1x_U007emarketing-0-7-0-85-220.png/100x100bb.png,2026-06-30,de,toppaid,7012,解谜
35,1512730607,Layton: Verlorene Zukunft HD,Level-5 Inc.,https://apps.apple.com/de/app/layton-verlorene-zukunft-hd/id1512730607?uo=2,https://is1-ssl.mzstatic.com/image/thumb/Purple122/v4/79/f7/50/79f7506c-0c34-8672-e315-a47f27ffe1c7/AppIcon-1x_U007emarketing-0-7-85-220.png/100x100bb.png,2026-06-30,de,toppaid,7012,解谜
36,667362389,The Room Two,Fireproof Studios Limited,https://apps.apple.com/de/app/the-room-two/id667362389?uo=2,https://is1-ssl.mzstatic.com/image/thumb/Purple125/v4/2a/19/dd/2a19dd0f-f01d-262d-d82c-c1cf38084c3f/AppIcon-1x_U007emarketing-0-85-220-0-8.png/100x100bb.png,2026-06-30,de,toppaid,7012,解谜
37,6761413198,That's not my Neighbor.,Jurre Vos,https://apps.apple.com/de/app/thats-not-my-neighbor/id6761413198?uo=2,https://is1-ssl.mzstatic.com/image/thumb/Purple221/v4/38/b8/9e/38b89edf-0453-ed1f-46ce-0666c040b23f/AppIcon-1x_U007emarketing-0-8-0-85-220-0.png/100x100bb.png,2026-06-30,de,toppaid,7012,解谜
38,1537362903,Neighbours back From Hell,HandyGames,https://apps.apple.com/de/app/neighbours-back-from-hell/id1537362903?uo=2,https://is1-ssl.mzstatic.com/image/thumb/Purple211/v4/49/f8/b4/49f8b4a2-da47-117c-d795-2a3f1dd0845f/AppIcon-0-0-1x_U007emarketing-0-8-0-85-220.png/100x100bb.png,2026-06-30,de,toppaid,7012,解谜
39,918054748,The Room Three,Fireproof Studios Limited,https://apps.apple.com/de/app/the-room-three/id918054748?uo=2,https://is1-ssl.mzstatic.com/image/thumb/Purple128/v4/9b/be/fa/9bbefa87-a9a5-a8b8-1443-aed1c1740558/AppIcon-1x_U007emarketing-0-85-220-0-8.png/100x100bb.png,2026-06-30,de,toppaid,7012,解谜
40,1269225754,Gorogoa,Annapurna Interactive,https://apps.apple.com/de/app/gorogoa/id1269225754?uo=2,https://is1-ssl.mzstatic.com/image/thumb/Purple128/v4/b4/01/d7/b401d7d4-7fd1-5494-c1f5-5e42bb8da080/AppIcon-0-1x_U007emarketing-0-85-220-0-7.png/100x100bb.png,2026-06-30,de,toppaid,7012,解谜
41,6743181287,Baphomets Fluch: Reforged,Revolution,https://apps.apple.com/de/app/baphomets-fluch-reforged/id6743181287?uo=2,https://is1-ssl.mzstatic.com/image/thumb/Purple221/v4/1e/d1/e8/1ed1e80f-4f18-36cd-9c65-c068e05d13a1/AppIcon-1x_U007epad-0-1-85-220-0.png/100x100bb.png,2026-06-30,de,toppaid,7012,解谜
42,1286676015,The Room: Old Sins,Fireproof Studios Limited,https://apps.apple.com/de/app/the-room-old-sins/id1286676015?uo=2,https://is1-ssl.mzstatic.com/image/thumb/Purple118/v4/79/e5/77/79e5775a-8baa-543b-d2d6-9aeea7a223e5/AppIcon-1x_U007emarketing-0-0-GLES2_U002c0-512MB-sRGB-0-0-0-85-220-0-0-0-5.png/100x100bb.png,2026-06-30,de,toppaid,7012,解谜
43,316491616,TowerMadness,"ZSpectre, Inc.",https://apps.apple.com/de/app/towermadness/id316491616?uo=2,https://is1-ssl.mzstatic.com/image/thumb/Purple113/v4/77/3f/65/773f65fd-9e38-1cb4-67c4-9f18a877c484/AppIcon-0-0-1x_U007emarketing-0-0-0-6-0-0-sRGB-0-0-0-GLES2_U002c0-512MB-85-220-0-0.png/100x100bb.png,2026-06-30,de,toppaid,7012,解谜
44,731645633,Hitman GO,Deca Live Operations GmbH,https://apps.apple.com/de/app/hitman-go/id731645633?uo=2,https://is1-ssl.mzstatic.com/image/thumb/Purple211/v4/7a/23/79/7a2379f3-b3e3-4f59-033d-145e1f7677bc/AppIcon-0-0-1x_U007emarketing-0-8-0-85-220.png/100x100bb.png,2026-06-30,de,toppaid,7012,解谜
45,6469603539,All of You,Alike Studio,https://apps.apple.com/de/app/all-of-you/id6469603539?uo=2,https://is1-ssl.mzstatic.com/image/thumb/Purple221/v4/d8/3c/c9/d83cc9ea-71c0-c61d-bf99-6c763ed8bfb2/AppIcon-0-0-1x_U007emarketing-0-8-0-85-220.png/100x100bb.png,2026-06-30,de,toppaid,7012,解谜
46,6738784151,A Little to the Left: Stars,Secret Mode,https://apps.apple.com/de/app/a-little-to-the-left-stars/id6738784151?uo=2,https://is1-ssl.mzstatic.com/image/thumb/Purple221/v4/58/a8/54/58a85469-2c22-bb02-7a2e-eb316d8c2ef4/AppIcon-0-0-1x_U007emarketing-0-8-0-85-220.png/100x100bb.png,2026-06-30,de,toppaid,7012,解谜
47,1062515791,The House of da Vinci,Blue Brain Games,https://apps.apple.com/de/app/the-house-of-da-vinci/id1062515791?uo=2,https://is1-ssl.mzstatic.com/image/thumb/Purple123/v4/3d/b6/af/3db6af2a-297c-0d3f-9542-8a408a79b5a2/AppIcon-0-0-1x_U007emarketing-0-0-0-9-85-220.png/100x100bb.png,2026-06-30,de,toppaid,7012,解谜
48,6447306697,Cluedo,Marmalade Game Studio,https://apps.apple.com/de/app/cluedo/id6447306697?uo=2,https://is1-ssl.mzstatic.com/image/thumb/Purple221/v4/dd/0f/ae/dd0fae07-9c94-fe0c-7bd5-68274672cb37/AppIcon-0-0-1x_U007emarketing-0-8-0-85-220.png/100x100bb.png,2026-06-30,de,toppaid,7012,解谜
49,1357651989,Tick Tock: A Tale for Two,Other Tales Interactive ApS,https://apps.apple.com/de/app/tick-tock-a-tale-for-two/id1357651989?uo=2,https://is1-ssl.mzstatic.com/image/thumb/Purple221/v4/e0/1f/e8/e01fe8a8-e807-214c-15a2-5137922d93d2/AppIcon-0-0-1x_U007emarketing-0-8-0-85-220.png/100x100bb.png,2026-06-30,de,toppaid,7012,解谜
50,1524371466,Poly Bridge 2,Dry Cactus,https://apps.apple.com/de/app/poly-bridge-2/id1524371466?uo=2,https://is1-ssl.mzstatic.com/image/thumb/Purple116/v4/cc/b7/ce/ccb7ce03-7f0d-9bc8-0d34-5b84d0272c7f/AppIcon-0-0-1x_U007emarketing-0-0-0-7-0-0-sRGB-0-0-0-GLES2_U002c0-512MB-85-220-0-0.png/100x100bb.png,2026-06-30,de,toppaid,7012,解谜
1,479516143,Minecraft,Mojang,https://apps.apple.com/de/app/minecraft/id479516143?uo=2,https://is1-ssl.mzstatic.com/image/thumb/Purple211/v4/fd/17/8c/fd178c91-f3fb-a48a-cd60-1c927536220f/AppIcon-0-0-1x_U007emarketing-0-10-0-85-220.png/100x100bb.png,2026-06-30,de,toppaid,6014,游戏
2,525818839,Plague Inc.,Ndemic Creations,https://apps.apple.com/de/app/plague-inc/id525818839?uo=2,https://is1-ssl.mzstatic.com/image/thumb/Purple221/v4/4c/2e/05/4c2e05a3-8809-22db-0d9b-ded70f5b3cd1/AppIcon-0-0-1x_U007emarketing-0-8-0-0-sRGB-85-220.png/100x100bb.png,2026-06-30,de,toppaid,6014,游戏
3,625334537,Geometry Dash,RobTop Games AB,https://apps.apple.com/de/app/geometry-dash/id625334537?uo=2,https://is1-ssl.mzstatic.com/image/thumb/Purple211/v4/5a/d5/97/5ad5971d-b8ea-d82f-415f-f69be6bde65c/AppIcon-1x_U007emarketing-0-11-0-85-220-0.png/100x100bb.png,2026-06-30,de,toppaid,6014,游戏
4,1482126043,Slaps And Beans,Trinity Team srl,https://apps.apple.com/de/app/slaps-and-beans/id1482126043?uo=2,https://is1-ssl.mzstatic.com/image/thumb/Purple115/v4/5d/52/76/5d527634-f8f4-3c85-caea-c1aab1f6293e/AppIcon-0-0-1x_U007emarketing-0-0-0-7-0-0-sRGB-0-0-0-GLES2_U002c0-512MB-85-220-0-0.png/100x100bb.png,2026-06-30,de,toppaid,6014,游戏
5,575154654,Pou,Zakeh Limited,https://apps.apple.com/de/app/pou/id575154654?uo=2,https://is1-ssl.mzstatic.com/image/thumb/Purple221/v4/ae/b9/81/aeb981e4-c84e-0536-bd0b-4b5370d6f12c/AppIcon-0-0-1x_U007emarketing-0-5-0-85-220.png/100x100bb.png,2026-06-30,de,toppaid,6014,游戏
6,1596736236,Rovio Classics: Angry Birds,Rovio Entertainment Oyj,https://apps.apple.com/de/app/rovio-classics-angry-birds/id1596736236?uo=2,https://is1-ssl.mzstatic.com/image/thumb/Purple126/v4/16/b2/ca/16b2ca07-9218-4469-5e09-29addd3eff9e/AppIcon-1x_U007emarketing-0-7-0-85-220.png/100x100bb.png,2026-06-30,de,toppaid,6014,游戏
7,1118115766,Bloons TD 6,Ninja Kiwi,https://apps.apple.com/de/app/bloons-td-6/id1118115766?uo=2,https://is1-ssl.mzstatic.com/image/thumb/Purple211/v4/fd/7e/12/fd7e1256-26c8-89ac-3924-fe7d08d136c0/AppIcon-0-0-1x_U007emarketing-0-8-0-85-220.png/100x100bb.png,2026-06-30,de,toppaid,6014,游戏
8,1477966166,MONOPOLY,Marmalade Game Studio,https://apps.apple.com/de/app/monopoly/id1477966166?uo=2,https://is1-ssl.mzstatic.com/image/thumb/Purple221/v4/c5/69/60/c5696050-34c0-c346-9b36-9e0d10137801/AppIcon-0-0-1x_U007emarketing-0-8-0-85-220.png/100x100bb.png,2026-06-30,de,toppaid,6014,游戏
9,6502453075,Balatro,Playstack Ltd,https://apps.apple.com/de/app/balatro/id6502453075?uo=2,https://is1-ssl.mzstatic.com/image/thumb/Purple211/v4/6d/d3/0c/6dd30caf-f830-22d5-ba44-448cdff0df30/iOS_AppIcon_Premium-0-0-1x_U007epad-0-1-85-220.png/100x100bb.png,2026-06-30,de,toppaid,6014,游戏
10,891194610,Earn to Die 2,Not Doppler,https://apps.apple.com/de/app/earn-to-die-2/id891194610?uo=2,https://is1-ssl.mzstatic.com/image/thumb/Purple221/v4/fe/cc/ab/feccab35-76b9-2ffa-7a6a-40ea9af24707/AppIcon-1x_U007emarketing-0-7-0-85-220-0.png/100x100bb.png,2026-06-30,de,toppaid,6014,游戏
11,1631859420,After Inc.,Ndemic Creations,https://apps.apple.com/de/app/after-inc/id1631859420?uo=2,https://is1-ssl.mzstatic.com/image/thumb/Purple221/v4/67/77/b5/6777b52c-61c3-40c4-27c9-73cffb0a4ecd/AppIcon-0-0-1x_U007emarketing-0-8-0-85-220.png/100x100bb.png,2026-06-30,de,toppaid,6014,游戏
12,1622869542,Kingdom Rush 5: Alliance TD,Ironhide S.A.,https://apps.apple.com/de/app/kingdom-rush-5-alliance-td/id1622869542?uo=2,https://is1-ssl.mzstatic.com/image/thumb/Purple221/v4/37/b7/0d/37b70dd2-119e-0983-504e-35b13eef8564/AppIcon-0-0-1x_U007emarketing-0-8-0-85-220.png/100x100bb.png,2026-06-30,de,toppaid,6014,游戏
13,1406710800,Stardew Valley,ConcernedApe,https://apps.apple.com/de/app/stardew-valley/id1406710800?uo=2,https://is1-ssl.mzstatic.com/image/thumb/Purple211/v4/0e/df/12/0edf1230-3f6e-fbb3-7f72-f2aa844d100a/AppIcons-0-0-1x_U007emarketing-0-8-0-85-220.png/100x100bb.png,2026-06-30,de,toppaid,6014,游戏
14,763708676,Grand Theft Auto: San Andreas,Rockstar Games,https://apps.apple.com/de/app/grand-theft-auto-san-andreas/id763708676?uo=2,https://is1-ssl.mzstatic.com/image/thumb/Purple221/v4/20/82/1e/20821ed0-72ef-c657-af8c-a63bf6fbc703/AppIcon-0-0-1x_U007emarketing-0-7-0-85-220.png/100x100bb.png,2026-06-30,de,toppaid,6014,游戏
15,6748056918,Farming Simulator 26 Mobile,GIANTS Software GmbH,https://apps.apple.com/de/app/farming-simulator-26-mobile/id6748056918?uo=2,https://is1-ssl.mzstatic.com/image/thumb/Purple221/v4/34/9b/55/349b557c-8493-3a66-ddca-27b359b08b37/AppIcon-0-0-1x_U007emarketing-0-11-0-85-220.png/100x100bb.png,2026-06-30,de,toppaid,6014,游戏
16,6760708552,The Completionist: 1990 – 1999,Frosty Pop,https://apps.apple.com/de/app/the-completionist-1990-1999/id6760708552?uo=2,https://is1-ssl.mzstatic.com/image/thumb/Purple211/v4/c6/36/78/c636785e-ac04-cd25-e197-c2a9e2c2c4c6/AppIcon-0-0-1x_U007epad-0-1-85-220.png/100x100bb.png,2026-06-30,de,toppaid,6014,游戏
17,1093131935,Incredibox,So Far So Good,https://apps.apple.com/de/app/incredibox/id1093131935?uo=2,https://is1-ssl.mzstatic.com/image/thumb/Purple211/v4/d0/2b/6c/d02b6c61-94fe-4863-56ae-a2a522061147/AppIcon-0-0-1x_U007epad-0-1-85-220.png/100x100bb.png,2026-06-30,de,toppaid,6014,游戏
18,6758328352,Scritchy Scratchy,Funday Games ApS,https://apps.apple.com/de/app/scritchy-scratchy/id6758328352?uo=2,https://is1-ssl.mzstatic.com/image/thumb/Purple211/v4/58/06/c2/5806c2e0-3d8d-760f-e40d-b7b0b8d3e691/AppIcon-0-0-1x_U007emarketing-0-8-0-85-220.png/100x100bb.png,2026-06-30,de,toppaid,6014,游戏
19,6751800752,"Dwarves: Glory, Death and Loot",Sidekick Publishing GmbH,https://apps.apple.com/de/app/dwarves-glory-death-and-loot/id6751800752?uo=2,https://is1-ssl.mzstatic.com/image/thumb/Purple211/v4/ae/b2/d0/aeb2d03a-1640-2bae-b7a7-16a10d59dcee/AppIcon-0-0-1x_U007emarketing-0-8-0-85-220.png/100x100bb.png,2026-06-30,de,toppaid,6014,游戏
20,6754894237,CloverPit,Future Friends Games,https://apps.apple.com/de/app/cloverpit/id6754894237?uo=2,https://is1-ssl.mzstatic.com/image/thumb/Purple221/v4/3d/83/4f/3d834fff-7e41-dbe7-06ff-e91fd0422963/AppIcon-0-0-1x_U007emarketing-0-8-0-85-220.png/100x100bb.png,2026-06-30,de,toppaid,6014,游戏
21,582857276,Grand Theft Auto: ViceCity,Rockstar Games,https://apps.apple.com/de/app/grand-theft-auto-vicecity/id582857276?uo=2,https://is1-ssl.mzstatic.com/image/thumb/Purple114/v4/a5/ef/96/a5ef96ca-eb60-4eb4-b42f-fe4fe46f05d3/AppIcon-0-1x_U007emarketing-85-220-4.png/100x100bb.png,2026-06-30,de,toppaid,6014,游戏
22,6572290447,Backpack Battles,Yaozuo Games Ltd,https://apps.apple.com/de/app/backpack-battles/id6572290447?uo=2,https://is1-ssl.mzstatic.com/image/thumb/Purple211/v4/3f/d2/da/3fd2da64-c925-6fd6-d7fd-b476ed80644a/AppIcon-0-0-1x_U007emarketing-0-6-0-0-85-220.png/100x100bb.png,2026-06-30,de,toppaid,6014,游戏
23,837860959,Mini Metro,Dinosaur Polo Club,https://apps.apple.com/de/app/mini-metro/id837860959?uo=2,https://is1-ssl.mzstatic.com/image/thumb/Purple211/v4/7a/ed/56/7aed5613-8242-de14-d125-fffdaebe8c7c/AppIcon-1x_U007emarketing-0-8-0-85-220-0.png/100x100bb.png,2026-06-30,de,toppaid,6014,游戏
24,563718995,Bloons TD 5,Ninja Kiwi,https://apps.apple.com/de/app/bloons-td-5/id563718995?uo=2,https://is1-ssl.mzstatic.com/image/thumb/Purple211/v4/11/30/a5/1130a5bc-ae59-1c34-1e91-e16146586ff3/AppIcon-0-0-1x_U007emarketing-0-4-85-220.png/100x100bb.png,2026-06-30,de,toppaid,6014,游戏
25,1444761746,RFS - Real Flight Simulator,RORTOS SRL,https://apps.apple.com/de/app/rfs-real-flight-simulator/id1444761746?uo=2,https://is1-ssl.mzstatic.com/image/thumb/Purple211/v4/f7/84/61/f7846127-451e-aaa2-f400-a39dee2024c0/AppIcon-1x_U007emarketing-0-8-0-85-220-0.png/100x100bb.png,2026-06-30,de,toppaid,6014,游戏
26,6759327317,Complexo Favela,Bruno Santana,https://apps.apple.com/de/app/complexo-favela/id6759327317?uo=2,https://is1-ssl.mzstatic.com/image/thumb/Purple221/v4/00/b9/c9/00b9c950-48dc-a598-0589-04cc04d08f45/AppIcon-0-0-1x_U007emarketing-0-8-0-85-220.png/100x100bb.png,2026-06-30,de,toppaid,6014,游戏
27,1491530147,Slay the Spire,Balor Games,https://apps.apple.com/de/app/slay-the-spire/id1491530147?uo=2,https://is1-ssl.mzstatic.com/image/thumb/Purple221/v4/91/0c/92/910c920a-0ab6-1939-e297-083995b640c7/AppIcon-1x_U007emarketing-0-11-0-0-85-220-0.png/100x100bb.png,2026-06-30,de,toppaid,6014,游戏
28,1474716211,60 Seconds! Reatomized,Robot Gentleman sp. z o.o.,https://apps.apple.com/de/app/60-seconds-reatomized/id1474716211?uo=2,https://is1-ssl.mzstatic.com/image/thumb/Purple126/v4/47/ff/04/47ff0468-ecd4-9b2e-2faa-c63c1bef4215/AppIcon-0-0-1x_U007emarketing-0-0-0-7-0-0-sRGB-0-0-0-GLES2_U002c0-512MB-85-220-0-0.png/100x100bb.png,2026-06-30,de,toppaid,6014,游戏
29,6747814605,Is This Seat Taken?,Poti Poti Studio,https://apps.apple.com/de/app/is-this-seat-taken/id6747814605?uo=2,https://is1-ssl.mzstatic.com/image/thumb/Purple211/v4/16/24/d5/1624d5e2-611f-9cee-cb5e-e596962c809f/AppIcon-0-0-1x_U007emarketing-0-8-0-85-220.png/100x100bb.png,2026-06-30,de,toppaid,6014,游戏
30,824305459,Papa's Freezeria To Go!,Flipline Studios,https://apps.apple.com/de/app/papas-freezeria-to-go/id824305459?uo=2,https://is1-ssl.mzstatic.com/image/thumb/Purple124/v4/44/d1/bb/44d1bb03-8871-ff83-c212-5c55b0f335a6/AppIcon-1x_U007emarketing-0-0-GLES2_U002c0-512MB-sRGB-0-0-0-85-220-0-0-0-6.png/100x100bb.png,2026-06-30,de,toppaid,6014,游戏
31,1320681231,Bring You Home,Alike Studio,https://apps.apple.com/de/app/bring-you-home/id1320681231?uo=2,https://is1-ssl.mzstatic.com/image/thumb/Purple118/v4/2e/bb/4e/2ebb4eb2-5b8a-2e06-d47e-f919fc0352d4/AppIcon-1x_U007emarketing-0-0-GLES2_U002c0-512MB-P3-0-0-0-85-220-0-0-0-3.png/100x100bb.png,2026-06-30,de,toppaid,6014,游戏
32,6747752407,Gambonanza,Stray Fawn Studio,https://apps.apple.com/de/app/gambonanza/id6747752407?uo=2,https://is1-ssl.mzstatic.com/image/thumb/Purple221/v4/a0/48/dd/a048dda3-5e2d-a94a-55fd-73ac4ae9fa1f/AppIcon-0-0-1x_U007emarketing-0-8-0-85-220.png/100x100bb.png,2026-06-30,de,toppaid,6014,游戏
33,1573482724,Coffee Inc 2,Side Labs LLC,https://apps.apple.com/de/app/coffee-inc-2/id1573482724?uo=2,https://is1-ssl.mzstatic.com/image/thumb/Purple221/v4/2c/53/80/2c538043-4840-f11e-a0b5-3daf9c101a9a/AppIcon-0-0-1x_U007epad-0-1-0-sRGB-85-220.png/100x100bb.png,2026-06-30,de,toppaid,6014,游戏
34,554937499,Earn to Die,Not Doppler,https://apps.apple.com/de/app/earn-to-die/id554937499?uo=2,https://is1-ssl.mzstatic.com/image/thumb/Purple128/v4/0f/b3/b0/0fb3b02a-8b71-2854-e478-04b9c5ec66ff/mzl.sdmrqvyg.png/100x100bb.png,2026-06-30,de,toppaid,6014,游戏
35,6736947355,Slaps And Beans 2,Trinity Team srl,https://apps.apple.com/de/app/slaps-and-beans-2/id6736947355?uo=2,https://is1-ssl.mzstatic.com/image/thumb/Purple221/v4/48/82/88/4882889f-5d24-4be5-c399-2d50d115d9a1/AppIcon-0-0-1x_U007emarketing-0-7-0-85-220.png/100x100bb.png,2026-06-30,de,toppaid,6014,游戏
36,503190232,Bridge Constructor,Headup GmbH,https://apps.apple.com/de/app/bridge-constructor/id503190232?uo=2,https://is1-ssl.mzstatic.com/image/thumb/Purple221/v4/01/86/49/018649bf-62ad-4138-8711-1c32f384efbe/AppIcon-0-0-1x_U007emarketing-0-8-0-85-220.png/100x100bb.png,2026-06-30,de,toppaid,6014,游戏
37,904737816,Kingdom Rush Origins TD,Ironhide S.A.,https://apps.apple.com/de/app/kingdom-rush-origins-td/id904737816?uo=2,https://is1-ssl.mzstatic.com/image/thumb/Purple221/v4/32/ca/a0/32caa08b-9a28-5001-adc9-c6378fcb40a7/AppIcon-0-0-1x_U007emarketing-0-6-0-85-220.png/100x100bb.png,2026-06-30,de,toppaid,6014,游戏
38,1563932741,Tabu - Offizielles Spiel,Marmalade Game Studio,https://apps.apple.com/de/app/tabu-offizielles-spiel/id1563932741?uo=2,https://is1-ssl.mzstatic.com/image/thumb/Purple211/v4/c3/20/49/c320498f-07ad-e040-6a96-7dd1abe5b04b/AppIcon-0-0-1x_U007emarketing-0-8-0-85-220.png/100x100bb.png,2026-06-30,de,toppaid,6014,游戏
39,598581396,Kingdom Rush Frontiers TD,Ironhide S.A.,https://apps.apple.com/de/app/kingdom-rush-frontiers-td/id598581396?uo=2,https://is1-ssl.mzstatic.com/image/thumb/Purple211/v4/91/38/e8/9138e824-612f-bc7f-0ab7-08721351c929/AppIcon-0-0-1x_U007emarketing-0-6-0-85-220.png/100x100bb.png,2026-06-30,de,toppaid,6014,游戏
40,1248033433,Kingdom Rush Vengeance TD Game,Ironhide S.A.,https://apps.apple.com/de/app/kingdom-rush-vengeance-td-game/id1248033433?uo=2,https://is1-ssl.mzstatic.com/image/thumb/Purple211/v4/fa/31/be/fa31be34-f67f-2709-d6e4-4f09f8cc757f/AppIcon-0-0-1x_U007emarketing-0-8-0-85-220.png/100x100bb.png,2026-06-30,de,toppaid,6014,游戏
41,728293409,Monument Valley,ustwo games,https://apps.apple.com/de/app/monument-valley/id728293409?uo=2,https://is1-ssl.mzstatic.com/image/thumb/Purple211/v4/21/8e/d8/218ed8a3-c616-9ec7-419e-368073b9deb7/AppIcon-0-0-1x_U007emarketing-0-8-0-85-220.png/100x100bb.png,2026-06-30,de,toppaid,6014,游戏
42,1059911569,Rusty Lake Hotel,Rusty Lake,https://apps.apple.com/de/app/rusty-lake-hotel/id1059911569?uo=2,https://is1-ssl.mzstatic.com/image/thumb/Purple115/v4/19/cc/4a/19cc4a4b-ac70-bcc8-b2f8-84f1eac2ecae/AppIcon-1x_U007emarketing-0-0-GLES2_U002c0-512MB-sRGB-0-0-0-85-220-0-0-0-3.png/100x100bb.png,2026-06-30,de,toppaid,6014,游戏
43,335029050,Catan Classic,USM,https://apps.apple.com/de/app/catan-classic/id335029050?uo=2,https://is1-ssl.mzstatic.com/image/thumb/Purple116/v4/7a/86/a7/7a86a73d-0830-83c0-28c3-be203f76a5db/AppIcon-1x_U007emarketing-0-6-0-85-220-0.png/100x100bb.png,2026-06-30,de,toppaid,6014,游戏
44,6757846100,"This Aint Even Poker, Ya Joker",Doghowl Games Ltd.,https://apps.apple.com/de/app/this-aint-even-poker-ya-joker/id6757846100?uo=2,https://is1-ssl.mzstatic.com/image/thumb/Purple211/v4/5a/ea/2a/5aea2a69-a730-bc9f-cfef-5d3c1c2f033e/AppIcon-0-0-1x_U007emarketing-0-8-0-85-220.png/100x100bb.png,2026-06-30,de,toppaid,6014,游戏
45,640364616,Terraria,"505 Games (US), Inc.",https://apps.apple.com/de/app/terraria/id640364616?uo=2,https://is1-ssl.mzstatic.com/image/thumb/Purple221/v4/12/1b/e8/121be88a-adf0-6fb1-60bc-19cc9c156a11/AppIcon-1x_U007emarketing-0-8-0-85-220-0.png/100x100bb.png,2026-06-30,de,toppaid,6014,游戏
46,6743115658,TABS Pocket Edition,Landfall Games,https://apps.apple.com/de/app/tabs-pocket-edition/id6743115658?uo=2,https://is1-ssl.mzstatic.com/image/thumb/Purple211/v4/dc/7f/75/dc7f75c6-81f2-e048-d0a2-675fd8e4c875/AppIcon-1x_U007emarketing-0-8-0-85-220-0.png/100x100bb.png,2026-06-30,de,toppaid,6014,游戏
47,1642601792,The Past Within,Rusty Lake,https://apps.apple.com/de/app/the-past-within/id1642601792?uo=2,https://is1-ssl.mzstatic.com/image/thumb/Purple211/v4/bb/2c/df/bb2cdff2-5289-a7b8-da79-4b7323917d16/AppIcon-0-0-1x_U007emarketing-0-7-0-85-220.png/100x100bb.png,2026-06-30,de,toppaid,6014,游戏
48,6547834967,Animal Crossing: Pocket Camp C,"Nintendo Co., Ltd.",https://apps.apple.com/de/app/animal-crossing-pocket-camp-c/id6547834967?uo=2,https://is1-ssl.mzstatic.com/image/thumb/Purple211/v4/2e/d8/cb/2ed8cbc4-e7dc-ec02-bfa3-e4f5641c9a97/AppIcon-1x_U007emarketing-0-7-0-85-220-0.png/100x100bb.png,2026-06-30,de,toppaid,6014,游戏
49,904278510,Hitman Sniper,Deca Live Operations GmbH,https://apps.apple.com/de/app/hitman-sniper/id904278510?uo=2,https://is1-ssl.mzstatic.com/image/thumb/Purple211/v4/d6/b6/a7/d6b6a7d3-0bf1-5037-ffdf-b3e310eef217/AppIcon-0-0-1x_U007emarketing-0-8-0-85-220.png/100x100bb.png,2026-06-30,de,toppaid,6014,游戏
50,1668755109,Brotato:Premium,Erabit Studios,https://apps.apple.com/de/app/brotato-premium/id1668755109?uo=2,https://is1-ssl.mzstatic.com/image/thumb/Purple211/v4/15/91/21/15912114-0b29-4521-f76e-b827db11324a/AppIcon-1x_U007emarketing-0-8-0-85-220-0.png/100x100bb.png,2026-06-30,de,toppaid,6014,游戏
1,1563932741,Tabu - Offizielles Spiel,Marmalade Game Studio,https://apps.apple.com/de/app/tabu-offizielles-spiel/id1563932741?uo=2,https://is1-ssl.mzstatic.com/image/thumb/Purple211/v4/c3/20/49/c320498f-07ad-e040-6a96-7dd1abe5b04b/AppIcon-0-0-1x_U007emarketing-0-8-0-85-220.png/100x100bb.png,2026-06-30,de,toppaid,7019,文字
2,623592465,Heads Up!,Warner Bros.,https://apps.apple.com/de/app/heads-up/id623592465?uo=2,https://is1-ssl.mzstatic.com/image/thumb/Purple211/v4/a3/27/33/a32733ef-8c13-9c09-4a43-085476244d57/AppIcon-0-0-1x_U007emarketing-0-8-0-85-220.png/100x100bb.png,2026-06-30,de,toppaid,7019,文字
3,6785008015,Color Sneak: Room Escape,THAMI NADRI,https://apps.apple.com/de/app/color-sneak-room-escape/id6785008015?uo=2,https://is1-ssl.mzstatic.com/image/thumb/Purple211/v4/f9/39/92/f93992da-6658-778a-48d5-e75d2b782c94/AppIcon-0-0-1x_U007emarketing-0-8-0-85-220.png/100x100bb.png,2026-06-30,de,toppaid,7019,文字
4,859802575,Funktionelle Gruppen in Chemie,Andrey Solovyev,https://apps.apple.com/de/app/funktionelle-gruppen-in-chemie/id859802575?uo=2,https://is1-ssl.mzstatic.com/image/thumb/Purple118/v4/97/fb/71/97fb7192-8c26-1b20-444c-ebf6373dc64a/AppIcon-1x_U007emarketing-85-220-6.png/100x100bb.png,2026-06-30,de,toppaid,7019,文字
5,980016643,Word Master Pro,Luis Gualandi,https://apps.apple.com/de/app/word-master-pro/id980016643?uo=2,https://is1-ssl.mzstatic.com/image/thumb/Purple221/v4/45/23/ee/4523ee0d-f6b0-63c6-babd-cfd76f423742/AppIcon-0-0-1x_U007emarketing-0-5-85-220.png/100x100bb.png,2026-06-30,de,toppaid,7019,文字
6,6757950840,Scriver: A Word Game,Justin Nguyen,https://apps.apple.com/de/app/scriver-a-word-game/id6757950840?uo=2,https://is1-ssl.mzstatic.com/image/thumb/Purple211/v4/06/6c/7a/066c7ab5-b1fb-6d53-d24f-88ab1c4f4dce/AppIcon-0-0-1x_U007emarketing-0-8-0-85-220.png/100x100bb.png,2026-06-30,de,toppaid,7019,文字
7,678426772,Kreuzgitter Wort-Rätsel +,Havos,https://apps.apple.com/de/app/kreuzgitter-wort-r%C3%A4tsel/id678426772?uo=2,https://is1-ssl.mzstatic.com/image/thumb/Purple116/v4/07/81/67/078167aa-7b48-e685-288d-a99e9befbc64/AppIcon-0-0-1x_U007emarketing-0-4-85-220.png/100x100bb.png,2026-06-30,de,toppaid,7019,文字
8,590330669,Wortsuche Rätsel ohne Ende,Sergio Licea,https://apps.apple.com/de/app/wortsuche-r%C3%A4tsel-ohne-ende/id590330669?uo=2,https://is1-ssl.mzstatic.com/image/thumb/Purple221/v4/11/59/34/115934e5-6ef7-afde-b60b-a07ebe0ffef8/AppIcon-0-0-1x_U007epad-0-1-0-85-220.png/100x100bb.png,2026-06-30,de,toppaid,7019,文字
9,1093761754,Руки вверх: игра Слово на лбу,Alisa Potapova,https://apps.apple.com/de/app/%D1%80%D1%83%D0%BA%D0%B8-%D0%B2%D0%B2%D0%B5%D1%80%D1%85-%D0%B8%D0%B3%D1%80%D0%B0-%D1%81%D0%BB%D0%BE%D0%B2%D0%BE-%D0%BD%D0%B0-%D0%BB%D0%B1%D1%83/id1093761754?uo=2,https://is1-ssl.mzstatic.com/image/thumb/Purple221/v4/cd/8e/ea/cd8eea38-8835-5cd8-213c-d3a78159a71b/AppIcon-0-0-1x_U007epad-0-1-0-0-85-220.png/100x100bb.png,2026-06-30,de,toppaid,7019,文字
10,785308886,Deutsches Kreuzworträtsel +,Havos,https://apps.apple.com/de/app/deutsches-kreuzwortr%C3%A4tsel/id785308886?uo=2,https://is1-ssl.mzstatic.com/image/thumb/Purple116/v4/cb/dd/18/cbdd18bf-e2c2-9be4-cd33-0ed23f566d83/AppIcon-0-0-1x_U007emarketing-0-4-85-220.png/100x100bb.png,2026-06-30,de,toppaid,7019,文字
11,6446205001,Tick Tack Bumm,Piatnik,https://apps.apple.com/de/app/tick-tack-bumm/id6446205001?uo=2,https://is1-ssl.mzstatic.com/image/thumb/Purple221/v4/78/80/2f/78802f68-6b19-22d6-1ffd-2ccdb840e78a/AppIcon-1x_U007ephone-0-85-220-0.jpeg/100x100bb.png,2026-06-30,de,toppaid,7019,文字
12,1643768799,Silben lesen lernen Pro,Raffaele Tasso,https://apps.apple.com/de/app/silben-lesen-lernen-pro/id1643768799?uo=2,https://is1-ssl.mzstatic.com/image/thumb/Purple211/v4/28/a4/76/28a47676-314a-aae6-be35-7eb408f9d0c1/AppIcon-0-0-1x_U007emarketing-0-8-0-85-220.png/100x100bb.png,2026-06-30,de,toppaid,7019,文字
13,6455940842,Worlds of Words,Ignas Velza,https://apps.apple.com/de/app/worlds-of-words/id6455940842?uo=2,https://is1-ssl.mzstatic.com/image/thumb/Purple211/v4/03/c9/6f/03c96fc3-accb-bafa-8666-c03a1d2b0abe/AppIcon-0-0-1x_U007emarketing-0-6-0-85-220.png/100x100bb.png,2026-06-30,de,toppaid,7019,文字
14,882323253,Puzzle Kreuzwort +,Havos,https://apps.apple.com/de/app/puzzle-kreuzwort/id882323253?uo=2,https://is1-ssl.mzstatic.com/image/thumb/Purple116/v4/0c/e3/d2/0ce3d287-9dd8-6e40-0b16-79b03e3e8951/AppIcon-0-0-1x_U007emarketing-0-4-85-220.png/100x100bb.png,2026-06-30,de,toppaid,7019,文字
15,672002602,Blackbar,Mrgan LLC,https://apps.apple.com/de/app/blackbar/id672002602?uo=2,https://is1-ssl.mzstatic.com/image/thumb/Purple122/v4/63/e0/3e/63e03ead-abd2-09ae-0958-c9dfdd93887d/AppIcon-1x_U007emarketing-0-6-0-85-220.png/100x100bb.png,2026-06-30,de,toppaid,7019,文字
16,887299906,Steroide - Chemische Formeln,Andrey Solovyev,https://apps.apple.com/de/app/steroide-chemische-formeln/id887299906?uo=2,https://is1-ssl.mzstatic.com/image/thumb/Purple118/v4/ee/b5/f9/eeb5f919-a309-1011-2f97-fbc7d9f9df99/pr_source.png/100x100bb.png,2026-06-30,de,toppaid,7019,文字
17,6470131212,Wörtel,CHHB,https://apps.apple.com/de/app/w%C3%B6rtel/id6470131212?uo=2,https://is1-ssl.mzstatic.com/image/thumb/Purple126/v4/0e/7d/b1/0e7db101-5f94-2fe7-11a8-4e16bed0f134/AppIcon-0-0-1x_U007epad-0-85-220.png/100x100bb.png,2026-06-30,de,toppaid,7019,文字
18,1135172555,CHARADES: Guess word on heads,Alisa Potapova,https://apps.apple.com/de/app/charades-guess-word-on-heads/id1135172555?uo=2,https://is1-ssl.mzstatic.com/image/thumb/Purple211/v4/6c/a5/24/6ca524a0-dec1-8f88-c0f0-354b19ae931c/AppIcon-0-0-1x_U007epad-0-1-0-0-85-220.png/100x100bb.png,2026-06-30,de,toppaid,7019,文字
19,1041680820,Logicals Pro,Christian Lueth,https://apps.apple.com/de/app/logicals-pro/id1041680820?uo=2,https://is1-ssl.mzstatic.com/image/thumb/Purple221/v4/23/32/9d/23329d0c-4631-cb3c-9d2e-84c586535da3/AppIcon-0-0-1x_U007emarketing-0-11-0-85-220.png/100x100bb.png,2026-06-30,de,toppaid,7019,文字
20,444844790,Scribblenauts Remix,Warner Bros.,https://apps.apple.com/de/app/scribblenauts-remix/id444844790?uo=2,https://is1-ssl.mzstatic.com/image/thumb/Purple115/v4/3c/75/a7/3c75a7da-fdd3-3d8a-a2bc-121c47a1302f/mzl.oyovosxr.png/100x100bb.png,2026-06-30,de,toppaid,7019,文字
21,1205201517,Subwords: Puzzle & Worträtsel,Klemens Strasser,https://apps.apple.com/de/app/subwords-puzzle-wortr%C3%A4tsel/id1205201517?uo=2,https://is1-ssl.mzstatic.com/image/thumb/Purple221/v4/d2/0f/31/d20f318c-2901-ecf4-4747-040812a62aa2/AppIcon-0-0-1x_U007emarketing-0-7-0-85-220.png/100x100bb.png,2026-06-30,de,toppaid,7019,文字
22,383876860,Heyduda! Kinder lernen Tiere,zeec GmbH,https://apps.apple.com/de/app/heyduda-kinder-lernen-tiere/id383876860?uo=2,https://is1-ssl.mzstatic.com/image/thumb/Purple128/v4/5b/7d/04/5b7d0401-bc93-95c7-dcc1-f3b8e59a01d8/pr_source.png/100x100bb.png,2026-06-30,de,toppaid,7019,文字
23,332737626,Kreuz & Quer – spannende Wortsuche,TouchingCode Disitribution GmbH,https://apps.apple.com/de/app/kreuz-quer-spannende-wortsuche/id332737626?uo=2,https://is1-ssl.mzstatic.com/image/thumb/Purple127/v4/3d/ed/e3/3dede307-9262-28e5-9bca-c4f4236f03dc/contsched.pqfhenwh.png/100x100bb.png,2026-06-30,de,toppaid,7019,文字
24,589176964,Wer wird Milliardär? PRO,Dimitri Herber,https://apps.apple.com/de/app/wer-wird-milliard%C3%A4r-pro/id589176964?uo=2,https://is1-ssl.mzstatic.com/image/thumb/Purple221/v4/7b/25/7a/7b257a12-041e-3e40-2419-a3516d24b2a0/AppIcon-0-0-1x_U007emarketing-0-11-0-85-220.png/100x100bb.png,2026-06-30,de,toppaid,7019,文字
25,715048833,King of Booze: Trinkspiel,Boris Mikic,https://apps.apple.com/de/app/king-of-booze-trinkspiel/id715048833?uo=2,https://is1-ssl.mzstatic.com/image/thumb/Purple124/v4/df/5f/b8/df5fb8a7-bfc8-7851-9234-10b1adbae0a9/AppIcon-0-1x_U007emarketing-0-85-220-0-7.png/100x100bb.png,2026-06-30,de,toppaid,7019,文字
26,1349292121,supertype,Philipp Stollenmayer,https://apps.apple.com/de/app/supertype/id1349292121?uo=2,https://is1-ssl.mzstatic.com/image/thumb/Purple221/v4/49/98/0e/49980e24-3627-b7bd-8615-60e7786a641b/AppIcon-1x_U007emarketing-0-7-85-220-0.png/100x100bb.png,2026-06-30,de,toppaid,7019,文字
27,990554894,easy! Gehirnjogging Deluxe!,Jan Essig,https://apps.apple.com/de/app/easy-gehirnjogging-deluxe/id990554894?uo=2,https://is1-ssl.mzstatic.com/image/thumb/Purple112/v4/bc/cd/d3/bccdd364-843e-a67e-b484-11ba04f1ecbf/AppIcon-1x_U007emarketing-0-7-85-220.png/100x100bb.png,2026-06-30,de,toppaid,7019,文字
28,401190617,Heyduda! Kinder lernen Essen,zeec GmbH,https://apps.apple.com/de/app/heyduda-kinder-lernen-essen/id401190617?uo=2,https://is1-ssl.mzstatic.com/image/thumb/Purple128/v4/f0/fd/92/f0fd92db-8a8d-8289-2582-209f93915649/pr_source.png/100x100bb.png,2026-06-30,de,toppaid,7019,文字
29,952658953,Her Story,Sam Barlow,https://apps.apple.com/de/app/her-story/id952658953?uo=2,https://is1-ssl.mzstatic.com/image/thumb/Purple1/v4/f9/50/21/f950219d-90d5-a804-077c-459d6284ffbe/mzl.ngujptgp.png/100x100bb.png,2026-06-30,de,toppaid,7019,文字
30,575809945,ACTIVITY Pocket,Piatnik,https://apps.apple.com/de/app/activity-pocket/id575809945?uo=2,https://is1-ssl.mzstatic.com/image/thumb/Purple116/v4/a2/fd/d4/a2fdd472-b495-de7c-ef92-8438792f806f/AppIcon-0-0-1x_U007emarketing-0-0-0-5-0-0-sRGB-0-0-0-GLES2_U002c0-512MB-85-220-0-0.png/100x100bb.png,2026-06-30,de,toppaid,7019,文字
31,327456838,Hangman Pro,Optime Software LLC,https://apps.apple.com/de/app/hangman-pro/id327456838?uo=2,https://is1-ssl.mzstatic.com/image/thumb/Purple122/v4/e5/11/df/e511dfca-0c72-0315-6454-7e11dcb72a0c/mzl.gxxnnhsl.png/100x100bb.png,2026-06-30,de,toppaid,7019,文字
32,834706017,Griechische Buchstaben 2: Quiz,Andrey Solovyev,https://apps.apple.com/de/app/griechische-buchstaben-2-quiz/id834706017?uo=2,https://is1-ssl.mzstatic.com/image/thumb/Purple118/v4/fb/00/5d/fb005d53-7ceb-7c7b-bf9c-97ee160ac5fa/pr_source.png/100x100bb.png,2026-06-30,de,toppaid,7019,文字
33,1282896869,Letter²,Philipp Stollenmayer,https://apps.apple.com/de/app/letter/id1282896869?uo=2,https://is1-ssl.mzstatic.com/image/thumb/Purple115/v4/e3/74/c1/e374c191-4d65-a279-24b5-12254dea5909/AppIcon-1x_U007emarketing-85-220-6.png/100x100bb.png,2026-06-30,de,toppaid,7019,文字
34,459318432,The Wiki Game!,"Hey Good Game, Inc.",https://apps.apple.com/de/app/the-wiki-game/id459318432?uo=2,https://is1-ssl.mzstatic.com/image/thumb/Purple221/v4/03/53/c8/0353c8f8-7b3d-987a-0ffc-23ecf1b22c39/AppIcon-0-0-1x_U007emarketing-0-6-0-85-220.png/100x100bb.png,2026-06-30,de,toppaid,7019,文字
35,488667779,Erste Wörter: Deluxe,JP Game LLC,https://apps.apple.com/de/app/erste-w%C3%B6rter-deluxe/id488667779?uo=2,https://is1-ssl.mzstatic.com/image/thumb/Purple115/v4/f5/6e/d8/f56ed891-85a0-4dc0-1e18-1445d7c21778/AppIcon-1x_U007emarketing-0-7-0-85-220.png/100x100bb.png,2026-06-30,de,toppaid,7019,文字
36,795112525,Kohlenwasserstoffe: Strukturen,Andrey Solovyev,https://apps.apple.com/de/app/kohlenwasserstoffe-strukturen/id795112525?uo=2,https://is1-ssl.mzstatic.com/image/thumb/Purple118/v4/04/ed/03/04ed0376-d62f-2458-f018-5a16cd4a972c/pr_source.png/100x100bb.png,2026-06-30,de,toppaid,7019,文字
37,596061893,Abc-Rad,Thorsten Seitz,https://apps.apple.com/de/app/abc-rad/id596061893?uo=2,https://is1-ssl.mzstatic.com/image/thumb/Purple123/v4/62/a8/5f/62a85ff6-5612-1953-43ad-2e1e7f591e0a/AppIcon-0-0-1x_U007emarketing-0-0-0-7-0-0-sRGB-0-0-0-GLES2_U002c0-512MB-85-220-0-0.png/100x100bb.png,2026-06-30,de,toppaid,7019,文字
38,1052616405,"Dativ, Genitiv & Co.",Swift Management AG,https://apps.apple.com/de/app/dativ-genitiv-co/id1052616405?uo=2,https://is1-ssl.mzstatic.com/image/thumb/Purple211/v4/0a/09/3b/0a093b74-8749-3235-0b82-7e173fd04040/AppIcon-0-0-1x_U007epad-0-1-85-220.png/100x100bb.png,2026-06-30,de,toppaid,7019,文字
39,1102825551,Pantomime für Kinder - Das Partyspiel: Wer errät den dargestellten Begriff?,Mario Guenther-Bruns,https://apps.apple.com/de/app/pantomime-f%C3%BCr-kinder-das-partyspiel-wer-err%C3%A4t-den-dargestellten/id1102825551?uo=2,https://is1-ssl.mzstatic.com/image/thumb/Purple49/v4/51/7b/20/517b20cc-9eef-9482-8257-31d8c250359a/pr_source.png/100x100bb.png,2026-06-30,de,toppaid,7019,文字
40,937976391,Heads Up! Charades for Kids,Warner Bros.,https://apps.apple.com/de/app/heads-up-charades-for-kids/id937976391?uo=2,https://is1-ssl.mzstatic.com/image/thumb/Purple125/v4/98/04/84/9804842b-9773-85b5-1fda-8c801e03f16b/AppIconBETA-1x_U007emarketing-0-5-0-85-220.png/100x100bb.png,2026-06-30,de,toppaid,7019,文字
41,1261458837,Telling Lies,Annapurna Interactive,https://apps.apple.com/de/app/telling-lies/id1261458837?uo=2,https://is1-ssl.mzstatic.com/image/thumb/Purple113/v4/a0/56/ba/a056baac-d087-3d00-4bf0-59f9db53c7c2/AppIcon-0-1x_U007emarketing-0-0-GLES2_U002c0-512MB-sRGB-0-0-0-85-220-0-0-0-7.png/100x100bb.png,2026-06-30,de,toppaid,7019,文字
42,333262544,Whirly Word,Mighty Mighty Good Games,https://apps.apple.com/de/app/whirly-word/id333262544?uo=2,https://is1-ssl.mzstatic.com/image/thumb/Purple115/v4/1b/e8/8b/1be88bb3-108e-207d-eb11-dad7ee1ac1c6/AppIcon-0-0-1x_U007emarketing-0-0-0-6-0-0-sRGB-0-0-0-GLES2_U002c0-512MB-85-220-0-0.jpeg/100x100bb.png,2026-06-30,de,toppaid,7019,文字
43,1392948321,Photographs - Puzzle Stories,EightyEight Games LTD,https://apps.apple.com/de/app/photographs-puzzle-stories/id1392948321?uo=2,https://is1-ssl.mzstatic.com/image/thumb/Purple123/v4/d7/3d/bb/d73dbb5a-4744-5bc9-5db2-a4a2d0389f89/AppIcon-0-1x_U007emarketing-0-85-220-0-7.png/100x100bb.png,2026-06-30,de,toppaid,7019,文字
44,1089856580,ABC StarterKit Deutsch: DFA,Jan Essig,https://apps.apple.com/de/app/abc-starterkit-deutsch-dfa/id1089856580?uo=2,https://is1-ssl.mzstatic.com/image/thumb/Purple122/v4/d9/1d/23/d91d2334-6313-00ae-2b74-ea6797c19cc4/AppIcon-1x_U007emarketing-0-7-85-220.png/100x100bb.png,2026-06-30,de,toppaid,7019,文字
45,814622099,Anorganische Säuren und Ionen,Andrey Solovyev,https://apps.apple.com/de/app/anorganische-s%C3%A4uren-und-ionen/id814622099?uo=2,https://is1-ssl.mzstatic.com/image/thumb/Purple128/v4/33/f1/0b/33f10b97-9e06-2878-c8c9-cb29ed8c5ee0/mzl.qrtfmkln.png/100x100bb.png,2026-06-30,de,toppaid,7019,文字
46,6749684876,Alcyone: Chemie Puzzle,Boil Studio Inc.,https://apps.apple.com/de/app/alcyone-chemie-puzzle/id6749684876?uo=2,https://is1-ssl.mzstatic.com/image/thumb/Purple211/v4/00/41/ac/0041ac0e-42e0-bf28-3ff4-1520ccfd6127/AppIcon-0-0-1x_U007emarketing-0-8-0-85-220.png/100x100bb.png,2026-06-30,de,toppaid,7019,文字
47,388762477,XWord Aide,Save The Machine,https://apps.apple.com/de/app/xword-aide/id388762477?uo=2,https://is1-ssl.mzstatic.com/image/thumb/Purple116/v4/36/50/41/365041b9-a93e-ce04-1789-8996fc79cde5/AppIcon-0-0-1x_U007emarketing-0-0-0-7-0-0-sRGB-0-0-0-GLES2_U002c0-512MB-85-220-0-0.png/100x100bb.png,2026-06-30,de,toppaid,7019,文字
48,681748644,Nebuu - Tahmin Oyunu FULL,ORKESTRA YAZILIM BILISIM TEKNOLOJILERI PRODUKSIYON DANISMANLIK INT HIZM LTD STI,https://apps.apple.com/de/app/nebuu-tahmin-oyunu-full/id681748644?uo=2,https://is1-ssl.mzstatic.com/image/thumb/Purple211/v4/80/de/66/80de66ed-70f4-1b1f-98e6-838f066d3d7a/ProIcon-0-0-1x_U007emarketing-0-11-0-0-sRGB-85-220.png/100x100bb.png,2026-06-30,de,toppaid,7019,文字
49,1523539543,Ord.,Crescent Moon Games,https://apps.apple.com/de/app/ord/id1523539543?uo=2,https://is1-ssl.mzstatic.com/image/thumb/Purple124/v4/59/b3/b4/59b3b4e3-0aa6-d875-2591-b463ce4593b3/AppIcon-1x_U007emarketing-0-7-0-85-220.png/100x100bb.png,2026-06-30,de,toppaid,7019,文字
50,476977680,Deutsch/German Words Finder,Rick Jansen,https://apps.apple.com/de/app/deutsch-german-words-finder/id476977680?uo=2,https://is1-ssl.mzstatic.com/image/thumb/Purple211/v4/c5/96/ff/c596ffc7-e4da-aa90-1fe2-95e7809a136c/AppIcon-1x_U007emarketing-0-10-0-85-220-0.png/100x100bb.png,2026-06-30,de,toppaid,7019,文字
1,1623318294,Gossip Harbor: Merge & Story,Microfun Limited,https://apps.apple.com/de/app/gossip-harbor-merge-story/id1623318294?uo=2,https://is1-ssl.mzstatic.com/image/thumb/Purple221/v4/d5/d7/02/d5d702dd-af54-09a5-21d1-ed6db319d310/AppIcon-0-0-1x_U007emarketing-0-8-0-85-220.png/100x100bb.png,2026-06-30,de,topgrossing,7012,解谜
2,1482155847,Royal Match,Dream Games,https://apps.apple.com/de/app/royal-match/id1482155847?uo=2,https://is1-ssl.mzstatic.com/image/thumb/Purple221/v4/50/3d/ab/503dabf4-c381-e224-5630-5b031703c08d/AppIcon-0-0-1x_U007emarketing-0-8-0-85-220.png/100x100bb.png,2026-06-30,de,topgrossing,7012,解谜
3,1105855019,Gardenscapes,Playrix,https://apps.apple.com/de/app/gardenscapes/id1105855019?uo=2,https://is1-ssl.mzstatic.com/image/thumb/Purple211/v4/54/9f/3a/549f3a53-96e5-8dfa-8639-ca30bf676cee/AppIcon-0-0-1x_U007emarketing-0-8-0-85-220.png/100x100bb.png,2026-06-30,de,topgrossing,7012,解谜
4,553834731,Candy Crush Saga,King,https://apps.apple.com/de/app/candy-crush-saga/id553834731?uo=2,https://is1-ssl.mzstatic.com/image/thumb/Purple211/v4/a1/c5/92/a1c59272-aace-ff82-0b16-ca93a87cb33c/AppIcon-0-0-1x_U007emarketing-0-8-0-85-220.png/100x100bb.png,2026-06-30,de,topgrossing,7012,解谜
5,1195621598,Homescapes: Match 3 Games,Playrix,https://apps.apple.com/de/app/homescapes-match-3-games/id1195621598?uo=2,https://is1-ssl.mzstatic.com/image/thumb/Purple211/v4/c8/ee/2a/c8ee2a9b-49f3-69b8-ca00-e57a83d2ca64/AppIcon-0-0-1x_U007emarketing-0-11-0-85-220.png/100x100bb.png,2026-06-30,de,topgrossing,7012,解谜
6,664575829,Fishdom,Playrix,https://apps.apple.com/de/app/fishdom/id664575829?uo=2,https://is1-ssl.mzstatic.com/image/thumb/Purple211/v4/41/05/aa/4105aaef-9b9c-0ad8-61e0-ad889eccd998/AppIcon-0-0-1x_U007emarketing-0-7-0-85-220.png/100x100bb.png,2026-06-30,de,topgrossing,7012,解谜
7,638689075,Township,Playrix,https://apps.apple.com/de/app/township/id638689075?uo=2,https://is1-ssl.mzstatic.com/image/thumb/Purple211/v4/f3/d3/ab/f3d3abe7-ac2f-d4a3-1683-0873d183913e/AppIcon-0-0-1x_U007emarketing-0-11-0-85-220.png/100x100bb.png,2026-06-30,de,topgrossing,7012,解谜
8,1521236603,Travel Town – Fusionsabenteuer,Moon Active,https://apps.apple.com/de/app/travel-town-fusionsabenteuer/id1521236603?uo=2,https://is1-ssl.mzstatic.com/image/thumb/Purple221/v4/47/97/29/479729c4-a2ef-3587-4346-a53c4e4fd4fb/AppIcon-0-0-1x_U007emarketing-0-8-0-85-220.png/100x100bb.png,2026-06-30,de,topgrossing,7012,解谜
9,1176027022,Toon Blast,Peak Games,https://apps.apple.com/de/app/toon-blast/id1176027022?uo=2,https://is1-ssl.mzstatic.com/image/thumb/Purple221/v4/7f/e6/49/7fe649cf-138a-a955-2cc7-562b57868077/AppIcon-0-0-1x_U007emarketing-0-8-0-85-220.png/100x100bb.png,2026-06-30,de,topgrossing,7012,解谜
10,1606549505,Royal Kingdom,Dream Games,https://apps.apple.com/de/app/royal-kingdom/id1606549505?uo=2,https://is1-ssl.mzstatic.com/image/thumb/Purple211/v4/5c/c4/75/5cc4753e-cd56-1020-daa7-a09f15857a63/AppIcon-0-0-1x_U007emarketing-0-8-0-85-220.png/100x100bb.png,2026-06-30,de,topgrossing,7012,解谜
11,6471045672,Tasty Travels: Merge Game,Century Games Pte. Ltd.,https://apps.apple.com/de/app/tasty-travels-merge-game/id6471045672?uo=2,https://is1-ssl.mzstatic.com/image/thumb/Purple221/v4/cc/cc/f2/ccccf200-20e5-c0fa-68fc-2ea32d90371c/AppIcon-0-0-1x_U007emarketing-0-8-0-85-220.png/100x100bb.png,2026-06-30,de,topgrossing,7012,解谜
12,6751056652,Pixel Flow!,Loom Games Oyun Yazilim ve Pazarlama Anonim Sirketi,https://apps.apple.com/de/app/pixel-flow/id6751056652?uo=2,https://is1-ssl.mzstatic.com/image/thumb/Purple221/v4/0a/a1/40/0aa140e6-9524-2453-a1f8-e75bbedc49c0/AppIcon-0-0-1x_U007emarketing-0-8-0-85-220.png/100x100bb.png,2026-06-30,de,topgrossing,7012,解谜
13,1117841866,Empires & Puzzles: Match-3 RPG,Small Giant Games,https://apps.apple.com/de/app/empires-puzzles-match-3-rpg/id1117841866?uo=2,https://is1-ssl.mzstatic.com/image/thumb/Purple211/v4/4f/ab/18/4fab18c7-9334-c736-ed91-2f83c2b1b49f/AppIcon-0-0-1x_U007emarketing-0-8-0-85-220.png/100x100bb.png,2026-06-30,de,topgrossing,7012,解谜
14,6752672568,Block Out! - Color Sort Puzzle,Grand Games A.Ş.,https://apps.apple.com/de/app/block-out-color-sort-puzzle/id6752672568?uo=2,https://is1-ssl.mzstatic.com/image/thumb/Purple211/v4/42/22/df/4222df44-fbaa-9fe1-f732-d1aec055395c/AppIcon-0-0-1x_U007emarketing-0-8-0-85-220.png/100x100bb.png,2026-06-30,de,topgrossing,7012,解谜
15,6503603603,Mystery Town: Merge Games,Cedar Games Studio,https://apps.apple.com/de/app/mystery-town-merge-games/id6503603603?uo=2,https://is1-ssl.mzstatic.com/image/thumb/Purple221/v4/a7/9d/cc/a79dcc67-26e1-ec7e-a639-6e346d365eec/AppIcon-0-0-1x_U007emarketing-0-5-0-85-220.png/100x100bb.png,2026-06-30,de,topgrossing,7012,解谜
16,951627425,DRAGON BALL Z DOKKAN BATTLE,Bandai Namco Entertainment Inc.,https://apps.apple.com/de/app/dragon-ball-z-dokkan-battle/id951627425?uo=2,https://is1-ssl.mzstatic.com/image/thumb/Purple211/v4/61/cf/64/61cf64e9-a5cf-590e-a572-ce4b959643a7/AppIcon-1x_U007emarketing-0-11-0-85-220-0.png/100x100bb.png,2026-06-30,de,topgrossing,7012,解谜
17,6618142292,Flambé®: Merge and Cook,Microfun Limited,https://apps.apple.com/de/app/flamb%C3%A9-merge-and-cook/id6618142292?uo=2,https://is1-ssl.mzstatic.com/image/thumb/Purple221/v4/82/50/d2/8250d24f-8042-b152-706f-caa35fcf24a8/AppIcon-0-0-1x_U007emarketing-0-8-0-85-220.png/100x100bb.png,2026-06-30,de,topgrossing,7012,解谜
18,6443755785,Seaside Escape®: Merge & Story,Microfun Limited,https://apps.apple.com/de/app/seaside-escape-merge-story/id6443755785?uo=2,https://is1-ssl.mzstatic.com/image/thumb/Purple211/v4/93/64/f8/9364f8fe-aca6-8b43-d78c-24cd33a2f92d/AppIcon-0-0-1x_U007emarketing-0-8-0-85-220.png/100x100bb.png,2026-06-30,de,topgrossing,7012,解谜
19,1643509748,Merge-Küche Themenrestaurant,Happibits,https://apps.apple.com/de/app/merge-k%C3%BCche-themenrestaurant/id1643509748?uo=2,https://is1-ssl.mzstatic.com/image/thumb/Purple211/v4/3c/a6/cf/3ca6cfa1-757b-2632-12a1-652d5a949517/AppIcon-0-0-1x_U007emarketing-0-8-0-85-220.png/100x100bb.png,2026-06-30,de,topgrossing,7012,解谜
20,1138264921,Match Masters,Candivore LTD,https://apps.apple.com/de/app/match-masters/id1138264921?uo=2,https://is1-ssl.mzstatic.com/image/thumb/Purple211/v4/27/2c/fb/272cfb4d-137e-65aa-5eab-abfe924bed86/AppIcon-0-0-1x_U007emarketing-0-8-0-85-220.png/100x100bb.png,2026-06-30,de,topgrossing,7012,解谜
21,850417475,Candy Crush Soda Saga,King,https://apps.apple.com/de/app/candy-crush-soda-saga/id850417475?uo=2,https://is1-ssl.mzstatic.com/image/thumb/Purple211/v4/e9/fc/cd/e9fccd91-a460-201a-20de-6743da8db590/AppIcon-0-0-1x_U007epad-0-1-85-220.png/100x100bb.png,2026-06-30,de,topgrossing,7012,解谜
22,1484442152,Merge Mansion: Puzzle & Story,Metacore Games Oy,https://apps.apple.com/de/app/merge-mansion-puzzle-story/id1484442152?uo=2,https://is1-ssl.mzstatic.com/image/thumb/Purple221/v4/2b/8f/6c/2b8f6c93-7bb1-292e-698c-c0a0c0c838f9/AppIcon-0-0-1x_U007emarketing-0-8-0-85-220.png/100x100bb.png,2026-06-30,de,topgrossing,7012,解谜
23,6740043080,Screwdom,Zego Global Pte Ltd,https://apps.apple.com/de/app/screwdom/id6740043080?uo=2,https://is1-ssl.mzstatic.com/image/thumb/Purple221/v4/a2/0f/e9/a20fe92f-96c7-013e-9f94-389245518263/AppIcon-0-0-1x_U007emarketing-0-8-0-85-220.png/100x100bb.png,2026-06-30,de,topgrossing,7012,解谜
24,6449094229,Match Factory!,Peak Games,https://apps.apple.com/de/app/match-factory/id6449094229?uo=2,https://is1-ssl.mzstatic.com/image/thumb/Purple221/v4/30/65/44/3065447b-4674-7285-954a-4f5db9728e60/AppIcon-0-0-1x_U007emarketing-0-8-0-85-220.png/100x100bb.png,2026-06-30,de,topgrossing,7012,解谜
25,1200391796,June's Journey: Hidden Objects,wooga,https://apps.apple.com/de/app/junes-journey-hidden-objects/id1200391796?uo=2,https://is1-ssl.mzstatic.com/image/thumb/Purple221/v4/0d/85/c2/0d85c28b-14da-4d5c-b1c4-2f29a0c6d323/AppIcon-0-0-1x_U007emarketing-0-8-0-85-220.png/100x100bb.png,2026-06-30,de,topgrossing,7012,解谜
26,6755455500,Hollywood Merge,VoyagerOne,https://apps.apple.com/de/app/hollywood-merge/id6755455500?uo=2,https://is1-ssl.mzstatic.com/image/thumb/Purple221/v4/8f/0c/49/8f0c4932-0793-34f8-a7c2-6a873c272d17/AppIcon-0-0-1x_U007emarketing-0-8-0-85-220.png/100x100bb.png,2026-06-30,de,topgrossing,7012,解谜
27,6757261926,Reality Bay: Merge & Discover,Moon Active,https://apps.apple.com/de/app/reality-bay-merge-discover/id6757261926?uo=2,https://is1-ssl.mzstatic.com/image/thumb/Purple211/v4/5b/1c/40/5b1c407f-abb4-e382-ef69-8800d6126565/NewAppIcon-0-0-1x_U007emarketing-0-8-0-85-220.png/100x100bb.png,2026-06-30,de,topgrossing,7012,解谜
28,1558803930,Matching Story,VERTEX GAMES PTE. LTD.,https://apps.apple.com/de/app/matching-story/id1558803930?uo=2,https://is1-ssl.mzstatic.com/image/thumb/Purple211/v4/bc/a8/7d/bca87dc9-58f6-216a-5b42-265437c6c68d/AppIcon-0-0-1x_U007emarketing-0-5-85-220.png/100x100bb.png,2026-06-30,de,topgrossing,7012,解谜
29,6499209744,Magic Sort!,Grand Games A.Ş.,https://apps.apple.com/de/app/magic-sort/id6499209744?uo=2,https://is1-ssl.mzstatic.com/image/thumb/Purple211/v4/61/df/dc/61dfdca9-6c81-db86-1756-5b63b642a0a8/AppIcon-0-0-1x_U007emarketing-0-8-0-85-220.png/100x100bb.png,2026-06-30,de,topgrossing,7012,解谜
30,1483058899,Project Makeover,"Magic Tavern, Inc.",https://apps.apple.com/de/app/project-makeover/id1483058899?uo=2,https://is1-ssl.mzstatic.com/image/thumb/Purple211/v4/c3/04/00/c304002f-4ea4-c9e6-a871-9d8b31a04e05/AppIcon-0-0-1x_U007emarketing-0-8-0-85-220.png/100x100bb.png,2026-06-30,de,topgrossing,7012,解谜
31,6504332779,Color Block Jam,Rollic Games,https://apps.apple.com/de/app/color-block-jam/id6504332779?uo=2,https://is1-ssl.mzstatic.com/image/thumb/Purple211/v4/8e/55/86/8e55860d-453a-1daa-04c3-4238a270aa2a/AppIcon-0-0-1x_U007emarketing-0-8-0-85-220.png/100x100bb.png,2026-06-30,de,topgrossing,7012,解谜
32,6755183085,Yarn Loop: Knit Puzzle,Combo Games,https://apps.apple.com/de/app/yarn-loop-knit-puzzle/id6755183085?uo=2,https://is1-ssl.mzstatic.com/image/thumb/Purple211/v4/f0/0b/5d/f00b5df3-2e9a-ab21-64eb-de28c9776532/AppIcon-0-0-1x_U007emarketing-0-8-0-85-220.png/100x100bb.png,2026-06-30,de,topgrossing,7012,解谜
33,6503284107,All in Hole: Black Hole Games,HOMA GAMES,https://apps.apple.com/de/app/all-in-hole-black-hole-games/id6503284107?uo=2,https://is1-ssl.mzstatic.com/image/thumb/Purple221/v4/76/cf/2d/76cf2d8f-2431-e9fc-bda5-bc21d3109fe9/AppIcon-0-0-1x_U007emarketing-0-8-0-85-220.png/100x100bb.png,2026-06-30,de,topgrossing,7012,解谜
34,890378044,Toy Blast,Peak Games,https://apps.apple.com/de/app/toy-blast/id890378044?uo=2,https://is1-ssl.mzstatic.com/image/thumb/Purple221/v4/3c/36/e3/3c36e3c4-9f2c-68c0-5c90-b8a3be6c07b7/AppIcon-0-0-1x_U007emarketing-0-8-0-85-220.png/100x100bb.png,2026-06-30,de,topgrossing,7012,解谜
35,608206510,Farm Heroes Saga,King,https://apps.apple.com/de/app/farm-heroes-saga/id608206510?uo=2,https://is1-ssl.mzstatic.com/image/thumb/Purple211/v4/25/ae/40/25ae4046-6fb0-4a39-c611-e38af93548f3/AppIcon-0-0-1x_U007emarketing-0-8-0-85-220.png/100x100bb.png,2026-06-30,de,topgrossing,7012,解谜
36,880047117,Angry Birds 2,Rovio Entertainment Oyj,https://apps.apple.com/de/app/angry-birds-2/id880047117?uo=2,https://is1-ssl.mzstatic.com/image/thumb/Purple221/v4/9e/4c/4c/9e4c4cd1-c2a6-b88c-9e76-e4d5cfb5fd3c/AppIcon-0-0-1x_U007emarketing-0-8-0-85-220.png/100x100bb.png,2026-06-30,de,topgrossing,7012,解谜
37,1577970257,Merge Hotel Empire－Design Game,Moon Active,https://apps.apple.com/de/app/merge-hotel-empire-design-game/id1577970257?uo=2,https://is1-ssl.mzstatic.com/image/thumb/Purple211/v4/68/7f/80/687f80f0-6c17-deee-7afa-c3e883b7a0ee/AppIcon_11-0-0-1x_U007emarketing-0-11-0-85-220.png/100x100bb.png,2026-06-30,de,topgrossing,7012,解谜
38,6476976929,Truck Star Match,Century Games Pte. Ltd.,https://apps.apple.com/de/app/truck-star-match/id6476976929?uo=2,https://is1-ssl.mzstatic.com/image/thumb/Purple211/v4/d2/3e/a3/d23ea3b9-f4e9-8ab1-25a8-a323eb602f23/AppIcon-1x_U007emarketing-0-8-0-85-220-0.png/100x100bb.png,2026-06-30,de,topgrossing,7012,解谜
39,6479752688,Match Villains,Good Job Games,https://apps.apple.com/de/app/match-villains/id6479752688?uo=2,https://is1-ssl.mzstatic.com/image/thumb/Purple221/v4/36/7c/1d/367c1dfd-5eeb-8dbe-cfdd-3367d6178708/AppIcon-0-0-1x_U007emarketing-0-8-0-85-220.png/100x100bb.png,2026-06-30,de,topgrossing,7012,解谜
40,1434505322,Harry Potter: Rätsel & Zauber,Zynga Inc.,https://apps.apple.com/de/app/harry-potter-r%C3%A4tsel-zauber/id1434505322?uo=2,https://is1-ssl.mzstatic.com/image/thumb/Purple221/v4/c6/4d/7d/c64d7ddf-f863-8dcc-70a3-f014b97700d8/AppIcon-0-0-1x_U007emarketing-0-8-0-85-220.png/100x100bb.png,2026-06-30,de,topgrossing,7012,解谜
41,6744547461,Happy Screw Trip 3D,BESTPLAY GAMES PTE. LTD.,https://apps.apple.com/de/app/happy-screw-trip-3d/id6744547461?uo=2,https://is1-ssl.mzstatic.com/image/thumb/Purple211/v4/a4/c3/02/a4c3027a-df70-d1bb-94f9-749b76fd4505/AppIcon-0-0-1x_U007emarketing-0-8-0-85-220.png/100x100bb.png,2026-06-30,de,topgrossing,7012,解谜
42,6752886832,Hotel Legacy,Century Games Innovation Pte. Ltd.,https://apps.apple.com/de/app/hotel-legacy/id6752886832?uo=2,https://is1-ssl.mzstatic.com/image/thumb/Purple211/v4/ca/66/99/ca6699f0-b0dd-74fc-31f2-d80b72e87905/AppIcon-0-0-1x_U007emarketing-0-8-0-85-220.png/100x100bb.png,2026-06-30,de,topgrossing,7012,解谜
43,1216575026,Matchington Mansion,"Magic Tavern, Inc.",https://apps.apple.com/de/app/matchington-mansion/id1216575026?uo=2,https://is1-ssl.mzstatic.com/image/thumb/Purple221/v4/bb/ea/b3/bbeab3ad-4046-7553-31e8-46a1f92abe3e/AppIcon-1x_U007emarketing-0-8-0-85-220-0.png/100x100bb.png,2026-06-30,de,topgrossing,7012,解谜
44,6756058501,Jelly Busters: Puzzlespiel,Moon Active,https://apps.apple.com/de/app/jelly-busters-puzzlespiel/id6756058501?uo=2,https://is1-ssl.mzstatic.com/image/thumb/Purple211/v4/a4/6e/ee/a46eeebe-933b-03c6-2296-e3fa0aec3c2f/AppIcon-1x_U007emarketing-0-8-0-85-220-0.png/100x100bb.png,2026-06-30,de,topgrossing,7012,解谜
45,1635337354,Piggy Kingdom - Match 3 Spiele,Olleyo Games,https://apps.apple.com/de/app/piggy-kingdom-match-3-spiele/id1635337354?uo=2,https://is1-ssl.mzstatic.com/image/thumb/Purple221/v4/66/00/c5/6600c5a6-a315-65b3-8476-e107bd6236f7/AppIcon-0-0-1x_U007emarketing-0-8-0-85-220.png/100x100bb.png,2026-06-30,de,topgrossing,7012,解谜
46,1597696999,Dream Mania - Match 3 Spiele,Playflux,https://apps.apple.com/de/app/dream-mania-match-3-spiele/id1597696999?uo=2,https://is1-ssl.mzstatic.com/image/thumb/Purple211/v4/09/a1/74/09a1749a-1c05-993a-e718-e621f6f378db/AppIcon-0-0-1x_U007emarketing-0-8-0-85-220.png/100x100bb.png,2026-06-30,de,topgrossing,7012,解谜
47,6740766025,Gecko Out,Rollic Games,https://apps.apple.com/de/app/gecko-out/id6740766025?uo=2,https://is1-ssl.mzstatic.com/image/thumb/Purple211/v4/7d/e9/50/7de950b1-a276-7708-2bf4-c24583df4440/AppIcon-0-0-1x_U007emarketing-0-8-0-85-220.png/100x100bb.png,2026-06-30,de,topgrossing,7012,解谜
48,6769314786,Food Hunt: Pixel Puzzle,FUNFINITY PTE. LTD,https://apps.apple.com/de/app/food-hunt-pixel-puzzle/id6769314786?uo=2,https://is1-ssl.mzstatic.com/image/thumb/Purple221/v4/07/fc/04/07fc0446-3dd4-3de9-cd3f-63b120f4f9de/AppIcon-0-0-1x_U007emarketing-0-8-0-85-220.png/100x100bb.png,2026-06-30,de,topgrossing,7012,解谜
49,6753862216,Foodstars: Kombiniere & Koche,Happibits,https://apps.apple.com/de/app/foodstars-kombiniere-koche/id6753862216?uo=2,https://is1-ssl.mzstatic.com/image/thumb/Purple221/v4/70/82/b5/7082b5f7-b790-1a4e-458e-ddf7230695ef/AppIcon-0-0-1x_U007emarketing-0-8-0-85-220.png/100x100bb.png,2026-06-30,de,topgrossing,7012,解谜
50,6450110217,Triple Match City,Breeze Games L.L.C-FZ,https://apps.apple.com/de/app/triple-match-city/id6450110217?uo=2,https://is1-ssl.mzstatic.com/image/thumb/Purple211/v4/1f/03/d3/1f03d367-0e4d-678d-54b5-1fd7f6cdb00a/AppIcon-0-0-1x_U007emarketing-0-8-0-85-220.png/100x100bb.png,2026-06-30,de,topgrossing,7012,解谜
1,406889139,Coin Master,Moon Active,https://apps.apple.com/de/app/coin-master/id406889139?uo=2,https://is1-ssl.mzstatic.com/image/thumb/Purple221/v4/b8/5c/64/b85c64f8-4e3c-9b99-c87d-f48cf20727dd/AppIcon-0-0-1x_U007emarketing-0-8-0-85-220.png/100x100bb.png,2026-06-30,de,topgrossing,6014,游戏
2,1623318294,Gossip Harbor: Merge & Story,Microfun Limited,https://apps.apple.com/de/app/gossip-harbor-merge-story/id1623318294?uo=2,https://is1-ssl.mzstatic.com/image/thumb/Purple221/v4/d5/d7/02/d5d702dd-af54-09a5-21d1-ed6db319d310/AppIcon-0-0-1x_U007emarketing-0-8-0-85-220.png/100x100bb.png,2026-06-30,de,topgrossing,6014,游戏
3,1482155847,Royal Match,Dream Games,https://apps.apple.com/de/app/royal-match/id1482155847?uo=2,https://is1-ssl.mzstatic.com/image/thumb/Purple221/v4/50/3d/ab/503dabf4-c381-e224-5630-5b031703c08d/AppIcon-0-0-1x_U007emarketing-0-8-0-85-220.png/100x100bb.png,2026-06-30,de,topgrossing,6014,游戏
4,6739554056,Kingshot,Century Games Pte. Ltd.,https://apps.apple.com/de/app/kingshot/id6739554056?uo=2,https://is1-ssl.mzstatic.com/image/thumb/Purple211/v4/ee/d2/22/eed22297-9313-d8b0-52c8-95f42a2795b2/AppIcon-0-0-1x_U007emarketing-0-8-0-85-220.png/100x100bb.png,2026-06-30,de,topgrossing,6014,游戏
5,6448786147,LastWar:Survival,FUNFLY PTE. LTD.,https://apps.apple.com/de/app/lastwar-survival/id6448786147?uo=2,https://is1-ssl.mzstatic.com/image/thumb/Purple211/v4/43/bb/21/43bb21ce-1039-f722-aa4b-b4fd93fb52c5/AppIcon-0-0-1x_U007emarketing-0-8-0-85-220.png/100x100bb.png,2026-06-30,de,topgrossing,6014,游戏
6,6443575749,Whiteout Survival,Century Games Pte. Ltd.,https://apps.apple.com/de/app/whiteout-survival/id6443575749?uo=2,https://is1-ssl.mzstatic.com/image/thumb/Purple221/v4/e5/1e/1d/e51e1db7-4655-6bb8-9441-af76dbfd291c/AppIcon-0-0-1x_U007emarketing-0-8-0-85-220.png/100x100bb.png,2026-06-30,de,topgrossing,6014,游戏
7,1105855019,Gardenscapes,Playrix,https://apps.apple.com/de/app/gardenscapes/id1105855019?uo=2,https://is1-ssl.mzstatic.com/image/thumb/Purple211/v4/54/9f/3a/549f3a53-96e5-8dfa-8639-ca30bf676cee/AppIcon-0-0-1x_U007emarketing-0-8-0-85-220.png/100x100bb.png,2026-06-30,de,topgrossing,6014,游戏
8,553834731,Candy Crush Saga,King,https://apps.apple.com/de/app/candy-crush-saga/id553834731?uo=2,https://is1-ssl.mzstatic.com/image/thumb/Purple211/v4/a1/c5/92/a1c59272-aace-ff82-0b16-ca93a87cb33c/AppIcon-0-0-1x_U007emarketing-0-8-0-85-220.png/100x100bb.png,2026-06-30,de,topgrossing,6014,游戏
9,1229016807,Brawl Stars,Supercell,https://apps.apple.com/de/app/brawl-stars/id1229016807?uo=2,https://is1-ssl.mzstatic.com/image/thumb/Purple211/v4/a6/dc/a4/a6dca41e-7385-e8fb-cddf-dcb9751c1454/AppIcon-0-0-1x_U007epad-0-1-85-220.png/100x100bb.png,2026-06-30,de,topgrossing,6014,游戏
10,1330123889,PUBG MOBILE,Tencent Mobile International Limited,https://apps.apple.com/de/app/pubg-mobile/id1330123889?uo=2,https://is1-ssl.mzstatic.com/image/thumb/Purple211/v4/42/a0/f1/42a0f10c-fde1-87ba-a22e-493304fd9c96/AppIcon-0-0-1x_U007emarketing-0-7-0-85-220.png/100x100bb.png,2026-06-30,de,topgrossing,6014,游戏
11,852912420,Summoners War: Sky Arena,Com2uS Corp.,https://apps.apple.com/de/app/summoners-war-sky-arena/id852912420?uo=2,https://is1-ssl.mzstatic.com/image/thumb/Purple211/v4/c8/fc/a5/c8fca5d1-b667-5b1b-185d-c1e38ab9c74e/AppIcon-0-0-1x_U007emarketing-0-11-0-85-220.png/100x100bb.png,2026-06-30,de,topgrossing,6014,游戏
12,1621328561,MONOPOLY GO!,"Scopely, Inc.",https://apps.apple.com/de/app/monopoly-go/id1621328561?uo=2,https://is1-ssl.mzstatic.com/image/thumb/Purple211/v4/1c/41/d5/1c41d5d0-b33c-2de9-5d79-e0d70a3bfdcb/AppIcon-0-0-1x_U007emarketing-0-8-0-85-220.png/100x100bb.png,2026-06-30,de,topgrossing,6014,游戏
13,1195621598,Homescapes: Match 3 Games,Playrix,https://apps.apple.com/de/app/homescapes-match-3-games/id1195621598?uo=2,https://is1-ssl.mzstatic.com/image/thumb/Purple211/v4/c8/ee/2a/c8ee2a9b-49f3-69b8-ca00-e57a83d2ca64/AppIcon-0-0-1x_U007emarketing-0-11-0-85-220.png/100x100bb.png,2026-06-30,de,topgrossing,6014,游戏
14,1053012308,Clash Royale,Supercell,https://apps.apple.com/de/app/clash-royale/id1053012308?uo=2,https://is1-ssl.mzstatic.com/image/thumb/Purple221/v4/7c/27/fd/7c27fdce-9dcb-61e8-1f32-792627d2afd9/AppIcon-0-0-1x_U007emarketing-0-7-0-85-220.png/100x100bb.png,2026-06-30,de,topgrossing,6014,游戏
15,6475757306,Disney Solitaire,SuperPlay,https://apps.apple.com/de/app/disney-solitaire/id6475757306?uo=2,https://is1-ssl.mzstatic.com/image/thumb/Purple211/v4/86/76/5f/86765fea-b7f7-dcd0-6446-0dd01ca74367/AppIcon-0-0-1x_U007emarketing-0-8-0-85-220.png/100x100bb.png,2026-06-30,de,topgrossing,6014,游戏
16,664575829,Fishdom,Playrix,https://apps.apple.com/de/app/fishdom/id664575829?uo=2,https://is1-ssl.mzstatic.com/image/thumb/Purple211/v4/41/05/aa/4105aaef-9b9c-0ad8-61e0-ad889eccd998/AppIcon-0-0-1x_U007emarketing-0-7-0-85-220.png/100x100bb.png,2026-06-30,de,topgrossing,6014,游戏
17,638689075,Township,Playrix,https://apps.apple.com/de/app/township/id638689075?uo=2,https://is1-ssl.mzstatic.com/image/thumb/Purple211/v4/f3/d3/ab/f3d3abe7-ac2f-d4a3-1683-0873d183913e/AppIcon-0-0-1x_U007emarketing-0-11-0-85-220.png/100x100bb.png,2026-06-30,de,topgrossing,6014,游戏
18,1521236603,Travel Town – Fusionsabenteuer,Moon Active,https://apps.apple.com/de/app/travel-town-fusionsabenteuer/id1521236603?uo=2,https://is1-ssl.mzstatic.com/image/thumb/Purple221/v4/47/97/29/479729c4-a2ef-3587-4346-a53c4e4fd4fb/AppIcon-0-0-1x_U007emarketing-0-8-0-85-220.png/100x100bb.png,2026-06-30,de,topgrossing,6014,游戏
19,739699649,Slotpark Casino Slots & Games,Funstage GmbH,https://apps.apple.com/de/app/slotpark-casino-slots-games/id739699649?uo=2,https://is1-ssl.mzstatic.com/image/thumb/Purple221/v4/77/91/4c/77914c41-af7f-7d90-04e5-1ee7558cee84/AppIcon-0-0-1x_U007emarketing-0-11-0-85-220.png/100x100bb.png,2026-06-30,de,topgrossing,6014,游戏
20,1484468651,Dice Dreams™,SuperPlay,https://apps.apple.com/de/app/dice-dreams/id1484468651?uo=2,https://is1-ssl.mzstatic.com/image/thumb/Purple211/v4/f7/c5/a3/f7c5a3f4-9df2-ab20-346c-d840dc665bd1/AppIcon-0-0-1x_U007emarketing-0-6-0-85-220.png/100x100bb.png,2026-06-30,de,topgrossing,6014,游戏
21,1176027022,Toon Blast,Peak Games,https://apps.apple.com/de/app/toon-blast/id1176027022?uo=2,https://is1-ssl.mzstatic.com/image/thumb/Purple221/v4/7f/e6/49/7fe649cf-138a-a955-2cc7-562b57868077/AppIcon-0-0-1x_U007emarketing-0-8-0-85-220.png/100x100bb.png,2026-06-30,de,topgrossing,6014,游戏
22,6479970832,Pokémon TCG Pocket,The Pokemon Company,https://apps.apple.com/de/app/pok%C3%A9mon-tcg-pocket/id6479970832?uo=2,https://is1-ssl.mzstatic.com/image/thumb/Purple211/v4/54/12/78/541278bd-ccac-156d-b027-a46e1cd536bb/AppIcon-0-0-1x_U007emarketing-0-8-0-85-220.png/100x100bb.png,2026-06-30,de,topgrossing,6014,游戏
23,529479190,Clash of Clans,Supercell,https://apps.apple.com/de/app/clash-of-clans/id529479190?uo=2,https://is1-ssl.mzstatic.com/image/thumb/Purple211/v4/18/df/4b/18df4b8f-0fd8-48f7-c061-d4190ddf6231/AppIcon-0-0-1x_U007emarketing-0-8-0-85-220.png/100x100bb.png,2026-06-30,de,topgrossing,6014,游戏
24,1606549505,Royal Kingdom,Dream Games,https://apps.apple.com/de/app/royal-kingdom/id1606549505?uo=2,https://is1-ssl.mzstatic.com/image/thumb/Purple211/v4/5c/c4/75/5cc4753e-cd56-1020-daa7-a09f15857a63/AppIcon-0-0-1x_U007emarketing-0-8-0-85-220.png/100x100bb.png,2026-06-30,de,topgrossing,6014,游戏
25,1094591345,Pokémon GO,"Niantic, Inc.",https://apps.apple.com/de/app/pok%C3%A9mon-go/id1094591345?uo=2,https://is1-ssl.mzstatic.com/image/thumb/Purple211/v4/c0/15/94/c01594df-94f1-fe64-141d-891e404a22ea/AppIcon-0-0-1x_U007emarketing-0-8-0-85-220.png/100x100bb.png,2026-06-30,de,topgrossing,6014,游戏
26,6503272652,Last Z: Survival Shooter,Omnilojo Pte Ltd,https://apps.apple.com/de/app/last-z-survival-shooter/id6503272652?uo=2,https://is1-ssl.mzstatic.com/image/thumb/Purple211/v4/29/9f/fc/299ffc1f-548c-0c0e-f4be-d60d23269358/AppIcon-0-0-1x_U007emarketing-0-8-0-85-220.png/100x100bb.png,2026-06-30,de,topgrossing,6014,游戏
27,1274132545,Total Battle: Strategie Spiele,Scorewarrior,https://apps.apple.com/de/app/total-battle-strategie-spiele/id1274132545?uo=2,https://is1-ssl.mzstatic.com/image/thumb/Purple221/v4/b8/90/17/b8901731-ae0f-52d4-f461-da14d23cd7e5/crowd_multipliers_v6-0-0-1x_U007emarketing-0-5-0-85-220.png/100x100bb.png,2026-06-30,de,topgrossing,6014,游戏
28,6471045672,Tasty Travels: Merge Game,Century Games Pte. Ltd.,https://apps.apple.com/de/app/tasty-travels-merge-game/id6471045672?uo=2,https://is1-ssl.mzstatic.com/image/thumb/Purple221/v4/cc/cc/f2/ccccf200-20e5-c0fa-68fc-2ea32d90371c/AppIcon-0-0-1x_U007emarketing-0-8-0-85-220.png/100x100bb.png,2026-06-30,de,topgrossing,6014,游戏
29,1094930513,EA SPORTS FC™ Fußball Mobile,Electronic Arts,https://apps.apple.com/de/app/ea-sports-fc-fu%C3%9Fball-mobile/id1094930513?uo=2,https://is1-ssl.mzstatic.com/image/thumb/Purple221/v4/07/c5/4e/07c54e36-942e-ccbf-0bf7-c125f1261d42/AppIcon-0-0-1x_U007emarketing-0-8-0-85-220.png/100x100bb.png,2026-06-30,de,topgrossing,6014,游戏
30,6444043291,Domino Dreams™,SuperPlay,https://apps.apple.com/de/app/domino-dreams/id6444043291?uo=2,https://is1-ssl.mzstatic.com/image/thumb/Purple221/v4/d8/30/58/d830580d-9e79-999a-c326-b565c604d45d/AppIcon-0-0-1x_U007emarketing-0-8-0-85-220.png/100x100bb.png,2026-06-30,de,topgrossing,6014,游戏
31,6745761596,Coin Master - Board Adventure,Moon Active,https://apps.apple.com/de/app/coin-master-board-adventure/id6745761596?uo=2,https://is1-ssl.mzstatic.com/image/thumb/Purple211/v4/1a/1a/ed/1a1aeddc-d606-afc1-98d9-32f60d886815/AppIcon-1x_U007emarketing-0-8-0-85-220-0.png/100x100bb.png,2026-06-30,de,topgrossing,6014,游戏
32,506627515,Hay Day,Supercell,https://apps.apple.com/de/app/hay-day/id506627515?uo=2,https://is1-ssl.mzstatic.com/image/thumb/Purple211/v4/8f/1f/58/8f1f5835-b486-6fc1-55db-6279bbbffcae/AppIcon-0-0-1x_U007emarketing-0-8-0-85-220.png/100x100bb.png,2026-06-30,de,topgrossing,6014,游戏
33,6738109752,Tiles Survive!,FunPlus International AG,https://apps.apple.com/de/app/tiles-survive/id6738109752?uo=2,https://is1-ssl.mzstatic.com/image/thumb/Purple221/v4/b9/90/d5/b990d56d-aaf1-4daf-3802-f2ce97ca64cb/FPX_AppIcon-0-0-1x_U007emarketing-0-8-0-85-220.png/100x100bb.png,2026-06-30,de,topgrossing,6014,游戏
34,1117270703,eFootball™,KONAMI,https://apps.apple.com/de/app/efootball/id1117270703?uo=2,https://is1-ssl.mzstatic.com/image/thumb/Purple211/v4/f7/0c/8f/f70c8f63-9613-a144-8f0c-57039d41fc9a/PesMobile-0-0-1x_U007emarketing-0-8-0-85-220.png/100x100bb.png,2026-06-30,de,topgrossing,6014,游戏
35,6751056652,Pixel Flow!,Loom Games Oyun Yazilim ve Pazarlama Anonim Sirketi,https://apps.apple.com/de/app/pixel-flow/id6751056652?uo=2,https://is1-ssl.mzstatic.com/image/thumb/Purple221/v4/0a/a1/40/0aa140e6-9524-2453-a1f8-e75bbedc49c0/AppIcon-0-0-1x_U007emarketing-0-8-0-85-220.png/100x100bb.png,2026-06-30,de,topgrossing,6014,游戏
36,1117841866,Empires & Puzzles: Match-3 RPG,Small Giant Games,https://apps.apple.com/de/app/empires-puzzles-match-3-rpg/id1117841866?uo=2,https://is1-ssl.mzstatic.com/image/thumb/Purple211/v4/4f/ab/18/4fab18c7-9334-c736-ed91-2f83c2b1b49f/AppIcon-0-0-1x_U007emarketing-0-8-0-85-220.png/100x100bb.png,2026-06-30,de,topgrossing,6014,游戏
37,6752672568,Block Out! - Color Sort Puzzle,Grand Games A.Ş.,https://apps.apple.com/de/app/block-out-color-sort-puzzle/id6752672568?uo=2,https://is1-ssl.mzstatic.com/image/thumb/Purple211/v4/42/22/df/4222df44-fbaa-9fe1-f732-d1aec055395c/AppIcon-0-0-1x_U007emarketing-0-8-0-85-220.png/100x100bb.png,2026-06-30,de,topgrossing,6014,游戏
38,678241305,Kickbase - Fussball Manager,Kickbase GmbH,https://apps.apple.com/de/app/kickbase-fussball-manager/id678241305?uo=2,https://is1-ssl.mzstatic.com/image/thumb/Purple211/v4/97/b5/8f/97b58f6d-dca0-9970-fea3-8edfe86c8f92/AppIcon-0-0-1x_U007emarketing-0-8-0-85-220.png/100x100bb.png,2026-06-30,de,topgrossing,6014,游戏
39,6503603603,Mystery Town: Merge Games,Cedar Games Studio,https://apps.apple.com/de/app/mystery-town-merge-games/id6503603603?uo=2,https://is1-ssl.mzstatic.com/image/thumb/Purple221/v4/a7/9d/cc/a79dcc67-26e1-ec7e-a639-6e346d365eec/AppIcon-0-0-1x_U007emarketing-0-5-0-85-220.png/100x100bb.png,2026-06-30,de,topgrossing,6014,游戏
40,951627425,DRAGON BALL Z DOKKAN BATTLE,Bandai Namco Entertainment Inc.,https://apps.apple.com/de/app/dragon-ball-z-dokkan-battle/id951627425?uo=2,https://is1-ssl.mzstatic.com/image/thumb/Purple211/v4/61/cf/64/61cf64e9-a5cf-590e-a572-ce4b959643a7/AppIcon-1x_U007emarketing-0-11-0-85-220-0.png/100x100bb.png,2026-06-30,de,topgrossing,6014,游戏
41,6446599770,Rommé Treff - Spaß mit Karten,GameDuell GmbH,https://apps.apple.com/de/app/romm%C3%A9-treff-spa%C3%9F-mit-karten/id6446599770?uo=2,https://is1-ssl.mzstatic.com/image/thumb/Purple211/v4/4d/57/09/4d570943-cf5d-1593-b066-a25b629d8bff/AppIcon-0-0-1x_U007emarketing-0-8-0-85-220.png/100x100bb.png,2026-06-30,de,topgrossing,6014,游戏
42,1287282214,Call of Duty®: Mobile,"Activision Publishing, Inc.",https://apps.apple.com/de/app/call-of-duty-mobile/id1287282214?uo=2,https://is1-ssl.mzstatic.com/image/thumb/Purple221/v4/62/09/3c/62093c33-07fa-9c35-084e-81f717e1b16f/AppIcon-0-0-1x_U007emarketing-0-10-0-85-220.png/100x100bb.png,2026-06-30,de,topgrossing,6014,游戏
43,1158967485,Hero Wars: Alliance RPG Legend,Nexters Global LTD,https://apps.apple.com/de/app/hero-wars-alliance-rpg-legend/id1158967485?uo=2,https://is1-ssl.mzstatic.com/image/thumb/Purple221/v4/57/de/f7/57def782-f19b-1cc9-52ce-c7c1a88e7f39/AppIcon-0-0-1x_U007emarketing-0-8-0-85-220.png/100x100bb.png,2026-06-30,de,topgrossing,6014,游戏
44,1597760047,OneState RP: Rollenspiel,CHILLBASE LTD,https://apps.apple.com/de/app/onestate-rp-rollenspiel/id1597760047?uo=2,https://is1-ssl.mzstatic.com/image/thumb/Purple221/v4/ca/33/3a/ca333ac7-a352-a299-0573-f56482041977/AppIcon-0-0-1x_U007emarketing-0-8-0-85-220.png/100x100bb.png,2026-06-30,de,topgrossing,6014,游戏
45,529996768,Bingo Blitz™: Bingo-Spiele,"Playtika Santa Monica, LLC",https://apps.apple.com/de/app/bingo-blitz-bingo-spiele/id529996768?uo=2,https://is1-ssl.mzstatic.com/image/thumb/Purple211/v4/c7/c7/67/c7c7675c-0ebe-b280-3dde-66d98f81bdc8/AppIcon-0-0-1x_U007emarketing-0-8-0-85-220.png/100x100bb.png,2026-06-30,de,topgrossing,6014,游戏
46,6618142292,Flambé®: Merge and Cook,Microfun Limited,https://apps.apple.com/de/app/flamb%C3%A9-merge-and-cook/id6618142292?uo=2,https://is1-ssl.mzstatic.com/image/thumb/Purple221/v4/82/50/d2/8250d24f-8042-b152-706f-caa35fcf24a8/AppIcon-0-0-1x_U007emarketing-0-8-0-85-220.png/100x100bb.png,2026-06-30,de,topgrossing,6014,游戏
47,6443755785,Seaside Escape®: Merge & Story,Microfun Limited,https://apps.apple.com/de/app/seaside-escape-merge-story/id6443755785?uo=2,https://is1-ssl.mzstatic.com/image/thumb/Purple211/v4/93/64/f8/9364f8fe-aca6-8b43-d78c-24cd33a2f92d/AppIcon-0-0-1x_U007emarketing-0-8-0-85-220.png/100x100bb.png,2026-06-30,de,topgrossing,6014,游戏
48,459035295,Top Eleven 2026 Fußballmanager,Nordeus,https://apps.apple.com/de/app/top-eleven-2026-fu%C3%9Fballmanager/id459035295?uo=2,https://is1-ssl.mzstatic.com/image/thumb/Purple211/v4/6a/e6/5d/6ae65d76-0698-50a0-e7f5-24f41dc333f7/AppIcon-0-0-1x_U007emarketing-0-8-0-85-220.png/100x100bb.png,2026-06-30,de,topgrossing,6014,游戏
49,6739124364,Top Tycoon: Coin Theme Empire,BeheFun Games Limited,https://apps.apple.com/de/app/top-tycoon-coin-theme-empire/id6739124364?uo=2,https://is1-ssl.mzstatic.com/image/thumb/Purple211/v4/f3/a3/51/f3a351bc-9dad-2bad-c5b8-11727f44d9e7/AppIcon-0-0-1x_U007emarketing-0-8-0-85-220.png/100x100bb.png,2026-06-30,de,topgrossing,6014,游戏
50,1643509748,Merge-Küche Themenrestaurant,Happibits,https://apps.apple.com/de/app/merge-k%C3%BCche-themenrestaurant/id1643509748?uo=2,https://is1-ssl.mzstatic.com/image/thumb/Purple211/v4/3c/a6/cf/3ca6cfa1-757b-2632-12a1-652d5a949517/AppIcon-0-0-1x_U007emarketing-0-8-0-85-220.png/100x100bb.png,2026-06-30,de,topgrossing,6014,游戏
1,6748950306,Solitaire Associations Journey,Hitapps Games LTD,https://apps.apple.com/de/app/solitaire-associations-journey/id6748950306?uo=2,https://is1-ssl.mzstatic.com/image/thumb/Purple221/v4/40/a7/d8/40a7d82f-e64f-e659-2616-19712300466a/AppIcon-0-0-1x_U007emarketing-0-8-0-85-220.png/100x100bb.png,2026-06-30,de,topgrossing,7019,文字
2,307569751,NYT Games: Wordle & Crossword,The New York Times Company,https://apps.apple.com/de/app/nyt-games-wordle-crossword/id307569751?uo=2,https://is1-ssl.mzstatic.com/image/thumb/Purple221/v4/6f/c6/d8/6fc6d80b-80f1-e130-f877-ddf0de04652a/Release-0-0-1x_U007epad-0-1-0-sRGB-0-85-220.png/100x100bb.png,2026-06-30,de,topgrossing,7019,文字
3,6759077038,Profile Perfect,Lion Studios Plus,https://apps.apple.com/de/app/profile-perfect/id6759077038?uo=2,https://is1-ssl.mzstatic.com/image/thumb/Purple221/v4/9d/7a/c9/9d7ac98c-2b27-aa66-3621-6bc76e1574fe/AppIcon-0-0-1x_U007emarketing-0-8-0-85-220.png/100x100bb.png,2026-06-30,de,topgrossing,7019,文字
4,6754839783,Bubble Word Jam,Lion Studios Plus,https://apps.apple.com/de/app/bubble-word-jam/id6754839783?uo=2,https://is1-ssl.mzstatic.com/image/thumb/Purple221/v4/cf/a2/de/cfa2de64-164c-e3cf-1e2f-f2182d085439/AppIcon-0-0-1x_U007emarketing-0-8-0-85-220.png/100x100bb.png,2026-06-30,de,topgrossing,7019,文字
5,1563168194,Wahrheit oder Pflicht 18 Wwop,Snash UG (haftungsbeschraenkt),https://apps.apple.com/de/app/wahrheit-oder-pflicht-18-wwop/id1563168194?uo=2,https://is1-ssl.mzstatic.com/image/thumb/Purple211/v4/fb/8f/d2/fb8fd267-f43e-3af9-f85a-417d29db7b5e/AppIcon-0-0-1x_U007emarketing-0-7-0-85-220.png/100x100bb.png,2026-06-30,de,topgrossing,7019,文字
6,959394136,Stirnraten - Spielewelt,Michael Rothkegel,https://apps.apple.com/de/app/stirnraten-spielewelt/id959394136?uo=2,https://is1-ssl.mzstatic.com/image/thumb/Purple221/v4/9d/d7/f9/9dd7f9dd-b09c-5dda-970d-57fbd1339183/AppIcon-0-0-1x_U007epad-0-9-0-sRGB-85-220.png/100x100bb.png,2026-06-30,de,topgrossing,7019,文字
7,1215933788,Scrabble® GO - Wort-Spaß!,"Scopely, Inc.",https://apps.apple.com/de/app/scrabble-go-wort-spa%C3%9F/id1215933788?uo=2,https://is1-ssl.mzstatic.com/image/thumb/Purple211/v4/dd/c7/bb/ddc7bbe4-9cf7-e22a-3936-376603918534/AppIcon-0-0-1x_U007emarketing-0-5-85-220.png/100x100bb.png,2026-06-30,de,topgrossing,7019,文字
8,1436049430,Ich hab noch nie: Naked Truth,Vanilla b.v.,https://apps.apple.com/de/app/ich-hab-noch-nie-naked-truth/id1436049430?uo=2,https://is1-ssl.mzstatic.com/image/thumb/Purple211/v4/50/1a/81/501a8182-25cb-7482-127a-ebe9274bd882/AppIcon-0-0-1x_U007epad-0-1-sRGB-85-220.png/100x100bb.png,2026-06-30,de,topgrossing,7019,文字
9,1210440961,Ich Hab Noch Nie 18 Trinkspiel,Boris Mikic,https://apps.apple.com/de/app/ich-hab-noch-nie-18-trinkspiel/id1210440961?uo=2,https://is1-ssl.mzstatic.com/image/thumb/Purple211/v4/2d/6f/02/2d6f02e6-8c2b-d42d-f5a8-39920354e907/AppIcon-0-0-1x_U007epad-0-1-85-220.png/100x100bb.png,2026-06-30,de,topgrossing,7019,文字
10,1660171117,Zen Word® - Relaxende Rätsel,Oakever Games,https://apps.apple.com/de/app/zen-word-relaxende-r%C3%A4tsel/id1660171117?uo=2,https://is1-ssl.mzstatic.com/image/thumb/Purple221/v4/ed/51/84/ed51840c-7bfd-d698-9743-10b3fa693da3/AppIcon-0-0-1x_U007emarketing-0-8-0-85-220.png/100x100bb.png,2026-06-30,de,topgrossing,7019,文字
11,6749012623,Fakeit: Imposter Spiel,smak apps,https://apps.apple.com/de/app/fakeit-imposter-spiel/id6749012623?uo=2,https://is1-ssl.mzstatic.com/image/thumb/Purple221/v4/69/5c/3a/695c3aa2-51a1-0969-4640-d29028de2bae/AppIcon-0-0-1x_U007epad-0-1-85-220.png/100x100bb.png,2026-06-30,de,topgrossing,7019,文字
12,1369521645,Words of Wonders: Wort Kreuz,FUGO BILISIM TEKNOLOJILERI VE YAZILIM TICARET ANONIM SIRKETI,https://apps.apple.com/de/app/words-of-wonders-wort-kreuz/id1369521645?uo=2,https://is1-ssl.mzstatic.com/image/thumb/Purple221/v4/c6/2d/aa/c62daa46-5af1-a339-9580-f239755bf983/AppIcon-0-0-1x_U007emarketing-0-8-0-85-220.png/100x100bb.png,2026-06-30,de,topgrossing,7019,文字
13,1229075980,Wort Guru,ZenLife Games Pte. Ltd.,https://apps.apple.com/de/app/wort-guru/id1229075980?uo=2,https://is1-ssl.mzstatic.com/image/thumb/Purple221/v4/c2/f3/33/c2f333d0-7b9a-248f-9a19-817d2c863c67/AppIcon-1x_U007emarketing-0-14-0-85-220-0.png/100x100bb.png,2026-06-30,de,topgrossing,7019,文字
14,1424246763,Scharade – Wer bin ich?,David Kadlcek,https://apps.apple.com/de/app/scharade-wer-bin-ich/id1424246763?uo=2,https://is1-ssl.mzstatic.com/image/thumb/Purple211/v4/e1/68/d5/e168d5b9-1dfa-79e3-ef5c-96132d6c6525/AppIcon-0-0-1x_U007epad-0-1-0-85-220.png/100x100bb.png,2026-06-30,de,topgrossing,7019,文字
15,6532601126,That’s My Seat – Logikrätsel,ROOFTOP GAMES OYUN TEKNOLOJILERI ANONIM SIRKETI,https://apps.apple.com/de/app/thats-my-seat-logikr%C3%A4tsel/id6532601126?uo=2,https://is1-ssl.mzstatic.com/image/thumb/Purple211/v4/4f/88/fd/4f88fd1f-bcba-2ac7-7ef8-ebaf53eca4c5/AppIcon-0-0-1x_U007emarketing-0-8-0-85-220.png/100x100bb.png,2026-06-30,de,topgrossing,7019,文字
16,1484629542,Hast du? Trinkspiel,Boris Mikic,https://apps.apple.com/de/app/hast-du-trinkspiel/id1484629542?uo=2,https://is1-ssl.mzstatic.com/image/thumb/Purple221/v4/f3/fa/f7/f3faf74e-c04e-6fc2-87bf-df2579f107a3/AppIcon-0-0-1x_U007epad-0-1-85-220.png/100x100bb.png,2026-06-30,de,topgrossing,7019,文字
17,1623343903,Ich Habe Noch Nie・Partyspiel,Snash UG (haftungsbeschraenkt),https://apps.apple.com/de/app/ich-habe-noch-nie-partyspiel/id1623343903?uo=2,https://is1-ssl.mzstatic.com/image/thumb/Purple211/v4/32/5c/d4/325cd4e5-1c25-1e2a-76c4-8deb8fea8c44/AppIcon-0-0-1x_U007emarketing-0-11-0-85-220.png/100x100bb.png,2026-06-30,de,topgrossing,7019,文字
18,595098366,4 Bilder 1 Wort,LOTUM GmbH,https://apps.apple.com/de/app/4-bilder-1-wort/id595098366?uo=2,https://is1-ssl.mzstatic.com/image/thumb/Purple211/v4/53/40/a2/5340a2fd-6edc-c031-becc-65ff4c5d467b/AppIcon-0-0-1x_U007emarketing-0-4-85-220.png/100x100bb.png,2026-06-30,de,topgrossing,7019,文字
19,6473058122,Wer bin ich Scharade ForeHeads,smak apps,https://apps.apple.com/de/app/wer-bin-ich-scharade-foreheads/id6473058122?uo=2,https://is1-ssl.mzstatic.com/image/thumb/Purple221/v4/78/cd/b2/78cdb2ee-390f-ce9c-9300-d18bce6a7873/AppIcon-0-0-1x_U007epad-0-1-0-sRGB-85-220.jpeg/100x100bb.png,2026-06-30,de,topgrossing,7019,文字
20,6753799160,Word Solitaire Now!,Arrowise Studio,https://apps.apple.com/de/app/word-solitaire-now/id6753799160?uo=2,https://is1-ssl.mzstatic.com/image/thumb/Purple211/v4/61/ce/9d/61ce9de8-696c-459f-7d6c-f1441aafeba3/AppIcon-0-0-1x_U007epad-0-11-0-85-220.png/100x100bb.png,2026-06-30,de,topgrossing,7019,文字
21,6479217224,WordPix－Kreuzworträtsel-Spiel,HYPERCELL SIA,https://apps.apple.com/de/app/wordpix-kreuzwortr%C3%A4tsel-spiel/id6479217224?uo=2,https://is1-ssl.mzstatic.com/image/thumb/Purple211/v4/8a/02/18/8a0218b7-58c4-5b73-6efd-e878198554a9/AppIcon-0-0-1x_U007emarketing-0-8-0-85-220.png/100x100bb.png,2026-06-30,de,topgrossing,7019,文字
22,1207472156,Wordscapes,"PeopleFun, Inc.",https://apps.apple.com/de/app/wordscapes/id1207472156?uo=2,https://is1-ssl.mzstatic.com/image/thumb/Purple221/v4/5d/1c/d5/5d1cd573-f1be-43ba-270a-6c0cca56074d/AppIcon-0-0-1x_U007emarketing-0-8-0-85-220.png/100x100bb.png,2026-06-30,de,topgrossing,7019,文字
23,6748455155,Imposter Spiel - Spy Party,Cosmicode Lda,https://apps.apple.com/de/app/imposter-spiel-spy-party/id6748455155?uo=2,https://is1-ssl.mzstatic.com/image/thumb/Purple211/v4/c2/53/0e/c2530e20-f0f5-905a-38fd-140d2484950a/AppIcon-0-0-1x_U007epad-0-1-85-220.png/100x100bb.png,2026-06-30,de,topgrossing,7019,文字
24,1092689152,Codycross: Kreuzworträtsel,Fanatee,https://apps.apple.com/de/app/codycross-kreuzwortr%C3%A4tsel/id1092689152?uo=2,https://is1-ssl.mzstatic.com/image/thumb/Purple211/v4/32/e5/7d/32e57d67-b7a3-021c-9a49-3f28a9dd2a48/AppIcon-0-0-1x_U007emarketing-0-8-0-85-220.png/100x100bb.png,2026-06-30,de,topgrossing,7019,文字
25,6499306754,Code Busters: Word Puzzle Game,Smartronic,https://apps.apple.com/de/app/code-busters-word-puzzle-game/id6499306754?uo=2,https://is1-ssl.mzstatic.com/image/thumb/Purple221/v4/8c/18/0f/8c180f7d-9367-14c2-dfb5-6b3c7fd4d474/AppIcon-0-0-1x_U007emarketing-0-11-0-85-220.png/100x100bb.png,2026-06-30,de,topgrossing,7019,文字
26,6755815731,Word Screw - 3D Words Puzzle,Astrasen Global,https://apps.apple.com/de/app/word-screw-3d-words-puzzle/id6755815731?uo=2,https://is1-ssl.mzstatic.com/image/thumb/Purple221/v4/dd/cf/e2/ddcfe2e2-2d90-a005-ab05-c4e2295b7e88/AppIcon-0-0-1x_U007epad-0-1-85-220.png/100x100bb.png,2026-06-30,de,topgrossing,7019,文字
27,1503437368,Scharade App - Wer bin ich?,artGS,https://apps.apple.com/de/app/scharade-app-wer-bin-ich/id1503437368?uo=2,https://is1-ssl.mzstatic.com/image/thumb/Purple211/v4/40/25/a5/4025a519-cca8-86fe-fd8f-ed367f2feff5/AppIcon-0-0-1x_U007emarketing-0-11-0-sRGB-85-220.png/100x100bb.png,2026-06-30,de,topgrossing,7019,文字
28,1437263404,Würdest du eher?!,Boris Mikic,https://apps.apple.com/de/app/w%C3%BCrdest-du-eher/id1437263404?uo=2,https://is1-ssl.mzstatic.com/image/thumb/Purple211/v4/21/ac/be/21acbeb1-50da-c1ed-3ac0-049edd9ae698/AppIcon-0-0-1x_U007epad-0-1-85-220.png/100x100bb.png,2026-06-30,de,topgrossing,7019,文字
29,1482382774,Wordzee!,MAG Interactive,https://apps.apple.com/de/app/wordzee/id1482382774?uo=2,https://is1-ssl.mzstatic.com/image/thumb/Purple211/v4/54/7e/38/547e3803-c67e-afde-f9c1-ae0986fc4d61/AppIcon-0-0-1x_U007emarketing-0-8-0-85-220.png/100x100bb.png,2026-06-30,de,topgrossing,7019,文字
30,1216673574,Würdest du Eher?,DH3 Games,https://apps.apple.com/de/app/w%C3%BCrdest-du-eher/id1216673574?uo=2,https://is1-ssl.mzstatic.com/image/thumb/Purple221/v4/84/ab/1a/84ab1ab1-54ca-6f09-1442-c99f7ca5f584/AppIcon-0-0-1x_U007emarketing-0-8-0-85-220.png/100x100bb.png,2026-06-30,de,topgrossing,7019,文字
31,1217017696,Wahrheit Oder Pflicht: Exposed,Boris Mikic,https://apps.apple.com/de/app/wahrheit-oder-pflicht-exposed/id1217017696?uo=2,https://is1-ssl.mzstatic.com/image/thumb/Purple211/v4/a1/ec/fc/a1ecfc17-c9f0-9f62-4c7b-e49fedcd663a/AppIcon-0-0-1x_U007epad-0-1-85-220.png/100x100bb.png,2026-06-30,de,topgrossing,7019,文字
32,1467887292,Wer würde eher? Fragen Spiel,Kristian Markovic,https://apps.apple.com/de/app/wer-w%C3%BCrde-eher-fragen-spiel/id1467887292?uo=2,https://is1-ssl.mzstatic.com/image/thumb/Purple211/v4/ef/5b/d1/ef5bd13c-7ff5-1ff8-e460-23df995c4559/AppIcon-0-0-1x_U007epad-0-1-85-220.png/100x100bb.png,2026-06-30,de,topgrossing,7019,文字
33,1469183094,Wer würde eher ► Trinkspiel 18,Teo Braun,https://apps.apple.com/de/app/wer-w%C3%BCrde-eher-trinkspiel-18/id1469183094?uo=2,https://is1-ssl.mzstatic.com/image/thumb/Purple211/v4/ac/19/82/ac198277-2dbb-dbc1-7a47-f4fbbfe3f716/AppIcon-0-0-1x_U007epad-0-1-85-220.png/100x100bb.png,2026-06-30,de,topgrossing,7019,文字
34,1390646086,Ich Hab Noch Nie Party Bomb,Kristian Markovic,https://apps.apple.com/de/app/ich-hab-noch-nie-party-bomb/id1390646086?uo=2,https://is1-ssl.mzstatic.com/image/thumb/Purple211/v4/ab/68/77/ab68777d-47ca-78e4-ade0-cb17caae35ca/AppIcon-0-0-1x_U007epad-0-1-85-220.png/100x100bb.png,2026-06-30,de,topgrossing,7019,文字
35,1636821805,Crostic－Wörter Kreuzworträtsel,Severex,https://apps.apple.com/de/app/crostic-w%C3%B6rter-kreuzwortr%C3%A4tsel/id1636821805?uo=2,https://is1-ssl.mzstatic.com/image/thumb/Purple211/v4/de/b5/37/deb537b0-dc7d-cbaf-9023-4e0a90bb2cc4/AppIcon-0-0-1x_U007emarketing-0-8-0-85-220.png/100x100bb.png,2026-06-30,de,topgrossing,7019,文字
36,6547858927,Kreuzworträtsel-Meister,Easybrain Ltd,https://apps.apple.com/de/app/kreuzwortr%C3%A4tsel-meister/id6547858927?uo=2,https://is1-ssl.mzstatic.com/image/thumb/Purple221/v4/c8/57/cb/c857cb42-7f3c-7ef9-dbad-8eec49c438c9/AppIcon-0-0-1x_U007emarketing-0-8-0-85-220.png/100x100bb.png,2026-06-30,de,topgrossing,7019,文字
37,1441253622,Bomb Party: Das Partyspiel,Dynamite Studios GmbH,https://apps.apple.com/de/app/bomb-party-das-partyspiel/id1441253622?uo=2,https://is1-ssl.mzstatic.com/image/thumb/Purple211/v4/ce/fb/4e/cefb4ef8-d49f-c3c3-ddc3-88a4ebc361b4/AppIcon-0-0-1x_U007epad-0-85-220.png/100x100bb.png,2026-06-30,de,topgrossing,7019,文字
38,1225246161,Wer würde eher...? Trinkspiel,Boris Mikic,https://apps.apple.com/de/app/wer-w%C3%BCrde-eher-trinkspiel/id1225246161?uo=2,https://is1-ssl.mzstatic.com/image/thumb/Purple211/v4/24/3b/ad/243bad1e-2033-ce26-e923-34a0686216c5/AppIcon-0-0-1x_U007epad-0-1-85-220.png/100x100bb.png,2026-06-30,de,topgrossing,7019,文字
39,1196764367,Words With Friends,Zynga Inc.,https://apps.apple.com/de/app/words-with-friends/id1196764367?uo=2,https://is1-ssl.mzstatic.com/image/thumb/Purple221/v4/67/97/e5/6797e52d-a56a-75c6-1c06-ebaaba72e5cb/AppIcon-0-0-1x_U007emarketing-0-8-0-85-220.png/100x100bb.png,2026-06-30,de,topgrossing,7019,文字
40,1418794453,Millionaire-Trivia: TV-Spiel,Uken Inc.,https://apps.apple.com/de/app/millionaire-trivia-tv-spiel/id1418794453?uo=2,https://is1-ssl.mzstatic.com/image/thumb/Purple221/v4/a1/6f/0a/a16f0a7f-3d79-8e0f-40ef-16b7e4481dee/AppIcon-0-0-1x_U007emarketing-0-8-0-85-220.png/100x100bb.png,2026-06-30,de,topgrossing,7019,文字
41,1269540854,Kreuzworträtsel  Crossword Jam,PlaySimple Games Pte Ltd,https://apps.apple.com/de/app/kreuzwortr%C3%A4tsel-crossword-jam/id1269540854?uo=2,https://is1-ssl.mzstatic.com/image/thumb/Purple221/v4/a9/a1/b6/a9a1b64a-953a-4c64-9cba-b8920f63e54d/AppIcon-0-0-1x_U007emarketing-0-8-0-85-220.png/100x100bb.png,2026-06-30,de,topgrossing,7019,文字
42,966016592,Off Limits! Spieleabend,Red Ape Mobile,https://apps.apple.com/de/app/off-limits-spieleabend/id966016592?uo=2,https://is1-ssl.mzstatic.com/image/thumb/Purple221/v4/16/47/94/164794c7-aab4-fa74-5cf4-d422d286b644/AppIcon-1x_U007emarketing-0-8-0-85-220-0.png/100x100bb.png,2026-06-30,de,topgrossing,7019,文字
43,6745120053,Finde den Imposter,Sven Vucak,https://apps.apple.com/de/app/finde-den-imposter/id6745120053?uo=2,https://is1-ssl.mzstatic.com/image/thumb/Purple211/v4/10/69/e0/1069e0bd-1564-9f77-7ea4-a8072e6e90ff/AppIcon-0-0-1x_U007emarketing-0-11-0-0-85-220.png/100x100bb.png,2026-06-30,de,topgrossing,7019,文字
44,6759585687,Imposter Game: Who is SpyParty,"Octopus Internet Technology Co., Limited",https://apps.apple.com/de/app/imposter-game-who-is-spyparty/id6759585687?uo=2,https://is1-ssl.mzstatic.com/image/thumb/Purple211/v4/fc/30/47/fc304787-54f1-957f-ab7f-0c523ae83760/AppIcon-0-0-1x_U007emarketing-0-8-0-85-220.png/100x100bb.png,2026-06-30,de,topgrossing,7019,文字
45,1532016070,5 Sekunden Party Trinkspiel 18,Kristian Markovic,https://apps.apple.com/de/app/5-sekunden-party-trinkspiel-18/id1532016070?uo=2,https://is1-ssl.mzstatic.com/image/thumb/Purple221/v4/59/f1/0f/59f10f0b-86c4-e7a8-d877-0b5b80b1fff4/AppIcon-0-0-1x_U007epad-0-1-85-220.png/100x100bb.png,2026-06-30,de,topgrossing,7019,文字
46,1585131769,Ich Hab Noch Nie: Trinkspiel,OnMobi,https://apps.apple.com/de/app/ich-hab-noch-nie-trinkspiel/id1585131769?uo=2,https://is1-ssl.mzstatic.com/image/thumb/Purple221/v4/ae/69/00/ae690014-a0a9-493d-155f-f1367249ddbe/AppIcon-0-0-1x_U007epad-0-1-85-220.jpeg/100x100bb.png,2026-06-30,de,topgrossing,7019,文字
47,1527438894,Slagalica Kviz,Aparteko,https://apps.apple.com/de/app/slagalica-kviz/id1527438894?uo=2,https://is1-ssl.mzstatic.com/image/thumb/Purple221/v4/5b/5c/2d/5b5c2db3-a555-af08-d4e4-50d86b2cb79d/AppIcon-0-0-1x_U007epad-0-1-85-220.png/100x100bb.png,2026-06-30,de,topgrossing,7019,文字
48,1498057837,Wer würde eher? Das Partyspiel,Vanilla b.v.,https://apps.apple.com/de/app/wer-w%C3%BCrde-eher-das-partyspiel/id1498057837?uo=2,https://is1-ssl.mzstatic.com/image/thumb/Purple211/v4/13/8e/0f/138e0f0e-8506-c97f-1da5-e5c70d8d40e8/AppIcon-0-0-1x_U007emarketing-0-11-0-85-220.png/100x100bb.png,2026-06-30,de,topgrossing,7019,文字
49,1611983535,Imposter Spy Party Spiel,TGTOOLS LTD,https://apps.apple.com/de/app/imposter-spy-party-spiel/id1611983535?uo=2,https://is1-ssl.mzstatic.com/image/thumb/Purple221/v4/03/f6/3b/03f63b16-9228-c968-1b08-3fb4c4be368c/AppIcon-0-0-1x_U007epad-0-1-85-220.png/100x100bb.png,2026-06-30,de,topgrossing,7019,文字
50,1481000967,Ich Hab Noch Nie: Exposed,Teo Braun,https://apps.apple.com/de/app/ich-hab-noch-nie-exposed/id1481000967?uo=2,https://is1-ssl.mzstatic.com/image/thumb/Purple221/v4/56/b0/8f/56b08f59-02a1-6f4a-7699-12a418d682dd/AppIcon-0-0-1x_U007epad-0-1-85-220.png/100x100bb.png,2026-06-30,de,topgrossing,7019,文字
